authority_id,authority_name_he,authority_name_en,district,population,socioeconomic_cluster,year,total_waste_tons,kg_per_capita_day,pct_recycled,pct_landfilled,pct_other_recovery,reported,source_url,source_name
472,אבו גוש,Abu Ghosh,,8657.0,,2014,3185.9399999999996,1.3027765283173174,6.434835558736197,93.56516444126379,,True,https://www.cbs.gov.il/he/publications/Pages/2019/פסולת-שנאספה-ברשויות-המקומיות-2014-2017.aspx,"CBS - Household and Commercial Waste Collected, by Type of Treatment and Local Authority"
473,אבו סנאן,Abu Snan,,13895.0,,2014,,,,,,False,https://www.cbs.gov.il/he/publications/Pages/2019/פסולת-שנאספה-ברשויות-המקומיות-2014-2017.aspx,"CBS - Household and Commercial Waste Collected, by Type of Treatment and Local Authority"
182,אבן יהודה,Even Yehuda,,14989.0,,2014,9659.25,2.061597680842674,31.834894013510368,68.16510598648962,,True,https://www.cbs.gov.il/he/publications/Pages/2019/פסולת-שנאספה-ברשויות-המקומיות-2014-2017.aspx,"CBS - Household and Commercial Waste Collected, by Type of Treatment and Local Authority"
2710,אום אל-פחם,Umm Al-Fahm,,57560.0,,2014,,,,,,False,https://www.cbs.gov.il/he/publications/Pages/2019/פסולת-שנאספה-ברשויות-המקומיות-2014-2017.aspx,"CBS - Household and Commercial Waste Collected, by Type of Treatment and Local Authority"
31,אופקים,Ofaqim,,35355.0,,2014,13056.741000000002,1.420252239277601,23.592083200547513,76.40791679945248,,True,https://www.cbs.gov.il/he/publications/Pages/2019/פסולת-שנאספה-ברשויות-המקומיות-2014-2017.aspx,"CBS - Household and Commercial Waste Collected, by Type of Treatment and Local Authority"
2400,אור יהודה,Or Yehuda,,36850.0,,2014,29963.327,2.29799588078591,5.826145407684534,94.17385459231548,,True,https://www.cbs.gov.il/he/publications/Pages/2019/פסולת-שנאספה-ברשויות-המקומיות-2014-2017.aspx,"CBS - Household and Commercial Waste Collected, by Type of Treatment and Local Authority"
1020,אור עקיבא,Or Aqiva,,22173.0,,2014,13010.47,2.1395632225492935,26.905023415756695,73.09497658424331,,True,https://www.cbs.gov.il/he/publications/Pages/2019/פסולת-שנאספה-ברשויות-המקומיות-2014-2017.aspx,"CBS - Household and Commercial Waste Collected, by Type of Treatment and Local Authority"
3760,אורנית,Oranit,,9979.0,,2014,4975.48,1.734722837209789,16.4325853987957,83.56741460120429,,True,https://www.cbs.gov.il/he/publications/Pages/2019/פסולת-שנאספה-ברשויות-המקומיות-2014-2017.aspx,"CBS - Household and Commercial Waste Collected, by Type of Treatment and Local Authority"
565,אזור,Azor,,13191.0,,2014,9394.219000000001,2.1610064064962105,14.968982519994475,85.03101748000552,,True,https://www.cbs.gov.il/he/publications/Pages/2019/פסולת-שנאספה-ברשויות-המקומיות-2014-2017.aspx,"CBS - Household and Commercial Waste Collected, by Type of Treatment and Local Authority"
2600,אילת,Eilat,,55213.0,,2014,57674.192,3.25494870597398,7.54427907719973,92.45572092280028,,True,https://www.cbs.gov.il/he/publications/Pages/2019/פסולת-שנאספה-ברשויות-המקומיות-2014-2017.aspx,"CBS - Household and Commercial Waste Collected, by Type of Treatment and Local Authority"
478,אכסאל,Iksal,,14646.0,,2014,,,,,,False,https://www.cbs.gov.il/he/publications/Pages/2019/פסולת-שנאספה-ברשויות-המקומיות-2014-2017.aspx,"CBS - Household and Commercial Waste Collected, by Type of Treatment and Local Authority"
,אל קסום,El Kasum,,18954.0,,2014,1560.0,0.5124667389376171,0.0,100.0,,True,https://www.cbs.gov.il/he/publications/Pages/2019/פסולת-שנאספה-ברשויות-המקומיות-2014-2017.aspx,"CBS - Household and Commercial Waste Collected, by Type of Treatment and Local Authority"
,אל-בטוף,El Batuf,,8903.0,,2014,,,,,,False,https://www.cbs.gov.il/he/publications/Pages/2019/פסולת-שנאספה-ברשויות-המקומיות-2014-2017.aspx,"CBS - Household and Commercial Waste Collected, by Type of Treatment and Local Authority"
,אלונה,Allona,,2195.0,,2014,1595.3,1.9871265885459648,49.852692283583025,50.147307716416975,,True,https://www.cbs.gov.il/he/publications/Pages/2019/פסולת-שנאספה-ברשויות-המקומיות-2014-2017.aspx,"CBS - Household and Commercial Waste Collected, by Type of Treatment and Local Authority"
41,אליכין,Elyakhin,,3926.0,,2014,2209.762,1.787464560305115,5.541954291910169,94.45804570808983,,True,https://www.cbs.gov.il/he/publications/Pages/2019/פסולת-שנאספה-ברשויות-המקומיות-2014-2017.aspx,"CBS - Household and Commercial Waste Collected, by Type of Treatment and Local Authority"
1309,אלעד,El'ad,,48825.0,,2014,15033.279999999999,0.9557162231126377,9.966673939419742,90.03332606058026,,True,https://www.cbs.gov.il/he/publications/Pages/2019/פסולת-שנאספה-ברשויות-המקומיות-2014-2017.aspx,"CBS - Household and Commercial Waste Collected, by Type of Treatment and Local Authority"
3750,אלפי מנשה,Alfei Menashe,,8068.0,,2014,4017.2000000000003,1.4488287233937045,14.034651000697004,85.96534899930299,,True,https://www.cbs.gov.il/he/publications/Pages/2019/פסולת-שנאספה-ברשויות-המקומיות-2014-2017.aspx,"CBS - Household and Commercial Waste Collected, by Type of Treatment and Local Authority"
3560,אלקנה,Elqana,,4144.0,,2014,1853.0900000000001,1.311706214729257,7.616467629742753,92.38353237025724,,True,https://www.cbs.gov.il/he/publications/Pages/2019/פסולת-שנאספה-ברשויות-המקומיות-2014-2017.aspx,"CBS - Household and Commercial Waste Collected, by Type of Treatment and Local Authority"
529,אעבלין,I'billin,,13357.0,,2014,4752.0,1.0517998127477606,0.0,100.0,,True,https://www.cbs.gov.il/he/publications/Pages/2019/פסולת-שנאספה-ברשויות-המקומיות-2014-2017.aspx,"CBS - Household and Commercial Waste Collected, by Type of Treatment and Local Authority"
3650,אפרת,Efrat,,12082.0,,2014,,,,,,False,https://www.cbs.gov.il/he/publications/Pages/2019/פסולת-שנאספה-ברשויות-המקומיות-2014-2017.aspx,"CBS - Household and Commercial Waste Collected, by Type of Treatment and Local Authority"
3570,אריאל,Ariel,,21428.0,,2014,7570.401,1.1371377865365961,12.085898752258963,87.91410124774104,,True,https://www.cbs.gov.il/he/publications/Pages/2019/פסולת-שנאספה-ברשויות-המקומיות-2014-2017.aspx,"CBS - Household and Commercial Waste Collected, by Type of Treatment and Local Authority"
70,אשדוד,Ashdod,,227865.0,,2014,127521.398,1.6082716367752274,13.935996843447404,86.0640031565526,,True,https://www.cbs.gov.il/he/publications/Pages/2019/פסולת-שנאספה-ברשויות-המקומיות-2014-2017.aspx,"CBS - Household and Commercial Waste Collected, by Type of Treatment and Local Authority"
,אשכול,Eshkol,,18228.0,,2014,5813.24,1.2827032522455482,9.381515299557563,90.61848470044244,,True,https://www.cbs.gov.il/he/publications/Pages/2019/פסולת-שנאספה-ברשויות-המקומיות-2014-2017.aspx,"CBS - Household and Commercial Waste Collected, by Type of Treatment and Local Authority"
7100,אשקלון,Ashqelon,,152370.0,,2014,96789.74,2.1188932381642176,11.272948713365691,88.72705128663432,,True,https://www.cbs.gov.il/he/publications/Pages/2019/פסולת-שנאספה-ברשויות-המקומיות-2014-2017.aspx,"CBS - Household and Commercial Waste Collected, by Type of Treatment and Local Authority"
6000,באקה אל-גרביה,Baqa Al-Gharbiyye,,29868.0,,2014,,,,,,False,https://www.cbs.gov.il/he/publications/Pages/2019/פסולת-שנאספה-ברשויות-המקומיות-2014-2017.aspx,"CBS - Household and Commercial Waste Collected, by Type of Treatment and Local Authority"
155,באר טוביה,Be'er Toviyya,,1404.0,,2014,43332.58,5.486362459460879,28.18272071499089,71.81727928500912,,True,https://www.cbs.gov.il/he/publications/Pages/2019/פסולת-שנאספה-ברשויות-המקומיות-2014-2017.aspx,"CBS - Household and Commercial Waste Collected, by Type of Treatment and Local Authority"
2530,באר יעקב,Be'er Ya'aqov,,31439.0,,2014,13895.548999999999,2.16731645898346,5.239728203613978,94.76027179638602,,True,https://www.cbs.gov.il/he/publications/Pages/2019/פסולת-שנאספה-ברשויות-המקומיות-2014-2017.aspx,"CBS - Household and Commercial Waste Collected, by Type of Treatment and Local Authority"
9000,באר שבע,Be'er Sheva,,217577.0,,2014,132457.995,1.8125717561302828,19.863106488966558,80.13689351103345,,True,https://www.cbs.gov.il/he/publications/Pages/2019/פסולת-שנאספה-ברשויות-המקומיות-2014-2017.aspx,"CBS - Household and Commercial Waste Collected, by Type of Treatment and Local Authority"
,בוסתן אל-מרג',Bustan El-Marj,,8111.0,,2014,,,,,,False,https://www.cbs.gov.il/he/publications/Pages/2019/פסולת-שנאספה-ברשויות-המקומיות-2014-2017.aspx,"CBS - Household and Commercial Waste Collected, by Type of Treatment and Local Authority"
482,בועיינה-נוג'ידאת,Bu'eine-Nujeidat,,10087.0,,2014,,,,,,False,https://www.cbs.gov.il/he/publications/Pages/2019/פסולת-שנאספה-ברשויות-המקומיות-2014-2017.aspx,"CBS - Household and Commercial Waste Collected, by Type of Treatment and Local Authority"
4001,בוקעאתא,Buq'ata,,6720.0,,2014,2229.0699999999997,0.9842129082820966,13.955147213860492,86.04485278613951,,True,https://www.cbs.gov.il/he/publications/Pages/2019/פסולת-שנאספה-ברשויות-המקומיות-2014-2017.aspx,"CBS - Household and Commercial Waste Collected, by Type of Treatment and Local Authority"
998,ביר אל-מכסור,Bir El-Maksur,,10510.0,,2014,,,,,,False,https://www.cbs.gov.il/he/publications/Pages/2019/פסולת-שנאספה-ברשויות-המקומיות-2014-2017.aspx,"CBS - Household and Commercial Waste Collected, by Type of Treatment and Local Authority"
3574,בית אל,Bet El,,5629.0,,2014,1942.584,0.8953062402566203,2.053141588729239,97.94685841127077,,True,https://www.cbs.gov.il/he/publications/Pages/2019/פסולת-שנאספה-ברשויות-המקומיות-2014-2017.aspx,"CBS - Household and Commercial Waste Collected, by Type of Treatment and Local Authority"
3652,בית אריה-עופרים,Bet Arye,,5373.0,,2014,2295.0,1.4222282815826086,25.22875816993464,74.77124183006536,,True,https://www.cbs.gov.il/he/publications/Pages/2019/פסולת-שנאספה-ברשויות-המקומיות-2014-2017.aspx,"CBS - Household and Commercial Waste Collected, by Type of Treatment and Local Authority"
480,בית ג'ן,Beit Jann,,12038.0,,2014,4033.0,0.9867662485816612,33.820976940243,66.179023059757,,True,https://www.cbs.gov.il/he/publications/Pages/2019/פסולת-שנאספה-ברשויות-המקומיות-2014-2017.aspx,"CBS - Household and Commercial Waste Collected, by Type of Treatment and Local Authority"
466,בית דגן,Bet Dagan,,7616.0,,2014,,,,,,False,https://www.cbs.gov.il/he/publications/Pages/2019/פסולת-שנאספה-ברשויות-המקומיות-2014-2017.aspx,"CBS - Household and Commercial Waste Collected, by Type of Treatment and Local Authority"
9200,בית שאן,Bet She'an,,19825.0,,2014,,,,,,False,https://www.cbs.gov.il/he/publications/Pages/2019/פסולת-שנאספה-ברשויות-המקומיות-2014-2017.aspx,"CBS - Household and Commercial Waste Collected, by Type of Treatment and Local Authority"
2610,בית שמש,Bet Shemesh,,145554.0,,2014,50682.979999999996,1.4453104564900652,3.2306703354854043,96.76932966451459,,True,https://www.cbs.gov.il/he/publications/Pages/2019/פסולת-שנאספה-ברשויות-המקומיות-2014-2017.aspx,"CBS - Household and Commercial Waste Collected, by Type of Treatment and Local Authority"
3780,ביתר עילית,Betar Illit,,65660.0,,2014,15924.64,0.9505572226746299,4.240221442996514,95.75977855700349,,True,https://www.cbs.gov.il/he/publications/Pages/2019/פסולת-שנאספה-ברשויות-המקומיות-2014-2017.aspx,"CBS - Household and Commercial Waste Collected, by Type of Treatment and Local Authority"
6100,בני ברק,Bene Beraq,,216869.0,,2014,83833.30900000001,1.3095591112829421,4.419137266787357,95.58086273321264,,True,https://www.cbs.gov.il/he/publications/Pages/2019/פסולת-שנאספה-ברשויות-המקומיות-2014-2017.aspx,"CBS - Household and Commercial Waste Collected, by Type of Treatment and Local Authority"
1066,"בני עי""ש",Bene Ayish,,6740.0,,2014,2926.824,1.1569320286265992,10.853539536371166,89.14646046362883,,True,https://www.cbs.gov.il/he/publications/Pages/2019/פסולת-שנאספה-ברשויות-המקומיות-2014-2017.aspx,"CBS - Household and Commercial Waste Collected, by Type of Treatment and Local Authority"
,בני שמעון,Bene Shim'on,,11508.0,,2014,7986.177,2.664710386834901,24.80840331988635,75.19159668011365,,True,https://www.cbs.gov.il/he/publications/Pages/2019/פסולת-שנאספה-ברשויות-המקומיות-2014-2017.aspx,"CBS - Household and Commercial Waste Collected, by Type of Treatment and Local Authority"
9800,בנימינה-גבעת עדה,Binyamina-Giv'at Ada,,15268.0,,2014,7688.225,1.4634126610613334,40.870617080015215,59.12938291998478,,True,https://www.cbs.gov.il/he/publications/Pages/2019/פסולת-שנאספה-ברשויות-המקומיות-2014-2017.aspx,"CBS - Household and Commercial Waste Collected, by Type of Treatment and Local Authority"
1326,"בסמ""ה",Basma,,11266.0,,2014,4575.0,1.4619754563879939,4.918032786885246,95.08196721311475,,True,https://www.cbs.gov.il/he/publications/Pages/2019/פסולת-שנאספה-ברשויות-המקומיות-2014-2017.aspx,"CBS - Household and Commercial Waste Collected, by Type of Treatment and Local Authority"
944,בסמת טבעון,Basmat Tab'un,,8043.0,,2014,2541.0,0.9592344244735016,14.915387642660368,85.08461235733962,,True,https://www.cbs.gov.il/he/publications/Pages/2019/פסולת-שנאספה-ברשויות-המקומיות-2014-2017.aspx,"CBS - Household and Commercial Waste Collected, by Type of Treatment and Local Authority"
483,בענה,Bi'ne,,8518.0,,2014,4020.92,1.429378380444037,0.0,100.0,,True,https://www.cbs.gov.il/he/publications/Pages/2019/פסולת-שנאספה-ברשויות-המקומיות-2014-2017.aspx,"CBS - Household and Commercial Waste Collected, by Type of Treatment and Local Authority"
,ברנר,Brenner,,7758.0,,2014,9888.83,3.6385555911236707,38.1261483916702,61.87385160832981,,True,https://www.cbs.gov.il/he/publications/Pages/2019/פסולת-שנאספה-ברשויות-המקומיות-2014-2017.aspx,"CBS - Household and Commercial Waste Collected, by Type of Treatment and Local Authority"
6200,בת ים,Bat Yam,,128152.0,,2014,76756.5,1.6341528829737446,12.251418446646213,87.7485815533538,,True,https://www.cbs.gov.il/he/publications/Pages/2019/פסולת-שנאספה-ברשויות-המקומיות-2014-2017.aspx,"CBS - Household and Commercial Waste Collected, by Type of Treatment and Local Authority"
1292,ג'דיידה-מכר,Judeide-Maker,,19842.0,,2014,8138.5,1.134951658046045,32.36468636726669,67.6353136327333,,True,https://www.cbs.gov.il/he/publications/Pages/2019/פסולת-שנאספה-ברשויות-המקומיות-2014-2017.aspx,"CBS - Household and Commercial Waste Collected, by Type of Treatment and Local Authority"
485,ג'ולס,Julis,,6543.0,,2014,,,,,,False,https://www.cbs.gov.il/he/publications/Pages/2019/פסולת-שנאספה-ברשויות-המקומיות-2014-2017.aspx,"CBS - Household and Commercial Waste Collected, by Type of Treatment and Local Authority"
627,ג'לג'וליה,Jaljulye,,10502.0,,2014,3694.689,1.1054314313026488,32.67092304656765,67.32907695343235,,True,https://www.cbs.gov.il/he/publications/Pages/2019/פסולת-שנאספה-ברשויות-המקומיות-2014-2017.aspx,"CBS - Household and Commercial Waste Collected, by Type of Treatment and Local Authority"
541,ג'סר א-זרקא,Jisr Az-Zarqa,,15418.0,,2014,5724.0,1.1565464641632743,1.9566736547868624,98.04332634521313,,True,https://www.cbs.gov.il/he/publications/Pages/2019/פסולת-שנאספה-ברשויות-המקומיות-2014-2017.aspx,"CBS - Household and Commercial Waste Collected, by Type of Treatment and Local Authority"
487,ג'ש (גוש חלב),Jish(Gush Halav),,3256.0,,2014,,,,,,False,https://www.cbs.gov.il/he/publications/Pages/2019/פסולת-שנאספה-ברשויות-המקומיות-2014-2017.aspx,"CBS - Household and Commercial Waste Collected, by Type of Treatment and Local Authority"
628,ג'ת,Jatt,,12232.0,,2014,4947.375,1.2545191406168283,12.743626670709213,87.25637332929078,,True,https://www.cbs.gov.il/he/publications/Pages/2019/פסולת-שנאספה-ברשויות-המקומיות-2014-2017.aspx,"CBS - Household and Commercial Waste Collected, by Type of Treatment and Local Authority"
3730,גבעת זאב,Giv'at Ze'ev,,22117.0,,2014,6512.606,1.2121849359274135,5.844142882280918,94.1558571177191,,True,https://www.cbs.gov.il/he/publications/Pages/2019/פסולת-שנאספה-ברשויות-המקומיות-2014-2017.aspx,"CBS - Household and Commercial Waste Collected, by Type of Treatment and Local Authority"
681,גבעת שמואל,Giv'at Shemu'el,,27472.0,,2014,10905.08,1.2258711433960823,9.968565109105114,90.03143489089489,,True,https://www.cbs.gov.il/he/publications/Pages/2019/פסולת-שנאספה-ברשויות-המקומיות-2014-2017.aspx,"CBS - Household and Commercial Waste Collected, by Type of Treatment and Local Authority"
6300,גבעתיים,Giv'atayim,,58052.0,,2014,28268.364,1.370644331030975,19.758356019471098,80.24164398052889,,True,https://www.cbs.gov.il/he/publications/Pages/2019/פסולת-שנאספה-ברשויות-המקומיות-2014-2017.aspx,"CBS - Household and Commercial Waste Collected, by Type of Treatment and Local Authority"
2550,גדרה,Gedera,,29260.0,,2014,14077.734999999999,1.5105899142779347,19.09806513618846,80.90193486381155,,True,https://www.cbs.gov.il/he/publications/Pages/2019/פסולת-שנאספה-ברשויות-המקומיות-2014-2017.aspx,"CBS - Household and Commercial Waste Collected, by Type of Treatment and Local Authority"
,גדרות,Gederot,,5008.0,,2014,2625.732,1.4470051898561527,31.09411013766828,68.90588986233172,,True,https://www.cbs.gov.il/he/publications/Pages/2019/פסולת-שנאספה-ברשויות-המקומיות-2014-2017.aspx,"CBS - Household and Commercial Waste Collected, by Type of Treatment and Local Authority"
,גולן,Golan,,20110.0,,2014,11438.806,2.153378535785065,20.83964008131618,79.16035991868382,,True,https://www.cbs.gov.il/he/publications/Pages/2019/פסולת-שנאספה-ברשויות-המקומיות-2014-2017.aspx,"CBS - Household and Commercial Waste Collected, by Type of Treatment and Local Authority"
,גוש עציון,Gush Etzion,,26401.0,,2014,8562.19,1.135515879396885,14.531212224909748,85.46878777509025,,True,https://www.cbs.gov.il/he/publications/Pages/2019/פסולת-שנאספה-ברשויות-המקומיות-2014-2017.aspx,"CBS - Household and Commercial Waste Collected, by Type of Treatment and Local Authority"
370,גזר,Gezer,,396.0,,2014,18718.519,2.0834293600906006,43.07327411960316,56.926725880396845,,True,https://www.cbs.gov.il/he/publications/Pages/2019/פסולת-שנאספה-ברשויות-המקומיות-2014-2017.aspx,"CBS - Household and Commercial Waste Collected, by Type of Treatment and Local Authority"
166,גן יבנה,Gan Yavne,,23688.0,,2014,12950.11,1.6505665569378491,16.602870554767488,83.39712944523251,,True,https://www.cbs.gov.il/he/publications/Pages/2019/פסולת-שנאספה-ברשויות-המקומיות-2014-2017.aspx,"CBS - Household and Commercial Waste Collected, by Type of Treatment and Local Authority"
,גן רווה,Gan Rawe,,5976.0,,2014,,,,,,False,https://www.cbs.gov.il/he/publications/Pages/2019/פסולת-שנאספה-ברשויות-המקומיות-2014-2017.aspx,"CBS - Household and Commercial Waste Collected, by Type of Treatment and Local Authority"
229,גני תקווה,Ganne Tiqwa,,23650.0,,2014,10017.7,1.795659225009489,4.13967277918085,95.86032722081914,,True,https://www.cbs.gov.il/he/publications/Pages/2019/פסולת-שנאספה-ברשויות-המקומיות-2014-2017.aspx,"CBS - Household and Commercial Waste Collected, by Type of Treatment and Local Authority"
494,דאלית אל-כרמל,Daliyat Al-Karmel,,17672.0,,2014,,,,,,False,https://www.cbs.gov.il/he/publications/Pages/2019/פסולת-שנאספה-ברשויות-המקומיות-2014-2017.aspx,"CBS - Household and Commercial Waste Collected, by Type of Treatment and Local Authority"
489,דבורייה,Daburiyya,,10480.0,,2014,,,,,,False,https://www.cbs.gov.il/he/publications/Pages/2019/פסולת-שנאספה-ברשויות-המקומיות-2014-2017.aspx,"CBS - Household and Commercial Waste Collected, by Type of Treatment and Local Authority"
490,דייר אל-אסד,Deir Al-Asad,,12176.0,,2014,4224.0,1.0158980590550875,9.090909090909092,90.9090909090909,,True,https://www.cbs.gov.il/he/publications/Pages/2019/פסולת-שנאספה-ברשויות-המקומיות-2014-2017.aspx,"CBS - Household and Commercial Waste Collected, by Type of Treatment and Local Authority"
492,דייר חנא,Deir Hanna,,10283.0,,2014,5099.0,1.459298340509624,17.630908021180623,82.36909197881937,,True,https://www.cbs.gov.il/he/publications/Pages/2019/פסולת-שנאספה-ברשויות-המקומיות-2014-2017.aspx,"CBS - Household and Commercial Waste Collected, by Type of Treatment and Local Authority"
2200,דימונה,Dimona,,37213.0,,2014,19273.106,1.590740198137805,16.87535989269192,83.1246401073081,,True,https://www.cbs.gov.il/he/publications/Pages/2019/פסולת-שנאספה-ברשויות-המקומיות-2014-2017.aspx,"CBS - Household and Commercial Waste Collected, by Type of Treatment and Local Authority"
,דרום השרון,Derom HaSharon,,34313.0,,2014,23204.284,2.145574783054938,27.57802826409123,72.42197173590877,,True,https://www.cbs.gov.il/he/publications/Pages/2019/פסולת-שנאספה-ברשויות-המקומיות-2014-2017.aspx,"CBS - Household and Commercial Waste Collected, by Type of Treatment and Local Authority"
,הגלבוע,HaGilbo'a,,32947.0,,2014,24669.432,2.4058050770287376,12.28659014119174,87.71340985880826,,True,https://www.cbs.gov.il/he/publications/Pages/2019/פסולת-שנאספה-ברשויות-המקומיות-2014-2017.aspx,"CBS - Household and Commercial Waste Collected, by Type of Treatment and Local Authority"
,הגליל העליון,HaGalil HaElyon,,19674.0,,2014,15795.3,2.5512790072248523,28.60534462783233,71.39465537216768,,True,https://www.cbs.gov.il/he/publications/Pages/2019/פסולת-שנאספה-ברשויות-המקומיות-2014-2017.aspx,"CBS - Household and Commercial Waste Collected, by Type of Treatment and Local Authority"
,הגליל התחתון,HaGalil HaTahton,,12801.0,,2014,7722.82,1.9049618221755749,35.78770449136456,64.21229550863545,,True,https://www.cbs.gov.il/he/publications/Pages/2019/פסולת-שנאספה-ברשויות-המקומיות-2014-2017.aspx,"CBS - Household and Commercial Waste Collected, by Type of Treatment and Local Authority"
9700,הוד השרון,Hod HaSharon,,65020.0,,2014,30941.905000000002,1.590967981941003,35.20794534143906,64.79205465856094,,True,https://www.cbs.gov.il/he/publications/Pages/2019/פסולת-שנאספה-ברשויות-המקומיות-2014-2017.aspx,"CBS - Household and Commercial Waste Collected, by Type of Treatment and Local Authority"
,הערבה התיכונה,HaArava HaTikhona,,6089.0,,2014,2746.637,2.4818710015541985,18.740627174249816,81.25937282575018,,True,https://www.cbs.gov.il/he/publications/Pages/2019/פסולת-שנאספה-ברשויות-המקומיות-2014-2017.aspx,"CBS - Household and Commercial Waste Collected, by Type of Treatment and Local Authority"
3769,הר אדר,Har Adar,,4405.0,,2014,2164.0,1.5732432329276027,25.13863216266174,74.86136783733826,,True,https://www.cbs.gov.il/he/publications/Pages/2019/פסולת-שנאספה-ברשויות-המקומיות-2014-2017.aspx,"CBS - Household and Commercial Waste Collected, by Type of Treatment and Local Authority"
,הר חברון,Har Hevron,,10631.0,,2014,4657.63,1.810532085270474,6.819562738989572,93.18043726101043,,True,https://www.cbs.gov.il/he/publications/Pages/2019/פסולת-שנאספה-ברשויות-המקומיות-2014-2017.aspx,"CBS - Household and Commercial Waste Collected, by Type of Treatment and Local Authority"
6400,הרצלייה,Herzliyya,,105273.0,,2014,71674.0,2.1752947861470258,37.04817730278762,62.95182269721238,,True,https://www.cbs.gov.il/he/publications/Pages/2019/פסולת-שנאספה-ברשויות-המקומיות-2014-2017.aspx,"CBS - Household and Commercial Waste Collected, by Type of Treatment and Local Authority"
,זבולון,Zevulun,,13401.0,,2014,9432.0,2.027945527989873,30.47073791348601,69.529262086514,,True,https://www.cbs.gov.il/he/publications/Pages/2019/פסולת-שנאספה-ברשויות-המקומיות-2014-2017.aspx,"CBS - Household and Commercial Waste Collected, by Type of Treatment and Local Authority"
9300,זכרון יעקב,Zikhron Ya'aqov,,23513.0,,2014,11128.67,1.4030420527962388,38.05500567453253,61.944994325467476,,True,https://www.cbs.gov.il/he/publications/Pages/2019/פסולת-שנאספה-ברשויות-המקומיות-2014-2017.aspx,"CBS - Household and Commercial Waste Collected, by Type of Treatment and Local Authority"
1290,זמר,Zemer,,7482.0,,2014,,,,,,False,https://www.cbs.gov.il/he/publications/Pages/2019/פסולת-שנאספה-ברשויות-המקומיות-2014-2017.aspx,"CBS - Household and Commercial Waste Collected, by Type of Treatment and Local Authority"
975,זרזיר,Zarzir,,8836.0,,2014,,,,,,False,https://www.cbs.gov.il/he/publications/Pages/2019/פסולת-שנאספה-ברשויות-המקומיות-2014-2017.aspx,"CBS - Household and Commercial Waste Collected, by Type of Treatment and Local Authority"
,חבל אילות,Hevel Elot,,4678.0,,2014,4038.8133332103002,3.0930096460643868,36.99015552231043,63.00984447768957,,True,https://www.cbs.gov.il/he/publications/Pages/2019/פסולת-שנאספה-ברשויות-המקומיות-2014-2017.aspx,"CBS - Household and Commercial Waste Collected, by Type of Treatment and Local Authority"
,חבל יבנה,Hevel Yavne,,6388.0,,2014,4483.875,1.9460735114607353,41.45688717905829,58.543112820941715,,True,https://www.cbs.gov.il/he/publications/Pages/2019/פסולת-שנאספה-ברשויות-המקומיות-2014-2017.aspx,"CBS - Household and Commercial Waste Collected, by Type of Treatment and Local Authority"
,חבל מודיעין,Hevel Modi'in,,23646.0,,2014,19079.54,2.313719700288464,39.437743257961145,60.562256742038855,,True,https://www.cbs.gov.il/he/publications/Pages/2019/פסולת-שנאספה-ברשויות-המקומיות-2014-2017.aspx,"CBS - Household and Commercial Waste Collected, by Type of Treatment and Local Authority"
6500,חדרה,Hadera,,103847.0,,2014,,,,,,False,https://www.cbs.gov.il/he/publications/Pages/2019/פסולת-שנאספה-ברשויות-המקומיות-2014-2017.aspx,"CBS - Household and Commercial Waste Collected, by Type of Treatment and Local Authority"
6600,חולון,Holon,,192655.0,,2014,123792.0,1.8151787415929377,11.573445780018094,88.4265542199819,,True,https://www.cbs.gov.il/he/publications/Pages/2019/פסולת-שנאספה-ברשויות-המקומיות-2014-2017.aspx,"CBS - Household and Commercial Waste Collected, by Type of Treatment and Local Authority"
,חוף אשקלון,Hof Ashqelon,,20100.0,,2014,11691.380000000001,2.091627143933119,10.17005691372618,89.82994308627381,,True,https://www.cbs.gov.il/he/publications/Pages/2019/פסולת-שנאספה-ברשויות-המקומיות-2014-2017.aspx,"CBS - Household and Commercial Waste Collected, by Type of Treatment and Local Authority"
,חוף הכרמל,Hof HaKarmel,,34463.0,,2014,22979.55,2.235355544493128,36.14639973367624,63.85360026632376,,True,https://www.cbs.gov.il/he/publications/Pages/2019/פסולת-שנאספה-ברשויות-המקומיות-2014-2017.aspx,"CBS - Household and Commercial Waste Collected, by Type of Treatment and Local Authority"
,חוף השרון,Hof HaSharon,,12534.0,,2014,18475.1,3.6657526309941426,33.15863405340161,66.84136594659839,,True,https://www.cbs.gov.il/he/publications/Pages/2019/פסולת-שנאספה-ברשויות-המקומיות-2014-2017.aspx,"CBS - Household and Commercial Waste Collected, by Type of Treatment and Local Authority"
1303,חורה,Hura,,20671.0,,2014,,,,,,False,https://www.cbs.gov.il/he/publications/Pages/2019/פסולת-שנאספה-ברשויות-המקומיות-2014-2017.aspx,"CBS - Household and Commercial Waste Collected, by Type of Treatment and Local Authority"
496,חורפיש,Hurfeish,,6544.0,,2014,2767.0,1.28119349633399,29.851825081315503,70.14817491868449,,True,https://www.cbs.gov.il/he/publications/Pages/2019/פסולת-שנאספה-ברשויות-המקומיות-2014-2017.aspx,"CBS - Household and Commercial Waste Collected, by Type of Treatment and Local Authority"
4000,חיפה,Haifa,,289507.0,,2014,161829.0,1.6114910788510506,26.358131113706442,73.64186888629355,,True,https://www.cbs.gov.il/he/publications/Pages/2019/פסולת-שנאספה-ברשויות-המקומיות-2014-2017.aspx,"CBS - Household and Commercial Waste Collected, by Type of Treatment and Local Authority"
2034,חצור הגלילית,Hazor HaGelilit,,10638.0,,2014,6363.136,1.9684129526413925,2.489590038622465,97.51040996137753,,True,https://www.cbs.gov.il/he/publications/Pages/2019/פסולת-שנאספה-ברשויות-המקומיות-2014-2017.aspx,"CBS - Household and Commercial Waste Collected, by Type of Treatment and Local Authority"
1247,חריש,Harish,,31733.0,,2014,530.52,1.4674199414990354,48.100448616451786,51.899551383548214,,True,https://www.cbs.gov.il/he/publications/Pages/2019/פסולת-שנאספה-ברשויות-המקומיות-2014-2017.aspx,"CBS - Household and Commercial Waste Collected, by Type of Treatment and Local Authority"
6700,טבריה,Tiberias,,48509.0,,2014,32497.079999999998,2.1129433963122897,4.699745330965121,95.30025466903489,,True,https://www.cbs.gov.il/he/publications/Pages/2019/פסולת-שנאספה-ברשויות-המקומיות-2014-2017.aspx,"CBS - Household and Commercial Waste Collected, by Type of Treatment and Local Authority"
962,טובא-זנגרייה,Tuba-Zangariyye,,6935.0,,2014,2503.91,1.1302458847121302,0.0,100.0,,True,https://www.cbs.gov.il/he/publications/Pages/2019/פסולת-שנאספה-ברשויות-המקומיות-2014-2017.aspx,"CBS - Household and Commercial Waste Collected, by Type of Treatment and Local Authority"
498,טורעאן,Tur'an,,14397.0,,2014,5640.475,1.1956174982114942,39.852760627429426,60.147239372570574,,True,https://www.cbs.gov.il/he/publications/Pages/2019/פסולת-שנאספה-ברשויות-המקומיות-2014-2017.aspx,"CBS - Household and Commercial Waste Collected, by Type of Treatment and Local Authority"
2730,טייבה,Tayibe,,45071.0,,2014,22183.542,1.524202871440652,32.013819073617725,67.98618092638227,,True,https://www.cbs.gov.il/he/publications/Pages/2019/פסולת-שנאספה-ברשויות-המקומיות-2014-2017.aspx,"CBS - Household and Commercial Waste Collected, by Type of Treatment and Local Authority"
2720,טירה,Tire,,26567.0,,2014,13194.342,1.4914135733881022,26.135005444000164,73.86499455599983,,True,https://www.cbs.gov.il/he/publications/Pages/2019/פסולת-שנאספה-ברשויות-המקומיות-2014-2017.aspx,"CBS - Household and Commercial Waste Collected, by Type of Treatment and Local Authority"
2100,טירת כרמל,Tirat Karmel,,29069.0,,2014,9322.284,1.3586458552325473,5.319232926179894,94.6807670738201,,True,https://www.cbs.gov.il/he/publications/Pages/2019/פסולת-שנאספה-ברשויות-המקומיות-2014-2017.aspx,"CBS - Household and Commercial Waste Collected, by Type of Treatment and Local Authority"
8900,טמרה,Tamra,,35349.0,,2014,19627.999,1.7121542194990893,26.516554234591105,73.48344576540889,,True,https://www.cbs.gov.il/he/publications/Pages/2019/פסולת-שנאספה-ברשויות-המקומיות-2014-2017.aspx,"CBS - Household and Commercial Waste Collected, by Type of Treatment and Local Authority"
1295,יאנוח-ג'ת,Yanuh-Jat,,6759.0,,2014,,,,,,False,https://www.cbs.gov.il/he/publications/Pages/2019/פסולת-שנאספה-ברשויות-המקומיות-2014-2017.aspx,"CBS - Household and Commercial Waste Collected, by Type of Treatment and Local Authority"
46,יבנאל,Yavne'el,,4557.0,,2014,2145.956,1.4500755967071932,14.468982588645805,85.5310174113542,,True,https://www.cbs.gov.il/he/publications/Pages/2019/פסולת-שנאספה-ברשויות-המקומיות-2014-2017.aspx,"CBS - Household and Commercial Waste Collected, by Type of Treatment and Local Authority"
2660,יבנה,Yavne,,54981.0,,2014,31329.701,2.253295809210983,18.020283691823295,81.97971630817669,,True,https://www.cbs.gov.il/he/publications/Pages/2019/פסולת-שנאספה-ברשויות-המקומיות-2014-2017.aspx,"CBS - Household and Commercial Waste Collected, by Type of Treatment and Local Authority"
9400,יהוד-מונוסון,Yehud,,30977.0,,2014,,,,,,False,https://www.cbs.gov.il/he/publications/Pages/2019/פסולת-שנאספה-ברשויות-המקומיות-2014-2017.aspx,"CBS - Household and Commercial Waste Collected, by Type of Treatment and Local Authority"
,יואב,Yo'av,,9133.0,,2014,6098.157999999999,2.1571700699523326,36.11644696644463,63.88355303355537,,True,https://www.cbs.gov.il/he/publications/Pages/2019/פסולת-שנאספה-ברשויות-המקומיות-2014-2017.aspx,"CBS - Household and Commercial Waste Collected, by Type of Treatment and Local Authority"
29,יסוד המעלה,Yesud HaMa'ala,,1969.0,,2014,1874.615,3.1240459287404594,39.44463263123361,60.55536736876639,,True,https://www.cbs.gov.il/he/publications/Pages/2019/פסולת-שנאספה-ברשויות-המקומיות-2014-2017.aspx,"CBS - Household and Commercial Waste Collected, by Type of Treatment and Local Authority"
499,יפיע,Yafi,,18113.0,,2014,,,,,,False,https://www.cbs.gov.il/he/publications/Pages/2019/פסולת-שנאספה-ברשויות-המקומיות-2014-2017.aspx,"CBS - Household and Commercial Waste Collected, by Type of Treatment and Local Authority"
240,יקנעם עילית,Yoqne'am Illit,,23729.0,,2014,10173.651,1.3329993514278413,17.80728472010687,82.19271527989312,,True,https://www.cbs.gov.il/he/publications/Pages/2019/פסולת-שנאספה-ברשויות-המקומיות-2014-2017.aspx,"CBS - Household and Commercial Waste Collected, by Type of Treatment and Local Authority"
831,ירוחם,Yeroham,,11403.0,,2014,,,,,,False,https://www.cbs.gov.il/he/publications/Pages/2019/פסולת-שנאספה-ברשויות-המקומיות-2014-2017.aspx,"CBS - Household and Commercial Waste Collected, by Type of Treatment and Local Authority"
3000,ירושלים,Jerusalem,,1005919.0,,2014,431747.7,1.4084783623173545,13.405676509683778,86.59432349031621,,True,https://www.cbs.gov.il/he/publications/Pages/2019/פסולת-שנאספה-ברשויות-המקומיות-2014-2017.aspx,"CBS - Household and Commercial Waste Collected, by Type of Treatment and Local Authority"
502,ירכא,Yirka,,16194.0,,2014,10142.0,1.7444940588814046,4.259514888582134,95.74048511141785,,True,https://www.cbs.gov.il/he/publications/Pages/2019/פסולת-שנאספה-ברשויות-המקומיות-2014-2017.aspx,"CBS - Household and Commercial Waste Collected, by Type of Treatment and Local Authority"
504,כאבול,Kabul,,11993.0,,2014,4811.0,1.0220860668275604,0.0,100.0,,True,https://www.cbs.gov.il/he/publications/Pages/2019/פסולת-שנאספה-ברשויות-המקומיות-2014-2017.aspx,"CBS - Household and Commercial Waste Collected, by Type of Treatment and Local Authority"
505,כאוכב אבו אל-היג'א,Kaokab Abu Al-Hija,,3984.0,,2014,,,,,,False,https://www.cbs.gov.il/he/publications/Pages/2019/פסולת-שנאספה-ברשויות-המקומיות-2014-2017.aspx,"CBS - Household and Commercial Waste Collected, by Type of Treatment and Local Authority"
1224,כוכב יאיר,Kokhav Ya'ir,,9176.0,,2014,6502.0740000000005,1.9455986642489094,33.737758136865246,66.26224186313475,,True,https://www.cbs.gov.il/he/publications/Pages/2019/פסולת-שנאספה-ברשויות-המקומיות-2014-2017.aspx,"CBS - Household and Commercial Waste Collected, by Type of Treatment and Local Authority"
1059,כסיפה,Kuseife,,18867.0,,2014,,,,,,False,https://www.cbs.gov.il/he/publications/Pages/2019/פסולת-שנאספה-ברשויות-המקומיות-2014-2017.aspx,"CBS - Household and Commercial Waste Collected, by Type of Treatment and Local Authority"
1296,כסרא-סמיע,Kisra-Sumei,,8930.0,,2014,3685.2,1.2709514547034724,16.12395528058179,83.87604471941822,,True,https://www.cbs.gov.il/he/publications/Pages/2019/פסולת-שנאספה-ברשויות-המקומיות-2014-2017.aspx,"CBS - Household and Commercial Waste Collected, by Type of Treatment and Local Authority"
978,כעביה-טבאש-חג'אג'רה,Ka'abiyye-Tabbash-Hajajre,,6170.0,,2014,,,,,,False,https://www.cbs.gov.il/he/publications/Pages/2019/פסולת-שנאספה-ברשויות-המקומיות-2014-2017.aspx,"CBS - Household and Commercial Waste Collected, by Type of Treatment and Local Authority"
633,כפר ברא,Kafar Bara,,3710.0,,2014,1350.14,1.1436122116649055,32.451449479313254,67.54855052068675,,True,https://www.cbs.gov.il/he/publications/Pages/2019/פסולת-שנאספה-ברשויות-המקומיות-2014-2017.aspx,"CBS - Household and Commercial Waste Collected, by Type of Treatment and Local Authority"
1263,כפר ורדים,Kefar Weradim,,5656.0,,2014,2744.7000000000003,1.3529553845622997,44.63875833424418,55.36124166575582,,True,https://www.cbs.gov.il/he/publications/Pages/2019/פסולת-שנאספה-ברשויות-המקומיות-2014-2017.aspx,"CBS - Household and Commercial Waste Collected, by Type of Treatment and Local Authority"
507,כפר יאסיף,Kafar Yasif,,10574.0,,2014,,,,,,False,https://www.cbs.gov.il/he/publications/Pages/2019/פסולת-שנאספה-ברשויות-המקומיות-2014-2017.aspx,"CBS - Household and Commercial Waste Collected, by Type of Treatment and Local Authority"
168,כפר יונה,Kefar Yona,,28135.0,,2014,,,,,,False,https://www.cbs.gov.il/he/publications/Pages/2019/פסולת-שנאספה-ברשויות-המקומיות-2014-2017.aspx,"CBS - Household and Commercial Waste Collected, by Type of Treatment and Local Authority"
508,כפר כמא,Kafar Kama,,3412.0,,2014,,,,,,False,https://www.cbs.gov.il/he/publications/Pages/2019/פסולת-שנאספה-ברשויות-המקומיות-2014-2017.aspx,"CBS - Household and Commercial Waste Collected, by Type of Treatment and Local Authority"
509,כפר כנא,Kafar Kanna,,24262.0,,2014,,,,,,False,https://www.cbs.gov.il/he/publications/Pages/2019/פסולת-שנאספה-ברשויות-המקומיות-2014-2017.aspx,"CBS - Household and Commercial Waste Collected, by Type of Treatment and Local Authority"
510,כפר מנדא,Kafar Manda,,21041.0,,2014,9585.7,1.4686383950800759,24.966985071512767,75.03301492848723,,True,https://www.cbs.gov.il/he/publications/Pages/2019/פסולת-שנאספה-ברשויות-המקומיות-2014-2017.aspx,"CBS - Household and Commercial Waste Collected, by Type of Treatment and Local Authority"
6900,כפר סבא,Kefar Sava,,100262.0,,2014,59076.380000000005,1.7420042178664863,39.891577649138284,60.10842235086172,,True,https://www.cbs.gov.il/he/publications/Pages/2019/פסולת-שנאספה-ברשויות-המקומיות-2014-2017.aspx,"CBS - Household and Commercial Waste Collected, by Type of Treatment and Local Authority"
634,כפר קאסם,Kafar Qasem,,26389.0,,2014,10362.43,1.33928762987462,37.780038079871225,62.219961920128775,,True,https://www.cbs.gov.il/he/publications/Pages/2019/פסולת-שנאספה-ברשויות-המקומיות-2014-2017.aspx,"CBS - Household and Commercial Waste Collected, by Type of Treatment and Local Authority"
654,כפר קרע,Kafar Qara,,19890.0,,2014,10329.0,1.640928366065716,12.23738987317262,87.76261012682738,,True,https://www.cbs.gov.il/he/publications/Pages/2019/פסולת-שנאספה-ברשויות-המקומיות-2014-2017.aspx,"CBS - Household and Commercial Waste Collected, by Type of Treatment and Local Authority"
267,כפר שמריהו,Kefar Shemaryahu,,2077.0,,2014,3713.0789999999997,5.560436828686631,30.830720272851725,69.16927972714826,,True,https://www.cbs.gov.il/he/publications/Pages/2019/פסולת-שנאספה-ברשויות-המקומיות-2014-2017.aspx,"CBS - Household and Commercial Waste Collected, by Type of Treatment and Local Authority"
47,כפר תבור,Kefar Tavor,,4363.0,,2014,2084.7,1.6341936621788462,12.72701108073104,87.27298891926895,,True,https://www.cbs.gov.il/he/publications/Pages/2019/פסולת-שנאספה-ברשויות-המקומיות-2014-2017.aspx,"CBS - Household and Commercial Waste Collected, by Type of Treatment and Local Authority"
1139,כרמיאל,Karmi'el,,47450.0,,2014,20993.824,1.287533180981527,13.350707331832448,86.64929266816756,,True,https://www.cbs.gov.il/he/publications/Pages/2019/פסולת-שנאספה-ברשויות-המקומיות-2014-2017.aspx,"CBS - Household and Commercial Waste Collected, by Type of Treatment and Local Authority"
,לב השרון,Lev HaSharon,,23813.0,,2014,20350.847,2.457824342317807,27.452018778383025,72.54798122161698,,True,https://www.cbs.gov.il/he/publications/Pages/2019/פסולת-שנאספה-ברשויות-המקומיות-2014-2017.aspx,"CBS - Household and Commercial Waste Collected, by Type of Treatment and Local Authority"
1271,להבים,Lehavim,,7686.0,,2014,3455.8329999999996,1.4990556707470482,33.75921811036587,66.24078188963412,,True,https://www.cbs.gov.il/he/publications/Pages/2019/פסולת-שנאספה-ברשויות-המקומיות-2014-2017.aspx,"CBS - Household and Commercial Waste Collected, by Type of Treatment and Local Authority"
7000,לוד,Lod,,87430.0,,2014,47307.43,1.802609105023212,14.312360658780237,85.68763934121976,,True,https://www.cbs.gov.il/he/publications/Pages/2019/פסולת-שנאספה-ברשויות-המקומיות-2014-2017.aspx,"CBS - Household and Commercial Waste Collected, by Type of Treatment and Local Authority"
24,לכיש,Lakhish,,1170.0,,2014,,,,,,False,https://www.cbs.gov.il/he/publications/Pages/2019/פסולת-שנאספה-ברשויות-המקומיות-2014-2017.aspx,"CBS - Household and Commercial Waste Collected, by Type of Treatment and Local Authority"
1060,לקיה,Laqye,,17074.0,,2014,,,,,,False,https://www.cbs.gov.il/he/publications/Pages/2019/פסולת-שנאספה-ברשויות-המקומיות-2014-2017.aspx,"CBS - Household and Commercial Waste Collected, by Type of Treatment and Local Authority"
,מבואות החרמון,Mevo'ot HaHermon,,8021.0,,2014,4421.0,1.7896466854496584,1.7869260348337481,98.21307396516626,,True,https://www.cbs.gov.il/he/publications/Pages/2019/פסולת-שנאספה-ברשויות-המקומיות-2014-2017.aspx,"CBS - Household and Commercial Waste Collected, by Type of Treatment and Local Authority"
1015,מבשרת ציון,Mevasseret Ziyyon,,25476.0,,2014,14156.505,1.5863612092715225,13.880671818361948,86.11932818163805,,True,https://www.cbs.gov.il/he/publications/Pages/2019/פסולת-שנאספה-ברשויות-המקומיות-2014-2017.aspx,"CBS - Household and Commercial Waste Collected, by Type of Treatment and Local Authority"
516,מג'ד אל-כרום,Majd Al-Kurum,,14852.0,,2014,5869.4,1.1182967380788955,1.608341568133029,98.39165843186699,,True,https://www.cbs.gov.il/he/publications/Pages/2019/פסולת-שנאספה-ברשויות-המקומיות-2014-2017.aspx,"CBS - Household and Commercial Waste Collected, by Type of Treatment and Local Authority"
4201,מג'דל שמס,Majdal Shams,,11103.0,,2014,3434.15,0.9033730328359387,8.274245446471468,91.72575455352853,,True,https://www.cbs.gov.il/he/publications/Pages/2019/פסולת-שנאספה-ברשויות-המקומיות-2014-2017.aspx,"CBS - Household and Commercial Waste Collected, by Type of Treatment and Local Authority"
481,מגאר,Mughar,,22564.0,,2014,,,,,,False,https://www.cbs.gov.il/he/publications/Pages/2019/פסולת-שנאספה-ברשויות-המקומיות-2014-2017.aspx,"CBS - Household and Commercial Waste Collected, by Type of Treatment and Local Authority"
65,מגדל,Migdal,,2045.0,,2014,2011.847,3.0579248760283475,8.073476760409712,91.92652323959028,,True,https://www.cbs.gov.il/he/publications/Pages/2019/פסולת-שנאספה-ברשויות-המקומיות-2014-2017.aspx,"CBS - Household and Commercial Waste Collected, by Type of Treatment and Local Authority"
874,מגדל העמק,Migdal HaEmeq,,27045.0,,2014,17745.86,1.9612260798930192,25.48121082889192,74.51878917110808,,True,https://www.cbs.gov.il/he/publications/Pages/2019/פסולת-שנאספה-ברשויות-המקומיות-2014-2017.aspx,"CBS - Household and Commercial Waste Collected, by Type of Treatment and Local Authority"
586,מגידו,Megiddo,,953.0,,2014,11753.8,2.889384637130724,23.246099133897125,76.75390086610288,,True,https://www.cbs.gov.il/he/publications/Pages/2019/פסולת-שנאספה-ברשויות-המקומיות-2014-2017.aspx,"CBS - Household and Commercial Waste Collected, by Type of Treatment and Local Authority"
,מגילות ים המלח,Megilot,,2243.0,,2014,1902.3000000000002,4.36863438551367,0.0735951216947905,99.9264048783052,,True,https://www.cbs.gov.il/he/publications/Pages/2019/פסולת-שנאספה-ברשויות-המקומיות-2014-2017.aspx,"CBS - Household and Commercial Waste Collected, by Type of Treatment and Local Authority"
3797,מודיעין עילית,Modi'in Illit,,83133.0,,2014,18566.97,0.8255446616070646,1.8041177424210841,98.19588225757892,,True,https://www.cbs.gov.il/he/publications/Pages/2019/פסולת-שנאספה-ברשויות-המקומיות-2014-2017.aspx,"CBS - Household and Commercial Waste Collected, by Type of Treatment and Local Authority"
1200,מודיעין-מכבים-רעות,Modi'in-Makkabbim-Re'ut,,92307.0,,2014,45886.947,1.4584754056207643,32.71480885402988,67.28519114597012,,True,https://www.cbs.gov.il/he/publications/Pages/2019/פסולת-שנאספה-ברשויות-המקומיות-2014-2017.aspx,"CBS - Household and Commercial Waste Collected, by Type of Treatment and Local Authority"
28,מזכרת בתיה,Mazkeret Batya,,15858.0,,2014,7129.97,1.6951589693722953,29.702789773309007,70.29721022669099,,True,https://www.cbs.gov.il/he/publications/Pages/2019/פסולת-שנאספה-ברשויות-המקומיות-2014-2017.aspx,"CBS - Household and Commercial Waste Collected, by Type of Treatment and Local Authority"
517,מזרעה,Mazra'a,,3772.0,,2014,1834.804,1.4067049878193936,0.3719198344891334,99.62808016551087,,True,https://www.cbs.gov.il/he/publications/Pages/2019/פסולת-שנאספה-ברשויות-המקומיות-2014-2017.aspx,"CBS - Household and Commercial Waste Collected, by Type of Treatment and Local Authority"
,מטה אשר,Matte Asher,,30980.0,,2014,21224.63,2.288321084268017,22.085803144742687,77.91419685525732,,True,https://www.cbs.gov.il/he/publications/Pages/2019/פסולת-שנאספה-ברשויות-המקומיות-2014-2017.aspx,"CBS - Household and Commercial Waste Collected, by Type of Treatment and Local Authority"
,מטה בנימין,Mate Binyamin,,76014.0,,2014,25751.158,1.2616098961619266,8.081803544524096,91.91819645547591,,True,https://www.cbs.gov.il/he/publications/Pages/2019/פסולת-שנאספה-ברשויות-המקומיות-2014-2017.aspx,"CBS - Household and Commercial Waste Collected, by Type of Treatment and Local Authority"
,מטה יהודה,Matte Yehuda,,59780.0,,2014,29239.841,1.5858802198332647,7.005650270122878,92.99434972987713,,True,https://www.cbs.gov.il/he/publications/Pages/2019/פסולת-שנאספה-ברשויות-המקומיות-2014-2017.aspx,"CBS - Household and Commercial Waste Collected, by Type of Treatment and Local Authority"
43,מטולה,Metula,,1873.0,,2014,1241.125,2.156209553426395,6.778124685265384,93.22187531473462,,True,https://www.cbs.gov.il/he/publications/Pages/2019/פסולת-שנאספה-ברשויות-המקומיות-2014-2017.aspx,"CBS - Household and Commercial Waste Collected, by Type of Treatment and Local Authority"
1268,מיתר,Metar,,11207.0,,2014,4516.3240000000005,1.7590973003922243,37.19052043210363,62.80947956789637,,True,https://www.cbs.gov.il/he/publications/Pages/2019/פסולת-שנאספה-ברשויות-המקומיות-2014-2017.aspx,"CBS - Household and Commercial Waste Collected, by Type of Treatment and Local Authority"
,מנשה,Menashe,,21263.0,,2014,9921.01,1.493330182406312,48.83776954160918,51.16223045839082,,True,https://www.cbs.gov.il/he/publications/Pages/2019/פסולת-שנאספה-ברשויות-המקומיות-2014-2017.aspx,"CBS - Household and Commercial Waste Collected, by Type of Treatment and Local Authority"
4203,מסעדה,Mas'ade,,4091.0,,2014,1661.22,1.3337106728887551,0.0,100.0,,True,https://www.cbs.gov.il/he/publications/Pages/2019/פסולת-שנאספה-ברשויות-המקומיות-2014-2017.aspx,"CBS - Household and Commercial Waste Collected, by Type of Treatment and Local Authority"
518,מעיליא,Mi'elya,,3269.0,,2014,1479.463,1.288200631708639,2.6673867477591537,97.33261325224085,,True,https://www.cbs.gov.il/he/publications/Pages/2019/פסולת-שנאספה-ברשויות-המקומיות-2014-2017.aspx,"CBS - Household and Commercial Waste Collected, by Type of Treatment and Local Authority"
3616,מעלה אדומים,Ma'ale Adummim,,36664.0,,2014,22409.95,1.647404633547217,11.673163036954566,88.32683696304542,,True,https://www.cbs.gov.il/he/publications/Pages/2019/פסולת-שנאספה-ברשויות-המקומיות-2014-2017.aspx,"CBS - Household and Commercial Waste Collected, by Type of Treatment and Local Authority"
3608,מעלה אפרים,Ma'ale Efrayim,,1635.0,,2014,416.417,1.0150075561838834,1.2528306961531348,98.74716930384687,,True,https://www.cbs.gov.il/he/publications/Pages/2019/פסולת-שנאספה-ברשויות-המקומיות-2014-2017.aspx,"CBS - Household and Commercial Waste Collected, by Type of Treatment and Local Authority"
,מעלה יוסף,Ma'ale Yosef,,11929.0,,2014,5689.508,1.6284677340874354,1.7226094066481672,98.27739059335184,,True,https://www.cbs.gov.il/he/publications/Pages/2019/פסולת-שנאספה-ברשויות-המקומיות-2014-2017.aspx,"CBS - Household and Commercial Waste Collected, by Type of Treatment and Local Authority"
1327,מעלה עירון,Ma'ale Iron,,14865.0,,2014,,,,,,False,https://www.cbs.gov.il/he/publications/Pages/2019/פסולת-שנאספה-ברשויות-המקומיות-2014-2017.aspx,"CBS - Household and Commercial Waste Collected, by Type of Treatment and Local Authority"
1063,מעלות-תרשיחא,Ma'alot-Tarshiha,,22720.0,,2014,10415.556,1.349974920191773,3.565397756970439,96.43460224302956,,True,https://www.cbs.gov.il/he/publications/Pages/2019/פסולת-שנאספה-ברשויות-המקומיות-2014-2017.aspx,"CBS - Household and Commercial Waste Collected, by Type of Treatment and Local Authority"
99,מצפה רמון,Mizpe Ramon,,5385.0,,2014,,,,,,False,https://www.cbs.gov.il/he/publications/Pages/2019/פסולת-שנאספה-ברשויות-המקומיות-2014-2017.aspx,"CBS - Household and Commercial Waste Collected, by Type of Treatment and Local Authority"
,מרום הגליל,Merom HaGalil,,15541.0,,2014,19009.938,3.6208302223170343,0.7256099414948118,99.2743900585052,,True,https://www.cbs.gov.il/he/publications/Pages/2019/פסולת-שנאספה-ברשויות-המקומיות-2014-2017.aspx,"CBS - Household and Commercial Waste Collected, by Type of Treatment and Local Authority"
,מרחבים,Merhavim,,14544.0,,2014,6069.56,1.3638096864470857,1.9194142573761521,98.08058574262385,,True,https://www.cbs.gov.il/he/publications/Pages/2019/פסולת-שנאספה-ברשויות-המקומיות-2014-2017.aspx,"CBS - Household and Commercial Waste Collected, by Type of Treatment and Local Authority"
,משגב,Misgav,,29181.0,,2014,11274.42,1.2027186573662307,48.76011360229617,51.23988639770383,,True,https://www.cbs.gov.il/he/publications/Pages/2019/פסולת-שנאספה-ברשויות-המקומיות-2014-2017.aspx,"CBS - Household and Commercial Waste Collected, by Type of Treatment and Local Authority"
520,משהד,Meshhed,,8499.0,,2014,2951.0,1.0593463714425204,32.768553032870216,67.23144696712978,,True,https://www.cbs.gov.il/he/publications/Pages/2019/פסולת-שנאספה-ברשויות-המקומיות-2014-2017.aspx,"CBS - Household and Commercial Waste Collected, by Type of Treatment and Local Authority"
9100,נהרייה,Nahariyya,,63318.0,,2014,35107.648,1.7933315369870675,8.316250635758909,91.6837493642411,,True,https://www.cbs.gov.il/he/publications/Pages/2019/פסולת-שנאספה-ברשויות-המקומיות-2014-2017.aspx,"CBS - Household and Commercial Waste Collected, by Type of Treatment and Local Authority"
,נווה מדבר,Neve Midbar,,13096.0,,2014,2160.0,0.8508098942100615,0.0,100.0,,True,https://www.cbs.gov.il/he/publications/Pages/2019/פסולת-שנאספה-ברשויות-המקומיות-2014-2017.aspx,"CBS - Household and Commercial Waste Collected, by Type of Treatment and Local Authority"
1061,נוף הגליל,Nazerat Illit,,43479.0,,2014,,,,,,False,https://www.cbs.gov.il/he/publications/Pages/2019/פסולת-שנאספה-ברשויות-המקומיות-2014-2017.aspx,"CBS - Household and Commercial Waste Collected, by Type of Treatment and Local Authority"
,נחל שורק,Nahal Soreq,,10204.0,,2014,4241.652,1.4658128637186736,40.07051969374197,59.92948030625803,,True,https://www.cbs.gov.il/he/publications/Pages/2019/פסולת-שנאספה-ברשויות-המקומיות-2014-2017.aspx,"CBS - Household and Commercial Waste Collected, by Type of Treatment and Local Authority"
522,נחף,Nahef,,13446.0,,2014,,,,,,False,https://www.cbs.gov.il/he/publications/Pages/2019/פסולת-שנאספה-ברשויות-המקומיות-2014-2017.aspx,"CBS - Household and Commercial Waste Collected, by Type of Treatment and Local Authority"
7200,נס ציונה,Nes Ziyyona,,47620.0,,2014,22698.37,1.3734099331594465,23.854444173744636,76.14555582625536,,True,https://www.cbs.gov.il/he/publications/Pages/2019/פסולת-שנאספה-ברשויות-המקומיות-2014-2017.aspx,"CBS - Household and Commercial Waste Collected, by Type of Treatment and Local Authority"
7300,נצרת,Nazareth,,77295.0,,2014,42563.805,1.5654559833479207,22.979160345274583,77.02083965472542,,True,https://www.cbs.gov.il/he/publications/Pages/2019/פסולת-שנאספה-ברשויות-המקומיות-2014-2017.aspx,"CBS - Household and Commercial Waste Collected, by Type of Treatment and Local Authority"
2500,נשר,Nesher,,22911.0,,2014,13868.3,1.6227270480152651,23.843441517705852,76.15655848229414,,True,https://www.cbs.gov.il/he/publications/Pages/2019/פסולת-שנאספה-ברשויות-המקומיות-2014-2017.aspx,"CBS - Household and Commercial Waste Collected, by Type of Treatment and Local Authority"
246,נתיבות,Netivot,,45024.0,,2014,,,,,,False,https://www.cbs.gov.il/he/publications/Pages/2019/פסולת-שנאספה-ברשויות-המקומיות-2014-2017.aspx,"CBS - Household and Commercial Waste Collected, by Type of Treatment and Local Authority"
7400,נתניה,Netanya,,223920.0,,2014,105953.857,1.4535739881325733,36.390751211633564,63.60924878836644,,True,https://www.cbs.gov.il/he/publications/Pages/2019/פסולת-שנאספה-ברשויות-המקומיות-2014-2017.aspx,"CBS - Household and Commercial Waste Collected, by Type of Treatment and Local Authority"
525,סאג'ור,Sajur,,4155.0,,2014,,,,,,False,https://www.cbs.gov.il/he/publications/Pages/2019/פסולת-שנאספה-ברשויות-המקומיות-2014-2017.aspx,"CBS - Household and Commercial Waste Collected, by Type of Treatment and Local Authority"
587,סביון,Savyon,,4494.0,,2014,,,,,,False,https://www.cbs.gov.il/he/publications/Pages/2019/פסולת-שנאספה-ברשויות-המקומיות-2014-2017.aspx,"CBS - Household and Commercial Waste Collected, by Type of Treatment and Local Authority"
7500,סח'נין,Sakhnin,,32355.0,,2014,14430.0,1.3946044368330204,10.256410256410255,89.74358974358975,,True,https://www.cbs.gov.il/he/publications/Pages/2019/פסולת-שנאספה-ברשויות-המקומיות-2014-2017.aspx,"CBS - Household and Commercial Waste Collected, by Type of Treatment and Local Authority"
4501,ע'ג'ר,Ghajar,,2629.0,,2014,990.0,1.134628223017481,0.0,100.0,,True,https://www.cbs.gov.il/he/publications/Pages/2019/פסולת-שנאספה-ברשויות-המקומיות-2014-2017.aspx,"CBS - Household and Commercial Waste Collected, by Type of Treatment and Local Authority"
666,עומר,Omer,,8250.0,,2014,5015.986,1.8821375603999553,22.61989965681723,77.38010034318278,,True,https://www.cbs.gov.il/he/publications/Pages/2019/פסולת-שנאספה-ברשויות-המקומיות-2014-2017.aspx,"CBS - Household and Commercial Waste Collected, by Type of Treatment and Local Authority"
530,עיילבון,Eilabun,,5777.0,,2014,2724.524,1.388993173626441,3.1023400784871047,96.8976599215129,,True,https://www.cbs.gov.il/he/publications/Pages/2019/פסולת-שנאספה-ברשויות-המקומיות-2014-2017.aspx,"CBS - Household and Commercial Waste Collected, by Type of Treatment and Local Authority"
511,עילוט,Ilut,,8561.0,,2014,2793.0,1.0402467094236743,20.766201217329037,79.23379878267096,,True,https://www.cbs.gov.il/he/publications/Pages/2019/פסולת-שנאספה-ברשויות-המקומיות-2014-2017.aspx,"CBS - Household and Commercial Waste Collected, by Type of Treatment and Local Authority"
532,עין מאהל,Ein Mahel,,13485.0,,2014,,,,,,False,https://www.cbs.gov.il/he/publications/Pages/2019/פסולת-שנאספה-ברשויות-המקומיות-2014-2017.aspx,"CBS - Household and Commercial Waste Collected, by Type of Treatment and Local Authority"
4502,עין קנייא,Ein Qiniyye,,2361.0,,2014,,,,,,False,https://www.cbs.gov.il/he/publications/Pages/2019/פסולת-שנאספה-ברשויות-המקומיות-2014-2017.aspx,"CBS - Household and Commercial Waste Collected, by Type of Treatment and Local Authority"
7600,עכו,Akko,,50555.0,,2014,29405.551,1.6986232629043199,1.8042545776476016,98.1957454223524,,True,https://www.cbs.gov.il/he/publications/Pages/2019/פסולת-שנאספה-ברשויות-המקומיות-2014-2017.aspx,"CBS - Household and Commercial Waste Collected, by Type of Treatment and Local Authority"
3660,עמנואל,Immanu'el,,4860.0,,2014,1036.7,0.8995325328908123,32.82627568245394,67.17372431754607,,True,https://www.cbs.gov.il/he/publications/Pages/2019/פסולת-שנאספה-ברשויות-המקומיות-2014-2017.aspx,"CBS - Household and Commercial Waste Collected, by Type of Treatment and Local Authority"
,עמק הירדן,Emeq HaYarden,,15138.0,,2014,12321.0,2.7538068513266145,23.390958526093662,76.60904147390633,,True,https://www.cbs.gov.il/he/publications/Pages/2019/פסולת-שנאספה-ברשויות-המקומיות-2014-2017.aspx,"CBS - Household and Commercial Waste Collected, by Type of Treatment and Local Authority"
,עמק המעיינות,Emeq HaMa'ayanot,,15012.0,,2014,9754.4,2.2469738564462807,25.95136553760354,74.04863446239645,,True,https://www.cbs.gov.il/he/publications/Pages/2019/פסולת-שנאספה-ברשויות-המקומיות-2014-2017.aspx,"CBS - Household and Commercial Waste Collected, by Type of Treatment and Local Authority"
,עמק חפר,Emeq Hefer,,41826.0,,2014,29954.712,2.0210982283087033,54.89180466832732,45.10819533167269,,True,https://www.cbs.gov.il/he/publications/Pages/2019/פסולת-שנאספה-ברשויות-המקומיות-2014-2017.aspx,"CBS - Household and Commercial Waste Collected, by Type of Treatment and Local Authority"
,עמק יזרעאל,Emeq Yizre'el,,40514.0,,2014,16164.83,1.2469473478369786,17.82728305834333,82.17271694165667,,True,https://www.cbs.gov.il/he/publications/Pages/2019/פסולת-שנאספה-ברשויות-המקומיות-2014-2017.aspx,"CBS - Household and Commercial Waste Collected, by Type of Treatment and Local Authority"
534,עספיא,Isifya,,13060.0,,2014,,,,,,False,https://www.cbs.gov.il/he/publications/Pages/2019/פסולת-שנאספה-ברשויות-המקומיות-2014-2017.aspx,"CBS - Household and Commercial Waste Collected, by Type of Treatment and Local Authority"
7700,עפולה,Afula,,60828.0,,2014,31386.7,1.985934385776203,27.265370363880244,72.73462963611975,,True,https://www.cbs.gov.il/he/publications/Pages/2019/פסולת-שנאספה-ברשויות-המקומיות-2014-2017.aspx,"CBS - Household and Commercial Waste Collected, by Type of Treatment and Local Authority"
531,עראבה,Arrabe,,26119.0,,2014,11711.95,1.3792784665825026,14.617121828559718,85.38287817144028,,True,https://www.cbs.gov.il/he/publications/Pages/2019/פסולת-שנאספה-ברשויות-המקומיות-2014-2017.aspx,"CBS - Household and Commercial Waste Collected, by Type of Treatment and Local Authority"
,ערבות הירדן,Arvot Hayarden,,6294.0,,2014,1630.3,1.101362431874184,0.0,100.0,,True,https://www.cbs.gov.il/he/publications/Pages/2019/פסולת-שנאספה-ברשויות-המקומיות-2014-2017.aspx,"CBS - Household and Commercial Waste Collected, by Type of Treatment and Local Authority"
2560,ערד,Arad,,27586.0,,2014,12195.81,1.379655143059718,23.973889393160437,76.02611060683957,,True,https://www.cbs.gov.il/he/publications/Pages/2019/פסולת-שנאספה-ברשויות-המקומיות-2014-2017.aspx,"CBS - Household and Commercial Waste Collected, by Type of Treatment and Local Authority"
637,ערערה,Ar'ara,,19919.0,,2014,,,,,,False,https://www.cbs.gov.il/he/publications/Pages/2019/פסולת-שנאספה-ברשויות-המקומיות-2014-2017.aspx,"CBS - Household and Commercial Waste Collected, by Type of Treatment and Local Authority"
1192,ערערה-בנגב,Ar'ara-BaNegev,,19543.0,,2014,,,,,,False,https://www.cbs.gov.il/he/publications/Pages/2019/פסולת-שנאספה-ברשויות-המקומיות-2014-2017.aspx,"CBS - Household and Commercial Waste Collected, by Type of Treatment and Local Authority"
537,פוריידיס,Fureidis,,13108.0,,2014,,,,,,False,https://www.cbs.gov.il/he/publications/Pages/2019/פסולת-שנאספה-ברשויות-המקומיות-2014-2017.aspx,"CBS - Household and Commercial Waste Collected, by Type of Treatment and Local Authority"
535,פסוטה,Fassuta,,3358.0,,2014,992.33,0.914775346153137,3.2579887738957805,96.74201122610422,,True,https://www.cbs.gov.il/he/publications/Pages/2019/פסולת-שנאספה-ברשויות-המקומיות-2014-2017.aspx,"CBS - Household and Commercial Waste Collected, by Type of Treatment and Local Authority"
536,פקיעין (בוקייעה),Peqi'in (Buqei'a),,5919.0,,2014,2201.833,1.0873141993659323,1.8999170236798157,98.10008297632018,,True,https://www.cbs.gov.il/he/publications/Pages/2019/פסולת-שנאספה-ברשויות-המקומיות-2014-2017.aspx,"CBS - Household and Commercial Waste Collected, by Type of Treatment and Local Authority"
7800,פרדס חנה-כרכור,Pardes Hanna-Karkur,,44161.0,,2014,24645.010000000002,1.8627907231623517,28.41147153115377,71.58852846884622,,True,https://www.cbs.gov.il/he/publications/Pages/2019/פסולת-שנאספה-ברשויות-המקומיות-2014-2017.aspx,"CBS - Household and Commercial Waste Collected, by Type of Treatment and Local Authority"
171,פרדסייה,Pardesiyya,,7743.0,,2014,3067.4449999999997,1.543143390398382,37.1863880199971,62.81361198000289,,True,https://www.cbs.gov.il/he/publications/Pages/2019/פסולת-שנאספה-ברשויות-המקומיות-2014-2017.aspx,"CBS - Household and Commercial Waste Collected, by Type of Treatment and Local Authority"
7900,פתח תקווה,Petah Tiqwa,,264046.0,,2014,123616.81899999997,1.5232938942001295,9.239559869276368,90.76044013072362,,True,https://www.cbs.gov.il/he/publications/Pages/2019/פסולת-שנאספה-ברשויות-המקומיות-2014-2017.aspx,"CBS - Household and Commercial Waste Collected, by Type of Treatment and Local Authority"
8000,צפת,Zefat,,37801.0,,2014,19096.694,1.5902405613604988,2.4752661376885445,97.52473386231146,,True,https://www.cbs.gov.il/he/publications/Pages/2019/פסולת-שנאספה-ברשויות-המקומיות-2014-2017.aspx,"CBS - Household and Commercial Waste Collected, by Type of Treatment and Local Authority"
3557,קדומים,Qedumim,,4470.0,,2014,1367.49,0.8958746879974844,35.271921549700544,64.72807845029946,,True,https://www.cbs.gov.il/he/publications/Pages/2019/פסולת-שנאספה-ברשויות-המקומיות-2014-2017.aspx,"CBS - Household and Commercial Waste Collected, by Type of Treatment and Local Authority"
195,קדימה-צורן,Qadima- Zoran,,22153.0,,2014,7652.937,1.0970568587762404,35.578458309535286,64.42154169046471,,True,https://www.cbs.gov.il/he/publications/Pages/2019/פסולת-שנאספה-ברשויות-המקומיות-2014-2017.aspx,"CBS - Household and Commercial Waste Collected, by Type of Treatment and Local Authority"
638,קלנסווה,Qalansawe,,23951.0,,2014,8069.364,1.0607099232502082,35.614504439259406,64.38549556074061,,True,https://www.cbs.gov.il/he/publications/Pages/2019/פסולת-שנאספה-ברשויות-המקומיות-2014-2017.aspx,"CBS - Household and Commercial Waste Collected, by Type of Treatment and Local Authority"
4100,קצרין,Qazrin,,7633.0,,2014,3990.2000000000003,1.6116843276604083,9.780963360232569,90.21903663976742,,True,https://www.cbs.gov.il/he/publications/Pages/2019/פסולת-שנאספה-ברשויות-המקומיות-2014-2017.aspx,"CBS - Household and Commercial Waste Collected, by Type of Treatment and Local Authority"
2620,קריית אונו,Qiryat Ono,,41537.0,,2014,,,,,,False,https://www.cbs.gov.il/he/publications/Pages/2019/פסולת-שנאספה-ברשויות-המקומיות-2014-2017.aspx,"CBS - Household and Commercial Waste Collected, by Type of Treatment and Local Authority"
3611,קריית ארבע,Qiryat Arba,,7442.0,,2014,3551.51,1.3786007910968607,3.4213616180159985,96.57863838198399,,True,https://www.cbs.gov.il/he/publications/Pages/2019/פסולת-שנאספה-ברשויות-המקומיות-2014-2017.aspx,"CBS - Household and Commercial Waste Collected, by Type of Treatment and Local Authority"
6800,קריית אתא,Qiryat Atta,,60465.0,,2014,,,,,,False,https://www.cbs.gov.il/he/publications/Pages/2019/פסולת-שנאספה-ברשויות-המקומיות-2014-2017.aspx,"CBS - Household and Commercial Waste Collected, by Type of Treatment and Local Authority"
9500,קריית ביאליק,Qiryat Bialik,,44806.0,,2014,18502.178000000004,1.3061130011243605,12.33546666776203,87.66453333223797,,True,https://www.cbs.gov.il/he/publications/Pages/2019/פסולת-שנאספה-ברשויות-המקומיות-2014-2017.aspx,"CBS - Household and Commercial Waste Collected, by Type of Treatment and Local Authority"
2630,קריית גת,Qiryat Gat,,63386.0,,2014,28070.498,1.5393101413623174,18.36958004806327,81.63041995193673,,True,https://www.cbs.gov.il/he/publications/Pages/2019/פסולת-שנאספה-ברשויות-המקומיות-2014-2017.aspx,"CBS - Household and Commercial Waste Collected, by Type of Treatment and Local Authority"
2300,קריית טבעון,Qiryat Tiv'on,,17944.0,,2014,9706.0,1.5158921914216057,23.006387801359985,76.99361219864002,,True,https://www.cbs.gov.il/he/publications/Pages/2019/פסולת-שנאספה-ברשויות-המקומיות-2014-2017.aspx,"CBS - Household and Commercial Waste Collected, by Type of Treatment and Local Authority"
9600,קריית ים,Qiryat Yam,,38906.0,,2014,19919.0,1.4059487251156375,13.866157939655604,86.13384206034439,,True,https://www.cbs.gov.il/he/publications/Pages/2019/פסולת-שנאספה-ברשויות-המקומיות-2014-2017.aspx,"CBS - Household and Commercial Waste Collected, by Type of Treatment and Local Authority"
1137,קריית יערים,Qiryat Ye'arim,,7161.0,,2014,2201.4,1.60789999379161,4.606159716544017,95.39384028345597,,True,https://www.cbs.gov.il/he/publications/Pages/2019/פסולת-שנאספה-ברשויות-המקומיות-2014-2017.aspx,"CBS - Household and Commercial Waste Collected, by Type of Treatment and Local Authority"
8200,קריית מוצקין,Qiryat Motzkin,,49057.0,,2014,18962.5,1.3182789412195324,16.350692155570204,83.6493078444298,,True,https://www.cbs.gov.il/he/publications/Pages/2019/פסולת-שנאספה-ברשויות-המקומיות-2014-2017.aspx,"CBS - Household and Commercial Waste Collected, by Type of Treatment and Local Authority"
1034,קריית מלאכי,Qiryat Mal'akhi,,26362.0,,2014,14187.08,1.8211456837729991,16.431689960160938,83.56831003983906,,True,https://www.cbs.gov.il/he/publications/Pages/2019/פסולת-שנאספה-ברשויות-המקומיות-2014-2017.aspx,"CBS - Household and Commercial Waste Collected, by Type of Treatment and Local Authority"
469,קריית עקרון,Qiryat Eqron,,11425.0,,2014,6705.678,1.7155402509987119,21.017090292734007,78.98290970726599,,True,https://www.cbs.gov.il/he/publications/Pages/2019/פסולת-שנאספה-ברשויות-המקומיות-2014-2017.aspx,"CBS - Household and Commercial Waste Collected, by Type of Treatment and Local Authority"
2800,קריית שמונה,Qiryat Shemona,,23083.0,,2014,,,,,,False,https://www.cbs.gov.il/he/publications/Pages/2019/פסולת-שנאספה-ברשויות-המקומיות-2014-2017.aspx,"CBS - Household and Commercial Waste Collected, by Type of Treatment and Local Authority"
3640,קרני שומרון,Qarne Shomeron,,10102.0,,2014,3283.002,1.3617753258739227,34.877286093642354,65.12271390635765,,True,https://www.cbs.gov.il/he/publications/Pages/2019/פסולת-שנאספה-ברשויות-המקומיות-2014-2017.aspx,"CBS - Household and Commercial Waste Collected, by Type of Treatment and Local Authority"
543,ראמה,Rame,,8472.0,,2014,3500.0,1.3091734720309114,2.571428571428571,97.42857142857143,,True,https://www.cbs.gov.il/he/publications/Pages/2019/פסולת-שנאספה-ברשויות-המקומיות-2014-2017.aspx,"CBS - Household and Commercial Waste Collected, by Type of Treatment and Local Authority"
2640,ראש העין,Rosh HaAyin,,74572.0,,2014,25124.16,1.646316477164663,28.347853221759458,71.65214677824055,,True,https://www.cbs.gov.il/he/publications/Pages/2019/פסולת-שנאספה-ברשויות-המקומיות-2014-2017.aspx,"CBS - Household and Commercial Waste Collected, by Type of Treatment and Local Authority"
26,ראש פינה,Rosh Pinna,,3352.0,,2014,2968.78,2.826635564071742,19.765021321889797,80.2349786781102,,True,https://www.cbs.gov.il/he/publications/Pages/2019/פסולת-שנאספה-ברשויות-המקומיות-2014-2017.aspx,"CBS - Household and Commercial Waste Collected, by Type of Treatment and Local Authority"
8300,ראשון לציון,Rishon LeZiyyon,,252413.0,,2014,169404.94999999998,1.9406833268240047,21.153531818285128,78.84646818171488,,True,https://www.cbs.gov.il/he/publications/Pages/2019/פסולת-שנאספה-ברשויות-המקומיות-2014-2017.aspx,"CBS - Household and Commercial Waste Collected, by Type of Treatment and Local Authority"
1161,רהט,Rahat,,71355.0,,2014,,,,,,False,https://www.cbs.gov.il/he/publications/Pages/2019/פסולת-שנאספה-ברשויות-המקומיות-2014-2017.aspx,"CBS - Household and Commercial Waste Collected, by Type of Treatment and Local Authority"
8400,רחובות,Rehovot,,150471.0,,2014,73331.89,1.5827231006328464,16.04054934353935,83.95945065646065,,True,https://www.cbs.gov.il/he/publications/Pages/2019/פסולת-שנאספה-ברשויות-המקומיות-2014-2017.aspx,"CBS - Household and Commercial Waste Collected, by Type of Treatment and Local Authority"
542,ריינה,Reine,,17046.0,,2014,7661.68,1.1691166063988996,7.983627611698739,92.01637238830126,,True,https://www.cbs.gov.il/he/publications/Pages/2019/פסולת-שנאספה-ברשויות-המקומיות-2014-2017.aspx,"CBS - Household and Commercial Waste Collected, by Type of Treatment and Local Authority"
922,רכסים,Rekhasim,,13910.0,,2014,,,,,,False,https://www.cbs.gov.il/he/publications/Pages/2019/פסולת-שנאספה-ברשויות-המקומיות-2014-2017.aspx,"CBS - Household and Commercial Waste Collected, by Type of Treatment and Local Authority"
8500,רמלה,Ramla,,81126.0,,2014,44172.93,1.7126846965469031,31.58072149617424,68.41927850382575,,True,https://www.cbs.gov.il/he/publications/Pages/2019/פסולת-שנאספה-ברשויות-המקומיות-2014-2017.aspx,"CBS - Household and Commercial Waste Collected, by Type of Treatment and Local Authority"
8600,רמת גן,Ramat Gan,,165155.0,,2014,90293.28,1.6463715455191337,11.547127316672956,88.45287268332704,,True,https://www.cbs.gov.il/he/publications/Pages/2019/פסולת-שנאספה-ברשויות-המקומיות-2014-2017.aspx,"CBS - Household and Commercial Waste Collected, by Type of Treatment and Local Authority"
2650,רמת השרון,Ramat HaSharon,,48986.0,,2014,33156.84,2.0669797042958593,12.536900380132728,87.46309961986726,,True,https://www.cbs.gov.il/he/publications/Pages/2019/פסולת-שנאספה-ברשויות-המקומיות-2014-2017.aspx,"CBS - Household and Commercial Waste Collected, by Type of Treatment and Local Authority"
122,רמת ישי,Ramat Yishay,,7880.0,,2014,4887.07,1.8083782923706548,32.0345319383598,67.9654680616402,,True,https://www.cbs.gov.il/he/publications/Pages/2019/פסולת-שנאספה-ברשויות-המקומיות-2014-2017.aspx,"CBS - Household and Commercial Waste Collected, by Type of Treatment and Local Authority"
,רמת נגב,Ramat Negev,,8097.0,,2014,3717.39796,1.6508067015488257,26.671451662388062,73.32854833761193,,True,https://www.cbs.gov.il/he/publications/Pages/2019/פסולת-שנאספה-ברשויות-המקומיות-2014-2017.aspx,"CBS - Household and Commercial Waste Collected, by Type of Treatment and Local Authority"
8700,רעננה,Ra'annana,,80155.0,,2014,46640.3,1.8316010010122044,35.631567549951434,64.36843245004857,,True,https://www.cbs.gov.il/he/publications/Pages/2019/פסולת-שנאספה-ברשויות-המקומיות-2014-2017.aspx,"CBS - Household and Commercial Waste Collected, by Type of Treatment and Local Authority"
913,שבלי-אום אל-גנם,Shibli-Umm Al-Ghanam,,6278.0,,2014,2143.0,1.0636291443319437,0.0,100.0,,True,https://www.cbs.gov.il/he/publications/Pages/2019/פסולת-שנאספה-ברשויות-המקומיות-2014-2017.aspx,"CBS - Household and Commercial Waste Collected, by Type of Treatment and Local Authority"
1286,שגב-שלום,Segev-Shalom,,14654.0,,2014,,,,,,False,https://www.cbs.gov.il/he/publications/Pages/2019/פסולת-שנאספה-ברשויות-המקומיות-2014-2017.aspx,"CBS - Household and Commercial Waste Collected, by Type of Treatment and Local Authority"
,שדות דן,Sedot Dan,,,,2014,12700.279999999999,2.438010627188402,30.504130617592683,69.4958693824073,,True,https://www.cbs.gov.il/he/publications/Pages/2019/פסולת-שנאספה-ברשויות-המקומיות-2014-2017.aspx,"CBS - Household and Commercial Waste Collected, by Type of Treatment and Local Authority"
,שדות נגב,Sedot Negev,,11590.0,,2014,6117.89,1.8647541264675334,24.271276534883757,75.72872346511623,,True,https://www.cbs.gov.il/he/publications/Pages/2019/פסולת-שנאספה-ברשויות-המקומיות-2014-2017.aspx,"CBS - Household and Commercial Waste Collected, by Type of Treatment and Local Authority"
1031,שדרות,Sederot,,31108.0,,2014,12182.27,1.505088146458065,18.083015726954006,81.91698427304598,,True,https://www.cbs.gov.il/he/publications/Pages/2019/פסולת-שנאספה-ברשויות-המקומיות-2014-2017.aspx,"CBS - Household and Commercial Waste Collected, by Type of Treatment and Local Authority"
1304,שוהם,Shoham,,21171.0,,2014,9512.404999999999,1.3155338614191379,33.90209941649877,66.09790058350123,,True,https://www.cbs.gov.il/he/publications/Pages/2019/פסולת-שנאספה-ברשויות-המקומיות-2014-2017.aspx,"CBS - Household and Commercial Waste Collected, by Type of Treatment and Local Authority"
,שומרון,Shomron,,51691.0,,2014,18986.100000000002,1.588005627328341,2.6243409652324594,97.37565903476755,,True,https://www.cbs.gov.il/he/publications/Pages/2019/פסולת-שנאספה-ברשויות-המקומיות-2014-2017.aspx,"CBS - Household and Commercial Waste Collected, by Type of Treatment and Local Authority"
812,שלומי,Shelomi,,7497.0,,2014,3553.56,1.5636040828583968,34.15054199169283,65.84945800830717,,True,https://www.cbs.gov.il/he/publications/Pages/2019/פסולת-שנאספה-ברשויות-המקומיות-2014-2017.aspx,"CBS - Household and Commercial Waste Collected, by Type of Treatment and Local Authority"
538,שעב,Sha'ab,,7445.0,,2014,1950.29,0.8309245430328284,0.9331945505540201,99.06680544944598,,True,https://www.cbs.gov.il/he/publications/Pages/2019/פסולת-שנאספה-ברשויות-המקומיות-2014-2017.aspx,"CBS - Household and Commercial Waste Collected, by Type of Treatment and Local Authority"
,שער הנגב,Sha'ar HaNegev,,8917.0,,2014,3662.5299999999997,1.4082280214894796,5.865617482996727,94.13438251700327,,True,https://www.cbs.gov.il/he/publications/Pages/2019/פסולת-שנאספה-ברשויות-המקומיות-2014-2017.aspx,"CBS - Household and Commercial Waste Collected, by Type of Treatment and Local Authority"
692,שפיר,Shafir,,1030.0,,2014,5568.112999999999,1.49208764765151,10.110193525167324,89.88980647483268,,True,https://www.cbs.gov.il/he/publications/Pages/2019/פסולת-שנאספה-ברשויות-המקומיות-2014-2017.aspx,"CBS - Household and Commercial Waste Collected, by Type of Treatment and Local Authority"
8800,שפרעם,Shefar'am,,42713.0,,2014,,,,,,False,https://www.cbs.gov.il/he/publications/Pages/2019/פסולת-שנאספה-ברשויות-המקומיות-2014-2017.aspx,"CBS - Household and Commercial Waste Collected, by Type of Treatment and Local Authority"
5000,תל אביב-יפו,Tel Aviv - Yafo,,492872.0,,2014,393207.9,2.550594670032363,13.062944564440338,86.93705543555966,,True,https://www.cbs.gov.il/he/publications/Pages/2019/פסולת-שנאספה-ברשויות-המקומיות-2014-2017.aspx,"CBS - Household and Commercial Waste Collected, by Type of Treatment and Local Authority"
154,תל מונד,Tel Mond,,14115.0,,2014,6321.976000000001,1.5017542109317055,37.6085894663314,62.39141053366859,,True,https://www.cbs.gov.il/he/publications/Pages/2019/פסולת-שנאספה-ברשויות-המקומיות-2014-2017.aspx,"CBS - Household and Commercial Waste Collected, by Type of Treatment and Local Authority"
1054,תל שבע,Tel Sheva,,22760.0,,2014,,,,,,False,https://www.cbs.gov.il/he/publications/Pages/2019/פסולת-שנאספה-ברשויות-המקומיות-2014-2017.aspx,"CBS - Household and Commercial Waste Collected, by Type of Treatment and Local Authority"
,תמר,Tamar,,1524.0,,2014,14627.128,29.629813891069304,3.3927918043788226,96.60720819562117,,True,https://www.cbs.gov.il/he/publications/Pages/2019/פסולת-שנאספה-ברשויות-המקומיות-2014-2017.aspx,"CBS - Household and Commercial Waste Collected, by Type of Treatment and Local Authority"
472,אבו גוש,Abu Ghosh,,8657.0,,2015,3941.848,1.5676561999773315,2.4205296601999873,97.57947033980001,,True,https://www.cbs.gov.il/he/publications/Pages/2019/פסולת-שנאספה-ברשויות-המקומיות-2014-2017.aspx,"CBS - Household and Commercial Waste Collected, by Type of Treatment and Local Authority"
473,אבו סנאן,Abu Snan,,13895.0,,2015,5391.0,1.1143702288892885,4.322018178445557,95.67798182155445,,True,https://www.cbs.gov.il/he/publications/Pages/2019/פסולת-שנאספה-ברשויות-המקומיות-2014-2017.aspx,"CBS - Household and Commercial Waste Collected, by Type of Treatment and Local Authority"
182,אבן יהודה,Even Yehuda,,14989.0,,2015,9489.838,1.9853809449340278,13.461515359903933,86.53848464009606,,True,https://www.cbs.gov.il/he/publications/Pages/2019/פסולת-שנאספה-ברשויות-המקומיות-2014-2017.aspx,"CBS - Household and Commercial Waste Collected, by Type of Treatment and Local Authority"
2710,אום אל-פחם,Umm Al-Fahm,,57560.0,,2015,,,,,,False,https://www.cbs.gov.il/he/publications/Pages/2019/פסולת-שנאספה-ברשויות-המקומיות-2014-2017.aspx,"CBS - Household and Commercial Waste Collected, by Type of Treatment and Local Authority"
31,אופקים,Ofaqim,,35355.0,,2015,13512.58,1.453561864356185,17.72464991881639,82.2753500811836,,True,https://www.cbs.gov.il/he/publications/Pages/2019/פסולת-שנאספה-ברשויות-המקומיות-2014-2017.aspx,"CBS - Household and Commercial Waste Collected, by Type of Treatment and Local Authority"
2400,אור יהודה,Or Yehuda,,36850.0,,2015,29122.673,2.2137546530569736,7.453550022691943,92.54644997730807,,True,https://www.cbs.gov.il/he/publications/Pages/2019/פסולת-שנאספה-ברשויות-המקומיות-2014-2017.aspx,"CBS - Household and Commercial Waste Collected, by Type of Treatment and Local Authority"
1020,אור עקיבא,Or Aqiva,,22173.0,,2015,11518.1,1.8648173003288255,28.599334959758988,71.40066504024101,,True,https://www.cbs.gov.il/he/publications/Pages/2019/פסולת-שנאספה-ברשויות-המקומיות-2014-2017.aspx,"CBS - Household and Commercial Waste Collected, by Type of Treatment and Local Authority"
3760,אורנית,Oranit,,9979.0,,2015,4815.305,1.5909094288038788,12.726511404781213,87.27348859521878,,True,https://www.cbs.gov.il/he/publications/Pages/2019/פסולת-שנאספה-ברשויות-המקומיות-2014-2017.aspx,"CBS - Household and Commercial Waste Collected, by Type of Treatment and Local Authority"
565,אזור,Azor,,13191.0,,2015,9102.733,2.0604779213077165,22.100318662537944,77.89968133746206,,True,https://www.cbs.gov.il/he/publications/Pages/2019/פסולת-שנאספה-ברשויות-המקומיות-2014-2017.aspx,"CBS - Household and Commercial Waste Collected, by Type of Treatment and Local Authority"
2600,אילת,Eilat,,55213.0,,2015,60578.059,3.363610816981615,7.709159185836574,92.29084081416342,,True,https://www.cbs.gov.il/he/publications/Pages/2019/פסולת-שנאספה-ברשויות-המקומיות-2014-2017.aspx,"CBS - Household and Commercial Waste Collected, by Type of Treatment and Local Authority"
478,אכסאל,Iksal,,14646.0,,2015,5792.4,1.1693319854913526,15.924314619156135,84.07568538084386,,True,https://www.cbs.gov.il/he/publications/Pages/2019/פסולת-שנאספה-ברשויות-המקומיות-2014-2017.aspx,"CBS - Household and Commercial Waste Collected, by Type of Treatment and Local Authority"
,אל קסום,El Kasum,,18954.0,,2015,2618.9100000000003,0.8298746114285173,0.8935014948967318,99.10649850510327,,True,https://www.cbs.gov.il/he/publications/Pages/2019/פסולת-שנאספה-ברשויות-המקומיות-2014-2017.aspx,"CBS - Household and Commercial Waste Collected, by Type of Treatment and Local Authority"
,אל-בטוף,El Batuf,,8903.0,,2015,2313.0,0.8587865972855215,15.261565067012539,84.73843493298746,,True,https://www.cbs.gov.il/he/publications/Pages/2019/פסולת-שנאספה-ברשויות-המקומיות-2014-2017.aspx,"CBS - Household and Commercial Waste Collected, by Type of Treatment and Local Authority"
,אלונה,Allona,,2195.0,,2015,1624.988,1.9844091454460526,48.84762225936438,51.15237774063562,,True,https://www.cbs.gov.il/he/publications/Pages/2019/פסולת-שנאספה-ברשויות-המקומיות-2014-2017.aspx,"CBS - Household and Commercial Waste Collected, by Type of Treatment and Local Authority"
41,אליכין,Elyakhin,,3926.0,,2015,2230.3360000000002,1.7882673658299963,9.410555180923412,90.58944481907659,,True,https://www.cbs.gov.il/he/publications/Pages/2019/פסולת-שנאספה-ברשויות-המקומיות-2014-2017.aspx,"CBS - Household and Commercial Waste Collected, by Type of Treatment and Local Authority"
1309,אלעד,El'ad,,48825.0,,2015,15041.879,0.9312925673376934,6.45849497925093,93.54150502074907,,True,https://www.cbs.gov.il/he/publications/Pages/2019/פסולת-שנאספה-ברשויות-המקומיות-2014-2017.aspx,"CBS - Household and Commercial Waste Collected, by Type of Treatment and Local Authority"
3750,אלפי מנשה,Alfei Menashe,,8068.0,,2015,4253.17,1.5283998620075032,25.154649355657078,74.84535064434293,,True,https://www.cbs.gov.il/he/publications/Pages/2019/פסולת-שנאספה-ברשויות-המקומיות-2014-2017.aspx,"CBS - Household and Commercial Waste Collected, by Type of Treatment and Local Authority"
3560,אלקנה,Elqana,,4144.0,,2015,1962.8400000000001,1.3762364262614046,2.251839171812272,97.74816082818772,,True,https://www.cbs.gov.il/he/publications/Pages/2019/פסולת-שנאספה-ברשויות-המקומיות-2014-2017.aspx,"CBS - Household and Commercial Waste Collected, by Type of Treatment and Local Authority"
529,אעבלין,I'billin,,13357.0,,2015,5430.0,1.1820517523155316,0.0,100.0,,True,https://www.cbs.gov.il/he/publications/Pages/2019/פסולת-שנאספה-ברשויות-המקומיות-2014-2017.aspx,"CBS - Household and Commercial Waste Collected, by Type of Treatment and Local Authority"
3650,אפרת,Efrat,,12082.0,,2015,3096.5380000000005,1.0326414403779025,5.438266864478975,94.56173313552102,,True,https://www.cbs.gov.il/he/publications/Pages/2019/פסולת-שנאספה-ברשויות-המקומיות-2014-2017.aspx,"CBS - Household and Commercial Waste Collected, by Type of Treatment and Local Authority"
3570,אריאל,Ariel,,21428.0,,2015,8512.02,1.256938191701082,13.498368189924365,86.50163181007564,,True,https://www.cbs.gov.il/he/publications/Pages/2019/פסולת-שנאספה-ברשויות-המקומיות-2014-2017.aspx,"CBS - Household and Commercial Waste Collected, by Type of Treatment and Local Authority"
70,אשדוד,Ashdod,,227865.0,,2015,133278.443,1.6668253054000932,11.970182604849306,88.0298173951507,,True,https://www.cbs.gov.il/he/publications/Pages/2019/פסולת-שנאספה-ברשויות-המקומיות-2014-2017.aspx,"CBS - Household and Commercial Waste Collected, by Type of Treatment and Local Authority"
,אשכול,Eshkol,,18228.0,,2015,7164.25799,1.5155081714235248,11.288649726585293,88.71135027341471,,True,https://www.cbs.gov.il/he/publications/Pages/2019/פסולת-שנאספה-ברשויות-המקומיות-2014-2017.aspx,"CBS - Household and Commercial Waste Collected, by Type of Treatment and Local Authority"
7100,אשקלון,Ashqelon,,152370.0,,2015,101232.09999999999,2.154328252121191,13.625628629654035,86.37437137034597,,True,https://www.cbs.gov.il/he/publications/Pages/2019/פסולת-שנאספה-ברשויות-המקומיות-2014-2017.aspx,"CBS - Household and Commercial Waste Collected, by Type of Treatment and Local Authority"
6000,באקה אל-גרביה,Baqa Al-Gharbiyye,,29868.0,,2015,12427.136,1.2237199369289418,0.3887138597340529,99.61128614026595,,True,https://www.cbs.gov.il/he/publications/Pages/2019/פסולת-שנאספה-ברשויות-המקומיות-2014-2017.aspx,"CBS - Household and Commercial Waste Collected, by Type of Treatment and Local Authority"
155,באר טוביה,Be'er Toviyya,,1404.0,,2015,44760.130000000005,5.555552728415745,26.403252180009307,73.59674781999068,,True,https://www.cbs.gov.il/he/publications/Pages/2019/פסולת-שנאספה-ברשויות-המקומיות-2014-2017.aspx,"CBS - Household and Commercial Waste Collected, by Type of Treatment and Local Authority"
2530,באר יעקב,Be'er Ya'aqov,,31439.0,,2015,14791.038000000002,2.250611856422866,8.475794599405397,91.52420540059461,,True,https://www.cbs.gov.il/he/publications/Pages/2019/פסולת-שנאספה-ברשויות-המקומיות-2014-2017.aspx,"CBS - Household and Commercial Waste Collected, by Type of Treatment and Local Authority"
9000,באר שבע,Be'er Sheva,,217577.0,,2015,140318.55299999999,1.8998769034422152,22.994128937461323,77.00587106253867,,True,https://www.cbs.gov.il/he/publications/Pages/2019/פסולת-שנאספה-ברשויות-המקומיות-2014-2017.aspx,"CBS - Household and Commercial Waste Collected, by Type of Treatment and Local Authority"
,בוסתן אל-מרג',Bustan El-Marj,,8111.0,,2015,3006.0,1.1133725075511915,15.236194278110446,84.76380572188955,,True,https://www.cbs.gov.il/he/publications/Pages/2019/פסולת-שנאספה-ברשויות-המקומיות-2014-2017.aspx,"CBS - Household and Commercial Waste Collected, by Type of Treatment and Local Authority"
482,בועיינה-נוג'ידאת,Bu'eine-Nujeidat,,10087.0,,2015,1992.766,0.606154421751119,19.910315611567036,80.08968438843296,,True,https://www.cbs.gov.il/he/publications/Pages/2019/פסולת-שנאספה-ברשויות-המקומיות-2014-2017.aspx,"CBS - Household and Commercial Waste Collected, by Type of Treatment and Local Authority"
4001,בוקעאתא,Buq'ata,,6720.0,,2015,2130.0,0.9285729076865565,2.8169014084507045,97.1830985915493,,True,https://www.cbs.gov.il/he/publications/Pages/2019/פסולת-שנאספה-ברשויות-המקומיות-2014-2017.aspx,"CBS - Household and Commercial Waste Collected, by Type of Treatment and Local Authority"
998,ביר אל-מכסור,Bir El-Maksur,,10510.0,,2015,2508.129,0.7990681203988445,17.06965630555685,82.93034369444315,,True,https://www.cbs.gov.il/he/publications/Pages/2019/פסולת-שנאספה-ברשויות-המקומיות-2014-2017.aspx,"CBS - Household and Commercial Waste Collected, by Type of Treatment and Local Authority"
3574,בית אל,Bet El,,5629.0,,2015,2224.641,1.012779469809749,1.9275469615097445,98.07245303849027,,True,https://www.cbs.gov.il/he/publications/Pages/2019/פסולת-שנאספה-ברשויות-המקומיות-2014-2017.aspx,"CBS - Household and Commercial Waste Collected, by Type of Treatment and Local Authority"
3652,בית אריה-עופרים,Bet Arye,,5373.0,,2015,2534.0,1.502535602948741,25.21704814522494,74.78295185477506,,True,https://www.cbs.gov.il/he/publications/Pages/2019/פסולת-שנאספה-ברשויות-המקומיות-2014-2017.aspx,"CBS - Household and Commercial Waste Collected, by Type of Treatment and Local Authority"
480,בית ג'ן,Beit Jann,,12038.0,,2015,4984.666666666667,1.204500000402735,1.003076100040123,98.99692389995988,,True,https://www.cbs.gov.il/he/publications/Pages/2019/פסולת-שנאספה-ברשויות-המקומיות-2014-2017.aspx,"CBS - Household and Commercial Waste Collected, by Type of Treatment and Local Authority"
466,בית דגן,Bet Dagan,,7616.0,,2015,4187.647,1.6183095393824747,21.301150741693366,78.69884925830664,,True,https://www.cbs.gov.il/he/publications/Pages/2019/פסולת-שנאספה-ברשויות-המקומיות-2014-2017.aspx,"CBS - Household and Commercial Waste Collected, by Type of Treatment and Local Authority"
9200,בית שאן,Bet She'an,,19825.0,,2015,12321.61,1.9512071912859579,2.011993562529572,97.98800643747043,,True,https://www.cbs.gov.il/he/publications/Pages/2019/פסולת-שנאספה-ברשויות-המקומיות-2014-2017.aspx,"CBS - Household and Commercial Waste Collected, by Type of Treatment and Local Authority"
2610,בית שמש,Bet Shemesh,,145554.0,,2015,53792.58,1.4591630925124435,5.086441940505548,94.91355805949445,,True,https://www.cbs.gov.il/he/publications/Pages/2019/פסולת-שנאספה-ברשויות-המקומיות-2014-2017.aspx,"CBS - Household and Commercial Waste Collected, by Type of Treatment and Local Authority"
3780,ביתר עילית,Betar Illit,,65660.0,,2015,16689.430000000004,0.9504841498222624,3.0831490350479305,96.91685096495208,,True,https://www.cbs.gov.il/he/publications/Pages/2019/פסולת-שנאספה-ברשויות-המקומיות-2014-2017.aspx,"CBS - Household and Commercial Waste Collected, by Type of Treatment and Local Authority"
6100,בני ברק,Bene Beraq,,216869.0,,2015,83608.38,1.268740143258424,5.0776967571910845,94.92230324280891,,True,https://www.cbs.gov.il/he/publications/Pages/2019/פסולת-שנאספה-ברשויות-המקומיות-2014-2017.aspx,"CBS - Household and Commercial Waste Collected, by Type of Treatment and Local Authority"
1066,"בני עי""ש",Bene Ayish,,6740.0,,2015,3069.466,1.2143676376044705,14.542464389571347,85.45753561042865,,True,https://www.cbs.gov.il/he/publications/Pages/2019/פסולת-שנאספה-ברשויות-המקומיות-2014-2017.aspx,"CBS - Household and Commercial Waste Collected, by Type of Treatment and Local Authority"
,בני שמעון,Bene Shim'on,,11508.0,,2015,9127.2575,2.8719633549450845,21.59158980668618,78.40841019331381,,True,https://www.cbs.gov.il/he/publications/Pages/2019/פסולת-שנאספה-ברשויות-המקומיות-2014-2017.aspx,"CBS - Household and Commercial Waste Collected, by Type of Treatment and Local Authority"
9800,בנימינה-גבעת עדה,Binyamina-Giv'at Ada,,15268.0,,2015,8084.151,1.5119881833709654,40.105027726473686,59.894972273526314,,True,https://www.cbs.gov.il/he/publications/Pages/2019/פסולת-שנאספה-ברשויות-המקומיות-2014-2017.aspx,"CBS - Household and Commercial Waste Collected, by Type of Treatment and Local Authority"
1326,"בסמ""ה",Basma,,11266.0,,2015,3811.0,1.1882435291238147,5.457885069535555,94.54211493046445,,True,https://www.cbs.gov.il/he/publications/Pages/2019/פסולת-שנאספה-ברשויות-המקומיות-2014-2017.aspx,"CBS - Household and Commercial Waste Collected, by Type of Treatment and Local Authority"
944,בסמת טבעון,Basmat Tab'un,,8043.0,,2015,2549.0,0.9420060219647423,0.0,100.0,,True,https://www.cbs.gov.il/he/publications/Pages/2019/פסולת-שנאספה-ברשויות-המקומיות-2014-2017.aspx,"CBS - Household and Commercial Waste Collected, by Type of Treatment and Local Authority"
483,בענה,Bi'ne,,8518.0,,2015,4020.29,1.4059858502278442,0.0,100.0,,True,https://www.cbs.gov.il/he/publications/Pages/2019/פסולת-שנאספה-ברשויות-המקומיות-2014-2017.aspx,"CBS - Household and Commercial Waste Collected, by Type of Treatment and Local Authority"
,ברנר,Brenner,,7758.0,,2015,6531.84,2.347252368152482,43.89727856163041,56.1027214383696,,True,https://www.cbs.gov.il/he/publications/Pages/2019/פסולת-שנאספה-ברשויות-המקומיות-2014-2017.aspx,"CBS - Household and Commercial Waste Collected, by Type of Treatment and Local Authority"
6200,בת ים,Bat Yam,,128152.0,,2015,79701.40000000001,1.696711630509107,18.68657263235024,81.31342736764977,,True,https://www.cbs.gov.il/he/publications/Pages/2019/פסולת-שנאספה-ברשויות-המקומיות-2014-2017.aspx,"CBS - Household and Commercial Waste Collected, by Type of Treatment and Local Authority"
1292,ג'דיידה-מכר,Judeide-Maker,,19842.0,,2015,8361.03,1.1505817221783774,10.907747012030814,89.09225298796919,,True,https://www.cbs.gov.il/he/publications/Pages/2019/פסולת-שנאספה-ברשויות-המקומיות-2014-2017.aspx,"CBS - Household and Commercial Waste Collected, by Type of Treatment and Local Authority"
485,ג'ולס,Julis,,6543.0,,2015,2231.2129999999997,1.005578603185906,1.359932915414172,98.64006708458584,,True,https://www.cbs.gov.il/he/publications/Pages/2019/פסולת-שנאספה-ברשויות-המקומיות-2014-2017.aspx,"CBS - Household and Commercial Waste Collected, by Type of Treatment and Local Authority"
627,ג'לג'וליה,Jaljulye,,10502.0,,2015,3929.862,1.1588359924098,35.52267229739874,64.47732770260126,,True,https://www.cbs.gov.il/he/publications/Pages/2019/פסולת-שנאספה-ברשויות-המקומיות-2014-2017.aspx,"CBS - Household and Commercial Waste Collected, by Type of Treatment and Local Authority"
541,ג'סר א-זרקא,Jisr Az-Zarqa,,15418.0,,2015,5800.0,1.1493136813904317,3.620689655172414,96.37931034482759,,True,https://www.cbs.gov.il/he/publications/Pages/2019/פסולת-שנאספה-ברשויות-המקומיות-2014-2017.aspx,"CBS - Household and Commercial Waste Collected, by Type of Treatment and Local Authority"
487,ג'ש (גוש חלב),Jish(Gush Halav),,3256.0,,2015,1121.24,1.0075075142534942,1.5375833898184152,98.46241661018158,,True,https://www.cbs.gov.il/he/publications/Pages/2019/פסולת-שנאספה-ברשויות-המקומיות-2014-2017.aspx,"CBS - Household and Commercial Waste Collected, by Type of Treatment and Local Authority"
628,ג'ת,Jatt,,12232.0,,2015,5553.67,1.379218115171804,17.85864122283103,82.14135877716899,,True,https://www.cbs.gov.il/he/publications/Pages/2019/פסולת-שנאספה-ברשויות-המקומיות-2014-2017.aspx,"CBS - Household and Commercial Waste Collected, by Type of Treatment and Local Authority"
3730,גבעת זאב,Giv'at Ze'ev,,22117.0,,2015,7026.930000000001,1.2335797913496704,4.286217452002509,95.7137825479975,,True,https://www.cbs.gov.il/he/publications/Pages/2019/פסולת-שנאספה-ברשויות-המקומיות-2014-2017.aspx,"CBS - Household and Commercial Waste Collected, by Type of Treatment and Local Authority"
681,גבעת שמואל,Giv'at Shemu'el,,27472.0,,2015,12226.214,1.3409854963100512,14.208028748719759,85.79197125128024,,True,https://www.cbs.gov.il/he/publications/Pages/2019/פסולת-שנאספה-ברשויות-המקומיות-2014-2017.aspx,"CBS - Household and Commercial Waste Collected, by Type of Treatment and Local Authority"
6300,גבעתיים,Giv'atayim,,58052.0,,2015,29509.178334,1.41392930846582,24.098191598261533,75.90180840173846,,True,https://www.cbs.gov.il/he/publications/Pages/2019/פסולת-שנאספה-ברשויות-המקומיות-2014-2017.aspx,"CBS - Household and Commercial Waste Collected, by Type of Treatment and Local Authority"
2550,גדרה,Gedera,,29260.0,,2015,15243.124000000002,1.6044713895016556,27.76457109448168,72.23542890551832,,True,https://www.cbs.gov.il/he/publications/Pages/2019/פסולת-שנאספה-ברשויות-המקומיות-2014-2017.aspx,"CBS - Household and Commercial Waste Collected, by Type of Treatment and Local Authority"
,גדרות,Gederot,,5008.0,,2015,2640.0389999999998,1.4371117746162991,29.915315644958273,70.08468435504173,,True,https://www.cbs.gov.il/he/publications/Pages/2019/פסולת-שנאספה-ברשויות-המקומיות-2014-2017.aspx,"CBS - Household and Commercial Waste Collected, by Type of Treatment and Local Authority"
,גולן,Golan,,20110.0,,2015,10957.618999999999,1.9586282154691068,22.702185575169203,77.2978144248308,,True,https://www.cbs.gov.il/he/publications/Pages/2019/פסולת-שנאספה-ברשויות-המקומיות-2014-2017.aspx,"CBS - Household and Commercial Waste Collected, by Type of Treatment and Local Authority"
,גוש עציון,Gush Etzion,,26401.0,,2015,9996.05,1.2629499576270786,15.466609310677718,84.53339068932229,,True,https://www.cbs.gov.il/he/publications/Pages/2019/פסולת-שנאספה-ברשויות-המקומיות-2014-2017.aspx,"CBS - Household and Commercial Waste Collected, by Type of Treatment and Local Authority"
370,גזר,Gezer,,396.0,,2015,19124.872099999997,2.0863625811505013,22.452755121954517,77.54724487804549,,True,https://www.cbs.gov.il/he/publications/Pages/2019/פסולת-שנאספה-ברשויות-המקומיות-2014-2017.aspx,"CBS - Household and Commercial Waste Collected, by Type of Treatment and Local Authority"
166,גן יבנה,Gan Yavne,,23688.0,,2015,13331.86,1.6522581066933453,27.952063703039187,72.04793629696081,,True,https://www.cbs.gov.il/he/publications/Pages/2019/פסולת-שנאספה-ברשויות-המקומיות-2014-2017.aspx,"CBS - Household and Commercial Waste Collected, by Type of Treatment and Local Authority"
,גן רווה,Gan Rawe,,5976.0,,2015,4626.558999999999,2.241468454392403,32.699892079621165,67.30010792037884,,True,https://www.cbs.gov.il/he/publications/Pages/2019/פסולת-שנאספה-ברשויות-המקומיות-2014-2017.aspx,"CBS - Household and Commercial Waste Collected, by Type of Treatment and Local Authority"
229,גני תקווה,Ganne Tiqwa,,23650.0,,2015,10231.28,1.7705779054157245,7.255006216231008,92.74499378376898,,True,https://www.cbs.gov.il/he/publications/Pages/2019/פסולת-שנאספה-ברשויות-המקומיות-2014-2017.aspx,"CBS - Household and Commercial Waste Collected, by Type of Treatment and Local Authority"
494,דאלית אל-כרמל,Daliyat Al-Karmel,,17672.0,,2015,13769.44,2.263152747656424,15.109619563322838,84.89038043667716,,True,https://www.cbs.gov.il/he/publications/Pages/2019/פסולת-שנאספה-ברשויות-המקומיות-2014-2017.aspx,"CBS - Household and Commercial Waste Collected, by Type of Treatment and Local Authority"
489,דבורייה,Daburiyya,,10480.0,,2015,4320.0,1.2083941434842171,2.7777777777777777,97.22222222222221,,True,https://www.cbs.gov.il/he/publications/Pages/2019/פסולת-שנאספה-ברשויות-המקומיות-2014-2017.aspx,"CBS - Household and Commercial Waste Collected, by Type of Treatment and Local Authority"
490,דייר אל-אסד,Deir Al-Asad,,12176.0,,2015,4256.0,1.0053693716677652,3.9473684210526314,96.05263157894737,,True,https://www.cbs.gov.il/he/publications/Pages/2019/פסולת-שנאספה-ברשויות-המקומיות-2014-2017.aspx,"CBS - Household and Commercial Waste Collected, by Type of Treatment and Local Authority"
492,דייר חנא,Deir Hanna,,10283.0,,2015,4411.5,1.2427434445388938,3.6608863198458574,96.33911368015414,,True,https://www.cbs.gov.il/he/publications/Pages/2019/פסולת-שנאספה-ברשויות-המקומיות-2014-2017.aspx,"CBS - Household and Commercial Waste Collected, by Type of Treatment and Local Authority"
2200,דימונה,Dimona,,37213.0,,2015,20377.16,1.6800937619681109,21.29820838625206,78.70179161374794,,True,https://www.cbs.gov.il/he/publications/Pages/2019/פסולת-שנאספה-ברשויות-המקומיות-2014-2017.aspx,"CBS - Household and Commercial Waste Collected, by Type of Treatment and Local Authority"
,דרום השרון,Derom HaSharon,,34313.0,,2015,28163.82,2.5172052354521184,27.406864551754694,72.5931354482453,,True,https://www.cbs.gov.il/he/publications/Pages/2019/פסולת-שנאספה-ברשויות-המקומיות-2014-2017.aspx,"CBS - Household and Commercial Waste Collected, by Type of Treatment and Local Authority"
,הגלבוע,HaGilbo'a,,32947.0,,2015,25607.949999999997,2.4540046913477904,10.792546845803745,89.20745315419626,,True,https://www.cbs.gov.il/he/publications/Pages/2019/פסולת-שנאספה-ברשויות-המקומיות-2014-2017.aspx,"CBS - Household and Commercial Waste Collected, by Type of Treatment and Local Authority"
,הגליל העליון,HaGalil HaElyon,,19674.0,,2015,16731.5,2.665487775978907,27.689687117114424,72.31031288288557,,True,https://www.cbs.gov.il/he/publications/Pages/2019/פסולת-שנאספה-ברשויות-המקומיות-2014-2017.aspx,"CBS - Household and Commercial Waste Collected, by Type of Treatment and Local Authority"
,הגליל התחתון,HaGalil HaTahton,,12801.0,,2015,8349.95,2.0051341346713785,19.189935269073466,80.81006473092654,,True,https://www.cbs.gov.il/he/publications/Pages/2019/פסולת-שנאספה-ברשויות-המקומיות-2014-2017.aspx,"CBS - Household and Commercial Waste Collected, by Type of Treatment and Local Authority"
9700,הוד השרון,Hod HaSharon,,65020.0,,2015,34644.545,1.713465445916754,22.336009897084804,77.66399010291519,,True,https://www.cbs.gov.il/he/publications/Pages/2019/פסולת-שנאספה-ברשויות-המקומיות-2014-2017.aspx,"CBS - Household and Commercial Waste Collected, by Type of Treatment and Local Authority"
,הערבה התיכונה,HaArava HaTikhona,,6089.0,,2015,2710.4700000000003,2.382783637246736,19.19039871313831,80.80960128686169,,True,https://www.cbs.gov.il/he/publications/Pages/2019/פסולת-שנאספה-ברשויות-המקומיות-2014-2017.aspx,"CBS - Household and Commercial Waste Collected, by Type of Treatment and Local Authority"
3769,הר אדר,Har Adar,,4405.0,,2015,1529.92,1.0975547640313215,34.15372372411628,65.84627627588371,,True,https://www.cbs.gov.il/he/publications/Pages/2019/פסולת-שנאספה-ברשויות-המקומיות-2014-2017.aspx,"CBS - Household and Commercial Waste Collected, by Type of Treatment and Local Authority"
,הר חברון,Har Hevron,,10631.0,,2015,3018.202,1.1281100375637743,11.669265344069084,88.33073465593091,,True,https://www.cbs.gov.il/he/publications/Pages/2019/פסולת-שנאספה-ברשויות-המקומיות-2014-2017.aspx,"CBS - Household and Commercial Waste Collected, by Type of Treatment and Local Authority"
6400,הרצלייה,Herzliyya,,105273.0,,2015,75554.43,2.266538611993741,38.165386199062056,61.834613800937944,,True,https://www.cbs.gov.il/he/publications/Pages/2019/פסולת-שנאספה-ברשויות-המקומיות-2014-2017.aspx,"CBS - Household and Commercial Waste Collected, by Type of Treatment and Local Authority"
,זבולון,Zevulun,,13401.0,,2015,8558.73,1.8272803695667836,25.631489718684904,74.36851028131511,,True,https://www.cbs.gov.il/he/publications/Pages/2019/פסולת-שנאספה-ברשויות-המקומיות-2014-2017.aspx,"CBS - Household and Commercial Waste Collected, by Type of Treatment and Local Authority"
9300,זכרון יעקב,Zikhron Ya'aqov,,23513.0,,2015,13406.73,1.6485241741074312,43.61237975255711,56.3876202474429,,True,https://www.cbs.gov.il/he/publications/Pages/2019/פסולת-שנאספה-ברשויות-המקומיות-2014-2017.aspx,"CBS - Household and Commercial Waste Collected, by Type of Treatment and Local Authority"
1290,זמר,Zemer,,7482.0,,2015,1957.0,0.8334593246722273,33.78436382217681,66.21563617782319,,True,https://www.cbs.gov.il/he/publications/Pages/2019/פסולת-שנאספה-ברשויות-המקומיות-2014-2017.aspx,"CBS - Household and Commercial Waste Collected, by Type of Treatment and Local Authority"
975,זרזיר,Zarzir,,8836.0,,2015,,,,,,False,https://www.cbs.gov.il/he/publications/Pages/2019/פסולת-שנאספה-ברשויות-המקומיות-2014-2017.aspx,"CBS - Household and Commercial Waste Collected, by Type of Treatment and Local Authority"
,חבל אילות,Hevel Elot,,4678.0,,2015,3705.616,2.702974601368404,32.738573019978325,67.26142698002167,,True,https://www.cbs.gov.il/he/publications/Pages/2019/פסולת-שנאספה-ברשויות-המקומיות-2014-2017.aspx,"CBS - Household and Commercial Waste Collected, by Type of Treatment and Local Authority"
,חבל יבנה,Hevel Yavne,,6388.0,,2015,5663.509,2.3860469035366187,32.532993237937816,67.46700676206217,,True,https://www.cbs.gov.il/he/publications/Pages/2019/פסולת-שנאספה-ברשויות-המקומיות-2014-2017.aspx,"CBS - Household and Commercial Waste Collected, by Type of Treatment and Local Authority"
,חבל מודיעין,Hevel Modi'in,,23646.0,,2015,18306.535,2.1856839853121937,30.228385655723493,69.77161434427651,,True,https://www.cbs.gov.il/he/publications/Pages/2019/פסולת-שנאספה-ברשויות-המקומיות-2014-2017.aspx,"CBS - Household and Commercial Waste Collected, by Type of Treatment and Local Authority"
6500,חדרה,Hadera,,103847.0,,2015,59972.0,1.8718774309190784,21.340900753685055,78.65909924631495,,True,https://www.cbs.gov.il/he/publications/Pages/2019/פסולת-שנאספה-ברשויות-המקומיות-2014-2017.aspx,"CBS - Household and Commercial Waste Collected, by Type of Treatment and Local Authority"
6600,חולון,Holon,,192655.0,,2015,128427.0,1.8709510401917877,16.422559119188332,83.57744088081166,,True,https://www.cbs.gov.il/he/publications/Pages/2019/פסולת-שנאספה-ברשויות-המקומיות-2014-2017.aspx,"CBS - Household and Commercial Waste Collected, by Type of Treatment and Local Authority"
,חוף אשקלון,Hof Ashqelon,,20100.0,,2015,9964.64,1.7322028845305566,11.33146807109941,88.66853192890059,,True,https://www.cbs.gov.il/he/publications/Pages/2019/פסולת-שנאספה-ברשויות-המקומיות-2014-2017.aspx,"CBS - Household and Commercial Waste Collected, by Type of Treatment and Local Authority"
,חוף הכרמל,Hof HaKarmel,,34463.0,,2015,25517.0,2.4167590500603553,38.02562997217541,61.97437002782459,,True,https://www.cbs.gov.il/he/publications/Pages/2019/פסולת-שנאספה-ברשויות-המקומיות-2014-2017.aspx,"CBS - Household and Commercial Waste Collected, by Type of Treatment and Local Authority"
,חוף השרון,Hof HaSharon,,12534.0,,2015,19161.6,3.625269956948784,19.21911687959252,80.78088312040748,,True,https://www.cbs.gov.il/he/publications/Pages/2019/פסולת-שנאספה-ברשויות-המקומיות-2014-2017.aspx,"CBS - Household and Commercial Waste Collected, by Type of Treatment and Local Authority"
1303,חורה,Hura,,20671.0,,2015,4860.0,0.6978364557087438,1.2345679012345678,98.76543209876543,,True,https://www.cbs.gov.il/he/publications/Pages/2019/פסולת-שנאספה-ברשויות-המקומיות-2014-2017.aspx,"CBS - Household and Commercial Waste Collected, by Type of Treatment and Local Authority"
496,חורפיש,Hurfeish,,6544.0,,2015,2838.0,1.291907030946818,29.245947850599013,70.75405214940098,,True,https://www.cbs.gov.il/he/publications/Pages/2019/פסולת-שנאספה-ברשויות-המקומיות-2014-2017.aspx,"CBS - Household and Commercial Waste Collected, by Type of Treatment and Local Authority"
4000,חיפה,Haifa,,289507.0,,2015,163579.34,1.6121448869568522,24.32337916267421,75.67662083732579,,True,https://www.cbs.gov.il/he/publications/Pages/2019/פסולת-שנאספה-ברשויות-המקומיות-2014-2017.aspx,"CBS - Household and Commercial Waste Collected, by Type of Treatment and Local Authority"
2034,חצור הגלילית,Hazor HaGelilit,,10638.0,,2015,7205.722,2.233982585672631,1.612982016236541,98.38701798376346,,True,https://www.cbs.gov.il/he/publications/Pages/2019/פסולת-שנאספה-ברשויות-המקומיות-2014-2017.aspx,"CBS - Household and Commercial Waste Collected, by Type of Treatment and Local Authority"
1247,חריש,Harish,,31733.0,,2015,,,,,,False,https://www.cbs.gov.il/he/publications/Pages/2019/פסולת-שנאספה-ברשויות-המקומיות-2014-2017.aspx,"CBS - Household and Commercial Waste Collected, by Type of Treatment and Local Authority"
6700,טבריה,Tiberias,,48509.0,,2015,33786.867,2.1806068057505206,9.305899833802288,90.69410016619771,,True,https://www.cbs.gov.il/he/publications/Pages/2019/פסולת-שנאספה-ברשויות-המקומיות-2014-2017.aspx,"CBS - Household and Commercial Waste Collected, by Type of Treatment and Local Authority"
962,טובא-זנגרייה,Tuba-Zangariyye,,6935.0,,2015,2568.94,1.1370261358355278,0.0,100.0,,True,https://www.cbs.gov.il/he/publications/Pages/2019/פסולת-שנאספה-ברשויות-המקומיות-2014-2017.aspx,"CBS - Household and Commercial Waste Collected, by Type of Treatment and Local Authority"
498,טורעאן,Tur'an,,14397.0,,2015,5626.8200000000015,1.1697799601987675,21.425600961111243,78.57439903888876,,True,https://www.cbs.gov.il/he/publications/Pages/2019/פסולת-שנאספה-ברשויות-המקומיות-2014-2017.aspx,"CBS - Household and Commercial Waste Collected, by Type of Treatment and Local Authority"
2730,טייבה,Tayibe,,45071.0,,2015,21684.86,1.4645591781801224,28.484666260238704,71.51533373976129,,True,https://www.cbs.gov.il/he/publications/Pages/2019/פסולת-שנאספה-ברשויות-המקומיות-2014-2017.aspx,"CBS - Household and Commercial Waste Collected, by Type of Treatment and Local Authority"
2720,טירה,Tire,,26567.0,,2015,14976.747,1.6644903377743274,5.914148112403849,94.08585188759615,,True,https://www.cbs.gov.il/he/publications/Pages/2019/פסולת-שנאספה-ברשויות-המקומיות-2014-2017.aspx,"CBS - Household and Commercial Waste Collected, by Type of Treatment and Local Authority"
2100,טירת כרמל,Tirat Karmel,,29069.0,,2015,10561.417,1.5149418346123504,9.13098119314861,90.86901880685139,,True,https://www.cbs.gov.il/he/publications/Pages/2019/פסולת-שנאספה-ברשויות-המקומיות-2014-2017.aspx,"CBS - Household and Commercial Waste Collected, by Type of Treatment and Local Authority"
8900,טמרה,Tamra,,35349.0,,2015,15316.886,1.3101694135992354,4.497559099153705,95.5024409008463,,True,https://www.cbs.gov.il/he/publications/Pages/2019/פסולת-שנאספה-ברשויות-המקומיות-2014-2017.aspx,"CBS - Household and Commercial Waste Collected, by Type of Treatment and Local Authority"
1295,יאנוח-ג'ת,Yanuh-Jat,,6759.0,,2015,3021.546,1.3316509642368024,1.1102263543232505,98.88977364567675,,True,https://www.cbs.gov.il/he/publications/Pages/2019/פסולת-שנאספה-ברשויות-המקומיות-2014-2017.aspx,"CBS - Household and Commercial Waste Collected, by Type of Treatment and Local Authority"
46,יבנאל,Yavne'el,,4557.0,,2015,1891.6100000000001,1.2683536834764886,13.120146330374652,86.87985366962535,,True,https://www.cbs.gov.il/he/publications/Pages/2019/פסולת-שנאספה-ברשויות-המקומיות-2014-2017.aspx,"CBS - Household and Commercial Waste Collected, by Type of Treatment and Local Authority"
2660,יבנה,Yavne,,54981.0,,2015,27754.18,1.8547417936695,19.572475209139668,80.42752479086033,,True,https://www.cbs.gov.il/he/publications/Pages/2019/פסולת-שנאספה-ברשויות-המקומיות-2014-2017.aspx,"CBS - Household and Commercial Waste Collected, by Type of Treatment and Local Authority"
9400,יהוד-מונוסון,Yehud,,30977.0,,2015,18632.265,1.7716760271357725,14.239626797922849,85.76037320207715,,True,https://www.cbs.gov.il/he/publications/Pages/2019/פסולת-שנאספה-ברשויות-המקומיות-2014-2017.aspx,"CBS - Household and Commercial Waste Collected, by Type of Treatment and Local Authority"
,יואב,Yo'av,,9133.0,,2015,6107.647,2.114256042966049,45.94317582532194,54.05682417467806,,True,https://www.cbs.gov.il/he/publications/Pages/2019/פסולת-שנאספה-ברשויות-המקומיות-2014-2017.aspx,"CBS - Household and Commercial Waste Collected, by Type of Treatment and Local Authority"
29,יסוד המעלה,Yesud HaMa'ala,,1969.0,,2015,1630.94,2.713010787567266,41.8740113063632,58.1259886936368,,True,https://www.cbs.gov.il/he/publications/Pages/2019/פסולת-שנאספה-ברשויות-המקומיות-2014-2017.aspx,"CBS - Household and Commercial Waste Collected, by Type of Treatment and Local Authority"
499,יפיע,Yafi,,18113.0,,2015,11840.946,1.794101755624681,15.893544316476065,84.10645568352393,,True,https://www.cbs.gov.il/he/publications/Pages/2019/פסולת-שנאספה-ברשויות-המקומיות-2014-2017.aspx,"CBS - Household and Commercial Waste Collected, by Type of Treatment and Local Authority"
240,יקנעם עילית,Yoqne'am Illit,,23729.0,,2015,12670.96,1.6358390737746902,17.939209025993296,82.06079097400671,,True,https://www.cbs.gov.il/he/publications/Pages/2019/פסולת-שנאספה-ברשויות-המקומיות-2014-2017.aspx,"CBS - Household and Commercial Waste Collected, by Type of Treatment and Local Authority"
831,ירוחם,Yeroham,,11403.0,,2015,6785.4400000000005,2.0612314641692504,2.025513452333231,97.97448654766677,,True,https://www.cbs.gov.il/he/publications/Pages/2019/פסולת-שנאספה-ברשויות-המקומיות-2014-2017.aspx,"CBS - Household and Commercial Waste Collected, by Type of Treatment and Local Authority"
3000,ירושלים,Jerusalem,,1005919.0,,2015,430172.75,1.3740073359934557,26.77104721300919,73.2289527869908,,True,https://www.cbs.gov.il/he/publications/Pages/2019/פסולת-שנאספה-ברשויות-המקומיות-2014-2017.aspx,"CBS - Household and Commercial Waste Collected, by Type of Treatment and Local Authority"
502,ירכא,Yirka,,16194.0,,2015,10553.846,1.7907132331295266,1.450049583819965,98.54995041618004,,True,https://www.cbs.gov.il/he/publications/Pages/2019/פסולת-שנאספה-ברשויות-המקומיות-2014-2017.aspx,"CBS - Household and Commercial Waste Collected, by Type of Treatment and Local Authority"
504,כאבול,Kabul,,11993.0,,2015,5521.0,1.1547026525638593,0.0,100.0,,True,https://www.cbs.gov.il/he/publications/Pages/2019/פסולת-שנאספה-ברשויות-המקומיות-2014-2017.aspx,"CBS - Household and Commercial Waste Collected, by Type of Treatment and Local Authority"
505,כאוכב אבו אל-היג'א,Kaokab Abu Al-Hija,,3984.0,,2015,1218.987,1.0126411191506683,4.898083408600748,95.10191659139923,,True,https://www.cbs.gov.il/he/publications/Pages/2019/פסולת-שנאספה-ברשויות-המקומיות-2014-2017.aspx,"CBS - Household and Commercial Waste Collected, by Type of Treatment and Local Authority"
1224,כוכב יאיר,Kokhav Ya'ir,,9176.0,,2015,8585.653999999999,2.58999556551722,56.525385253121094,43.474614746878906,,True,https://www.cbs.gov.il/he/publications/Pages/2019/פסולת-שנאספה-ברשויות-המקומיות-2014-2017.aspx,"CBS - Household and Commercial Waste Collected, by Type of Treatment and Local Authority"
1059,כסיפה,Kuseife,,18867.0,,2015,2662.1,0.38734032542203706,3.760189324217723,96.23981067578228,,True,https://www.cbs.gov.il/he/publications/Pages/2019/פסולת-שנאספה-ברשויות-המקומיות-2014-2017.aspx,"CBS - Household and Commercial Waste Collected, by Type of Treatment and Local Authority"
1296,כסרא-סמיע,Kisra-Sumei,,8930.0,,2015,3951.77,1.3368854878419054,3.0307937961976528,96.96920620380234,,True,https://www.cbs.gov.il/he/publications/Pages/2019/פסולת-שנאספה-ברשויות-המקומיות-2014-2017.aspx,"CBS - Household and Commercial Waste Collected, by Type of Treatment and Local Authority"
978,כעביה-טבאש-חג'אג'רה,Ka'abiyye-Tabbash-Hajajre,,6170.0,,2015,1559.85,0.8705564562712602,0.0,100.0,,True,https://www.cbs.gov.il/he/publications/Pages/2019/פסולת-שנאספה-ברשויות-המקומיות-2014-2017.aspx,"CBS - Household and Commercial Waste Collected, by Type of Treatment and Local Authority"
633,כפר ברא,Kafar Bara,,3710.0,,2015,1552.21,1.2840066838726756,40.307207143363335,59.692792856636665,,True,https://www.cbs.gov.il/he/publications/Pages/2019/פסולת-שנאספה-ברשויות-המקומיות-2014-2017.aspx,"CBS - Household and Commercial Waste Collected, by Type of Treatment and Local Authority"
1263,כפר ורדים,Kefar Weradim,,5656.0,,2015,2922.831,1.46581661438469,46.38759476685447,53.61240523314553,,True,https://www.cbs.gov.il/he/publications/Pages/2019/פסולת-שנאספה-ברשויות-המקומיות-2014-2017.aspx,"CBS - Household and Commercial Waste Collected, by Type of Treatment and Local Authority"
507,כפר יאסיף,Kafar Yasif,,10574.0,,2015,6592.5,1.9055382007296977,0.41259006446719754,99.5874099355328,,True,https://www.cbs.gov.il/he/publications/Pages/2019/פסולת-שנאספה-ברשויות-המקומיות-2014-2017.aspx,"CBS - Household and Commercial Waste Collected, by Type of Treatment and Local Authority"
168,כפר יונה,Kefar Yona,,28135.0,,2015,,,,,,False,https://www.cbs.gov.il/he/publications/Pages/2019/פסולת-שנאספה-ברשויות-המקומיות-2014-2017.aspx,"CBS - Household and Commercial Waste Collected, by Type of Treatment and Local Authority"
508,כפר כמא,Kafar Kama,,3412.0,,2015,1567.73,1.3575065375889717,5.532202611419058,94.46779738858095,,True,https://www.cbs.gov.il/he/publications/Pages/2019/פסולת-שנאספה-ברשויות-המקומיות-2014-2017.aspx,"CBS - Household and Commercial Waste Collected, by Type of Treatment and Local Authority"
509,כפר כנא,Kafar Kanna,,24262.0,,2015,,,,,,False,https://www.cbs.gov.il/he/publications/Pages/2019/פסולת-שנאספה-ברשויות-המקומיות-2014-2017.aspx,"CBS - Household and Commercial Waste Collected, by Type of Treatment and Local Authority"
510,כפר מנדא,Kafar Manda,,21041.0,,2015,8444.7,1.2656891262650316,23.902684524020977,76.09731547597902,,True,https://www.cbs.gov.il/he/publications/Pages/2019/פסולת-שנאספה-ברשויות-המקומיות-2014-2017.aspx,"CBS - Household and Commercial Waste Collected, by Type of Treatment and Local Authority"
6900,כפר סבא,Kefar Sava,,100262.0,,2015,54876.345,1.5736296530801595,39.098914113175724,60.901085886824276,,True,https://www.cbs.gov.il/he/publications/Pages/2019/פסולת-שנאספה-ברשויות-המקומיות-2014-2017.aspx,"CBS - Household and Commercial Waste Collected, by Type of Treatment and Local Authority"
634,כפר קאסם,Kafar Qasem,,26389.0,,2015,11599.616,1.4710132319484215,42.779743743241156,57.22025625675884,,True,https://www.cbs.gov.il/he/publications/Pages/2019/פסולת-שנאספה-ברשויות-המקומיות-2014-2017.aspx,"CBS - Household and Commercial Waste Collected, by Type of Treatment and Local Authority"
654,כפר קרע,Kafar Qara,,19890.0,,2015,11393.0,1.7816546493984982,8.088299833230932,91.91170016676907,,True,https://www.cbs.gov.il/he/publications/Pages/2019/פסולת-שנאספה-ברשויות-המקומיות-2014-2017.aspx,"CBS - Household and Commercial Waste Collected, by Type of Treatment and Local Authority"
267,כפר שמריהו,Kefar Shemaryahu,,2077.0,,2015,4517.099,6.660717814117405,34.60780912705256,65.39219087294742,,True,https://www.cbs.gov.il/he/publications/Pages/2019/פסולת-שנאספה-ברשויות-המקומיות-2014-2017.aspx,"CBS - Household and Commercial Waste Collected, by Type of Treatment and Local Authority"
47,כפר תבור,Kefar Tavor,,4363.0,,2015,2014.0,1.4941262440233096,13.992055610724927,86.00794438927508,,True,https://www.cbs.gov.il/he/publications/Pages/2019/פסולת-שנאספה-ברשויות-המקומיות-2014-2017.aspx,"CBS - Household and Commercial Waste Collected, by Type of Treatment and Local Authority"
1139,כרמיאל,Karmi'el,,47450.0,,2015,22326.935,1.3671036324760157,13.382647461463026,86.61735253853698,,True,https://www.cbs.gov.il/he/publications/Pages/2019/פסולת-שנאספה-ברשויות-המקומיות-2014-2017.aspx,"CBS - Household and Commercial Waste Collected, by Type of Treatment and Local Authority"
,לב השרון,Lev HaSharon,,23813.0,,2015,19998.22,2.3976912973443802,21.67302889957206,78.32697110042794,,True,https://www.cbs.gov.il/he/publications/Pages/2019/פסולת-שנאספה-ברשויות-המקומיות-2014-2017.aspx,"CBS - Household and Commercial Waste Collected, by Type of Treatment and Local Authority"
1271,להבים,Lehavim,,7686.0,,2015,3486.5620000000004,1.4933517794941369,32.68658925325292,67.3134107467471,,True,https://www.cbs.gov.il/he/publications/Pages/2019/פסולת-שנאספה-ברשויות-המקומיות-2014-2017.aspx,"CBS - Household and Commercial Waste Collected, by Type of Treatment and Local Authority"
7000,לוד,Lod,,87430.0,,2015,50298.034,1.9010040471614829,24.525877094917863,75.47412290508213,,True,https://www.cbs.gov.il/he/publications/Pages/2019/פסולת-שנאספה-ברשויות-המקומיות-2014-2017.aspx,"CBS - Household and Commercial Waste Collected, by Type of Treatment and Local Authority"
24,לכיש,Lakhish,,1170.0,,2015,6403.7519999999995,1.6895729995567466,7.6191976203950444,92.38080237960496,,True,https://www.cbs.gov.il/he/publications/Pages/2019/פסולת-שנאספה-ברשויות-המקומיות-2014-2017.aspx,"CBS - Household and Commercial Waste Collected, by Type of Treatment and Local Authority"
1060,לקיה,Laqye,,17074.0,,2015,2765.0,0.6578387795365745,1.3381555153707052,98.66184448462928,,True,https://www.cbs.gov.il/he/publications/Pages/2019/פסולת-שנאספה-ברשויות-המקומיות-2014-2017.aspx,"CBS - Household and Commercial Waste Collected, by Type of Treatment and Local Authority"
,מבואות החרמון,Mevo'ot HaHermon,,8021.0,,2015,4649.0,1.8486192019404737,1.6992901699290168,98.30070983007099,,True,https://www.cbs.gov.il/he/publications/Pages/2019/פסולת-שנאספה-ברשויות-המקומיות-2014-2017.aspx,"CBS - Household and Commercial Waste Collected, by Type of Treatment and Local Authority"
1015,מבשרת ציון,Mevasseret Ziyyon,,25476.0,,2015,12690.944,1.4288236696476646,10.061851978859886,89.93814802114012,,True,https://www.cbs.gov.il/he/publications/Pages/2019/פסולת-שנאספה-ברשויות-המקומיות-2014-2017.aspx,"CBS - Household and Commercial Waste Collected, by Type of Treatment and Local Authority"
516,מג'ד אל-כרום,Majd Al-Kurum,,14852.0,,2015,6974.04,1.3049418729756583,1.3168837574777317,98.68311624252226,,True,https://www.cbs.gov.il/he/publications/Pages/2019/פסולת-שנאספה-ברשויות-המקומיות-2014-2017.aspx,"CBS - Household and Commercial Waste Collected, by Type of Treatment and Local Authority"
4201,מג'דל שמס,Majdal Shams,,11103.0,,2015,3621.5,0.9389975685628332,22.131713378434352,77.86828662156566,,True,https://www.cbs.gov.il/he/publications/Pages/2019/פסולת-שנאספה-ברשויות-המקומיות-2014-2017.aspx,"CBS - Household and Commercial Waste Collected, by Type of Treatment and Local Authority"
481,מגאר,Mughar,,22564.0,,2015,9161.67,1.168550547179919,2.728760149623376,97.27123985037662,,True,https://www.cbs.gov.il/he/publications/Pages/2019/פסולת-שנאספה-ברשויות-המקומיות-2014-2017.aspx,"CBS - Household and Commercial Waste Collected, by Type of Treatment and Local Authority"
65,מגדל,Migdal,,2045.0,,2015,2065.9210000000003,3.1253768825215773,6.801857379832045,93.19814262016796,,True,https://www.cbs.gov.il/he/publications/Pages/2019/פסולת-שנאספה-ברשויות-המקומיות-2014-2017.aspx,"CBS - Household and Commercial Waste Collected, by Type of Treatment and Local Authority"
874,מגדל העמק,Migdal HaEmeq,,27045.0,,2015,17926.861,1.975293598151295,12.628317919127054,87.37168208087294,,True,https://www.cbs.gov.il/he/publications/Pages/2019/פסולת-שנאספה-ברשויות-המקומיות-2014-2017.aspx,"CBS - Household and Commercial Waste Collected, by Type of Treatment and Local Authority"
586,מגידו,Megiddo,,953.0,,2015,11729.25,2.8426672127780366,23.11955154847923,76.88044845152076,,True,https://www.cbs.gov.il/he/publications/Pages/2019/פסולת-שנאספה-ברשויות-המקומיות-2014-2017.aspx,"CBS - Household and Commercial Waste Collected, by Type of Treatment and Local Authority"
,מגילות ים המלח,Megilot,,2243.0,,2015,1945.4,4.265596649618752,0.10280662074637606,99.89719337925362,,True,https://www.cbs.gov.il/he/publications/Pages/2019/פסולת-שנאספה-ברשויות-המקומיות-2014-2017.aspx,"CBS - Household and Commercial Waste Collected, by Type of Treatment and Local Authority"
3797,מודיעין עילית,Modi'in Illit,,83133.0,,2015,19013.91,0.8179840323719122,2.261765202422858,97.73823479757715,,True,https://www.cbs.gov.il/he/publications/Pages/2019/פסולת-שנאספה-ברשויות-המקומיות-2014-2017.aspx,"CBS - Household and Commercial Waste Collected, by Type of Treatment and Local Authority"
1200,מודיעין-מכבים-רעות,Modi'in-Makkabbim-Re'ut,,92307.0,,2015,45762.27,1.4270065524135787,34.117472647226634,65.88252735277335,,True,https://www.cbs.gov.il/he/publications/Pages/2019/פסולת-שנאספה-ברשויות-המקומיות-2014-2017.aspx,"CBS - Household and Commercial Waste Collected, by Type of Treatment and Local Authority"
28,מזכרת בתיה,Mazkeret Batya,,15858.0,,2015,7791.337000000001,1.7384256671653464,31.71428729112859,68.2857127088714,,True,https://www.cbs.gov.il/he/publications/Pages/2019/פסולת-שנאספה-ברשויות-המקומיות-2014-2017.aspx,"CBS - Household and Commercial Waste Collected, by Type of Treatment and Local Authority"
517,מזרעה,Mazra'a,,3772.0,,2015,1967.9499999999998,1.4875552036464168,0.39889224827866565,99.60110775172134,,True,https://www.cbs.gov.il/he/publications/Pages/2019/פסולת-שנאספה-ברשויות-המקומיות-2014-2017.aspx,"CBS - Household and Commercial Waste Collected, by Type of Treatment and Local Authority"
,מטה אשר,Matte Asher,,30980.0,,2015,20421.8,2.1356236802222024,25.4766964714178,74.5233035285822,,True,https://www.cbs.gov.il/he/publications/Pages/2019/פסולת-שנאספה-ברשויות-המקומיות-2014-2017.aspx,"CBS - Household and Commercial Waste Collected, by Type of Treatment and Local Authority"
,מטה בנימין,Mate Binyamin,,76014.0,,2015,26746.285,1.2336278308196116,5.451168265050642,94.54883173494936,,True,https://www.cbs.gov.il/he/publications/Pages/2019/פסולת-שנאספה-ברשויות-המקומיות-2014-2017.aspx,"CBS - Household and Commercial Waste Collected, by Type of Treatment and Local Authority"
,מטה יהודה,Matte Yehuda,,59780.0,,2015,31882.733,1.6710019019906175,10.38325588336483,89.61674411663518,,True,https://www.cbs.gov.il/he/publications/Pages/2019/פסולת-שנאספה-ברשויות-המקומיות-2014-2017.aspx,"CBS - Household and Commercial Waste Collected, by Type of Treatment and Local Authority"
43,מטולה,Metula,,1873.0,,2015,1091.551,1.8667607271732254,2.4324103958495753,97.56758960415043,,True,https://www.cbs.gov.il/he/publications/Pages/2019/פסולת-שנאספה-ברשויות-המקומיות-2014-2017.aspx,"CBS - Household and Commercial Waste Collected, by Type of Treatment and Local Authority"
1268,מיתר,Metar,,11207.0,,2015,4211.490000000001,1.5957857364114916,32.53468487399946,67.46531512600055,,True,https://www.cbs.gov.il/he/publications/Pages/2019/פסולת-שנאספה-ברשויות-המקומיות-2014-2017.aspx,"CBS - Household and Commercial Waste Collected, by Type of Treatment and Local Authority"
,מנשה,Menashe,,21263.0,,2015,10161.0,1.483644105011515,51.86497391988978,48.13502608011023,,True,https://www.cbs.gov.il/he/publications/Pages/2019/פסולת-שנאספה-ברשויות-המקומיות-2014-2017.aspx,"CBS - Household and Commercial Waste Collected, by Type of Treatment and Local Authority"
4203,מסעדה,Mas'ade,,4091.0,,2015,1793.66,1.4100823490104362,0.8864556270419143,99.11354437295809,,True,https://www.cbs.gov.il/he/publications/Pages/2019/פסולת-שנאספה-ברשויות-המקומיות-2014-2017.aspx,"CBS - Household and Commercial Waste Collected, by Type of Treatment and Local Authority"
518,מעיליא,Mi'elya,,3269.0,,2015,1591.591,1.3673638405993203,1.9848692283381846,98.01513077166182,,True,https://www.cbs.gov.il/he/publications/Pages/2019/פסולת-שנאספה-ברשויות-המקומיות-2014-2017.aspx,"CBS - Household and Commercial Waste Collected, by Type of Treatment and Local Authority"
3616,מעלה אדומים,Ma'ale Adummim,,36664.0,,2015,24870.28,1.818825583574442,11.17912625028749,88.82087374971252,,True,https://www.cbs.gov.il/he/publications/Pages/2019/פסולת-שנאספה-ברשויות-המקומיות-2014-2017.aspx,"CBS - Household and Commercial Waste Collected, by Type of Treatment and Local Authority"
3608,מעלה אפרים,Ma'ale Efrayim,,1635.0,,2015,458.3,1.0658883177896132,1.8110408029674885,98.18895919703252,,True,https://www.cbs.gov.il/he/publications/Pages/2019/פסולת-שנאספה-ברשויות-המקומיות-2014-2017.aspx,"CBS - Household and Commercial Waste Collected, by Type of Treatment and Local Authority"
,מעלה יוסף,Ma'ale Yosef,,11929.0,,2015,6203.852,1.7419272144012858,3.248820249096852,96.75117975090315,,True,https://www.cbs.gov.il/he/publications/Pages/2019/פסולת-שנאספה-ברשויות-המקומיות-2014-2017.aspx,"CBS - Household and Commercial Waste Collected, by Type of Treatment and Local Authority"
1327,מעלה עירון,Ma'ale Iron,,14865.0,,2015,6705.0,1.3116646207567746,2.511558538404176,97.48844146159583,,True,https://www.cbs.gov.il/he/publications/Pages/2019/פסולת-שנאספה-ברשויות-המקומיות-2014-2017.aspx,"CBS - Household and Commercial Waste Collected, by Type of Treatment and Local Authority"
1063,מעלות-תרשיחא,Ma'alot-Tarshiha,,22720.0,,2015,11059.349,1.4300014772810659,3.4482047722700493,96.55179522772995,,True,https://www.cbs.gov.il/he/publications/Pages/2019/פסולת-שנאספה-ברשויות-המקומיות-2014-2017.aspx,"CBS - Household and Commercial Waste Collected, by Type of Treatment and Local Authority"
99,מצפה רמון,Mizpe Ramon,,5385.0,,2015,3571.3499999999995,1.9553398377188655,4.371456172035786,95.62854382796422,,True,https://www.cbs.gov.il/he/publications/Pages/2019/פסולת-שנאספה-ברשויות-המקומיות-2014-2017.aspx,"CBS - Household and Commercial Waste Collected, by Type of Treatment and Local Authority"
,מרום הגליל,Merom HaGalil,,15541.0,,2015,26550.864,4.920325564846113,0.500413093901577,99.49958690609841,,True,https://www.cbs.gov.il/he/publications/Pages/2019/פסולת-שנאספה-ברשויות-המקומיות-2014-2017.aspx,"CBS - Household and Commercial Waste Collected, by Type of Treatment and Local Authority"
,מרחבים,Merhavim,,14544.0,,2015,6249.13,1.3534846523253126,1.7463230881738738,98.25367691182613,,True,https://www.cbs.gov.il/he/publications/Pages/2019/פסולת-שנאספה-ברשויות-המקומיות-2014-2017.aspx,"CBS - Household and Commercial Waste Collected, by Type of Treatment and Local Authority"
,משגב,Misgav,,29181.0,,2015,12087.0,1.2583864449906208,49.09406800694961,50.90593199305038,,True,https://www.cbs.gov.il/he/publications/Pages/2019/פסולת-שנאספה-ברשויות-המקומיות-2014-2017.aspx,"CBS - Household and Commercial Waste Collected, by Type of Treatment and Local Authority"
520,משהד,Meshhed,,8499.0,,2015,3459.0,1.220596642035951,16.99913269731136,83.00086730268865,,True,https://www.cbs.gov.il/he/publications/Pages/2019/פסולת-שנאספה-ברשויות-המקומיות-2014-2017.aspx,"CBS - Household and Commercial Waste Collected, by Type of Treatment and Local Authority"
9100,נהרייה,Nahariyya,,63318.0,,2015,35073.0,1.7760807903313913,13.916688050637244,86.08331194936277,,True,https://www.cbs.gov.il/he/publications/Pages/2019/פסולת-שנאספה-ברשויות-המקומיות-2014-2017.aspx,"CBS - Household and Commercial Waste Collected, by Type of Treatment and Local Authority"
,נווה מדבר,Neve Midbar,,13096.0,,2015,1878.14,0.7164064101769426,0.0,100.0,,True,https://www.cbs.gov.il/he/publications/Pages/2019/פסולת-שנאספה-ברשויות-המקומיות-2014-2017.aspx,"CBS - Household and Commercial Waste Collected, by Type of Treatment and Local Authority"
1061,נוף הגליל,Nazerat Illit,,43479.0,,2015,,,,,,False,https://www.cbs.gov.il/he/publications/Pages/2019/פסולת-שנאספה-ברשויות-המקומיות-2014-2017.aspx,"CBS - Household and Commercial Waste Collected, by Type of Treatment and Local Authority"
,נחל שורק,Nahal Soreq,,10204.0,,2015,4409.58,1.4466580165118441,45.981249914957885,54.018750085042115,,True,https://www.cbs.gov.il/he/publications/Pages/2019/פסולת-שנאספה-ברשויות-המקומיות-2014-2017.aspx,"CBS - Household and Commercial Waste Collected, by Type of Treatment and Local Authority"
522,נחף,Nahef,,13446.0,,2015,5130.0,1.170501313391459,0.5847953216374269,99.41520467836257,,True,https://www.cbs.gov.il/he/publications/Pages/2019/פסולת-שנאספה-ברשויות-המקומיות-2014-2017.aspx,"CBS - Household and Commercial Waste Collected, by Type of Treatment and Local Authority"
7200,נס ציונה,Nes Ziyyona,,47620.0,,2015,24834.395,1.4684084202428889,29.903990010628405,70.0960099893716,,True,https://www.cbs.gov.il/he/publications/Pages/2019/פסולת-שנאספה-ברשויות-המקומיות-2014-2017.aspx,"CBS - Household and Commercial Waste Collected, by Type of Treatment and Local Authority"
7300,נצרת,Nazareth,,77295.0,,2015,43196.4,1.5743192551828848,12.61540313544647,87.38459686455352,,True,https://www.cbs.gov.il/he/publications/Pages/2019/פסולת-שנאספה-ברשויות-המקומיות-2014-2017.aspx,"CBS - Household and Commercial Waste Collected, by Type of Treatment and Local Authority"
2500,נשר,Nesher,,22911.0,,2015,10336.564,1.206902061610413,16.754252186703432,83.24574781329656,,True,https://www.cbs.gov.il/he/publications/Pages/2019/פסולת-שנאספה-ברשויות-המקומיות-2014-2017.aspx,"CBS - Household and Commercial Waste Collected, by Type of Treatment and Local Authority"
246,נתיבות,Netivot,,45024.0,,2015,16509.543520000003,1.468225600746317,9.800473998811082,90.19952600118891,,True,https://www.cbs.gov.il/he/publications/Pages/2019/פסולת-שנאספה-ברשויות-המקומיות-2014-2017.aspx,"CBS - Household and Commercial Waste Collected, by Type of Treatment and Local Authority"
7400,נתניה,Netanya,,223920.0,,2015,108270.195,1.445653114377433,30.98092231199916,69.01907768800083,,True,https://www.cbs.gov.il/he/publications/Pages/2019/פסולת-שנאספה-ברשויות-המקומיות-2014-2017.aspx,"CBS - Household and Commercial Waste Collected, by Type of Treatment and Local Authority"
525,סאג'ור,Sajur,,4155.0,,2015,1475.0,1.0122985697422242,2.3728813559322033,97.6271186440678,,True,https://www.cbs.gov.il/he/publications/Pages/2019/פסולת-שנאספה-ברשויות-המקומיות-2014-2017.aspx,"CBS - Household and Commercial Waste Collected, by Type of Treatment and Local Authority"
587,סביון,Savyon,,4494.0,,2015,7400.219999999999,5.558485357769912,50.313774455354036,49.68622554464597,,True,https://www.cbs.gov.il/he/publications/Pages/2019/פסולת-שנאספה-ברשויות-המקומיות-2014-2017.aspx,"CBS - Household and Commercial Waste Collected, by Type of Treatment and Local Authority"
7500,סח'נין,Sakhnin,,32355.0,,2015,14240.0,1.3481822734859694,8.918539325842696,91.0814606741573,,True,https://www.cbs.gov.il/he/publications/Pages/2019/פסולת-שנאספה-ברשויות-המקומיות-2014-2017.aspx,"CBS - Household and Commercial Waste Collected, by Type of Treatment and Local Authority"
4501,ע'ג'ר,Ghajar,,2629.0,,2015,965.0,1.0780165612388812,0.0,100.0,,True,https://www.cbs.gov.il/he/publications/Pages/2019/פסולת-שנאספה-ברשויות-המקומיות-2014-2017.aspx,"CBS - Household and Commercial Waste Collected, by Type of Treatment and Local Authority"
666,עומר,Omer,,8250.0,,2015,5180.213,1.9350145727127472,22.205418966362966,77.79458103363703,,True,https://www.cbs.gov.il/he/publications/Pages/2019/פסולת-שנאספה-ברשויות-המקומיות-2014-2017.aspx,"CBS - Household and Commercial Waste Collected, by Type of Treatment and Local Authority"
530,עיילבון,Eilabun,,5777.0,,2015,2377.385,1.1866248062750657,0.6892026323039809,99.31079736769601,,True,https://www.cbs.gov.il/he/publications/Pages/2019/פסולת-שנאספה-ברשויות-המקומיות-2014-2017.aspx,"CBS - Household and Commercial Waste Collected, by Type of Treatment and Local Authority"
511,עילוט,Ilut,,8561.0,,2015,2947.85,1.0766966230986554,22.68941771121326,77.31058228878675,,True,https://www.cbs.gov.il/he/publications/Pages/2019/פסולת-שנאספה-ברשויות-המקומיות-2014-2017.aspx,"CBS - Household and Commercial Waste Collected, by Type of Treatment and Local Authority"
532,עין מאהל,Ein Mahel,,13485.0,,2015,4750.0,1.0514420804829108,0.0,100.0,,True,https://www.cbs.gov.il/he/publications/Pages/2019/פסולת-שנאספה-ברשויות-המקומיות-2014-2017.aspx,"CBS - Household and Commercial Waste Collected, by Type of Treatment and Local Authority"
4502,עין קנייא,Ein Qiniyye,,2361.0,,2015,688.117,0.9755508692339045,3.5047818902890064,96.495218109711,,True,https://www.cbs.gov.il/he/publications/Pages/2019/פסולת-שנאספה-ברשויות-המקומיות-2014-2017.aspx,"CBS - Household and Commercial Waste Collected, by Type of Treatment and Local Authority"
7600,עכו,Akko,,50555.0,,2015,27013.4,1.5558798563828906,2.3132963640267423,97.68670363597325,,True,https://www.cbs.gov.il/he/publications/Pages/2019/פסולת-שנאספה-ברשויות-המקומיות-2014-2017.aspx,"CBS - Household and Commercial Waste Collected, by Type of Treatment and Local Authority"
3660,עמנואל,Immanu'el,,4860.0,,2015,1050.0,0.8915891302548035,34.54095238095238,65.45904761904762,,True,https://www.cbs.gov.il/he/publications/Pages/2019/פסולת-שנאספה-ברשויות-המקומיות-2014-2017.aspx,"CBS - Household and Commercial Waste Collected, by Type of Treatment and Local Authority"
,עמק הירדן,Emeq HaYarden,,15138.0,,2015,12048.494,2.6338125431053796,19.90700248512387,80.09299751487613,,True,https://www.cbs.gov.il/he/publications/Pages/2019/פסולת-שנאספה-ברשויות-המקומיות-2014-2017.aspx,"CBS - Household and Commercial Waste Collected, by Type of Treatment and Local Authority"
,עמק המעיינות,Emeq HaMa'ayanot,,15012.0,,2015,10632.5,2.4076483169106018,36.14860098753821,63.8513990124618,,True,https://www.cbs.gov.il/he/publications/Pages/2019/פסולת-שנאספה-ברשויות-המקומיות-2014-2017.aspx,"CBS - Household and Commercial Waste Collected, by Type of Treatment and Local Authority"
,עמק חפר,Emeq Hefer,,41826.0,,2015,27169.258,1.8052828057399195,44.422479259463024,55.577520740536976,,True,https://www.cbs.gov.il/he/publications/Pages/2019/פסולת-שנאספה-ברשויות-המקומיות-2014-2017.aspx,"CBS - Household and Commercial Waste Collected, by Type of Treatment and Local Authority"
,עמק יזרעאל,Emeq Yizre'el,,40514.0,,2015,21793.2,1.6461469840995278,42.53041315639741,57.46958684360259,,True,https://www.cbs.gov.il/he/publications/Pages/2019/פסולת-שנאספה-ברשויות-המקומיות-2014-2017.aspx,"CBS - Household and Commercial Waste Collected, by Type of Treatment and Local Authority"
534,עספיא,Isifya,,13060.0,,2015,8100.25,1.8931512692194206,1.237616122959168,98.76238387704083,,True,https://www.cbs.gov.il/he/publications/Pages/2019/פסולת-שנאספה-ברשויות-המקומיות-2014-2017.aspx,"CBS - Household and Commercial Waste Collected, by Type of Treatment and Local Authority"
7700,עפולה,Afula,,60828.0,,2015,32798.15,2.0247396396007087,31.08147868096219,68.91852131903781,,True,https://www.cbs.gov.il/he/publications/Pages/2019/פסולת-שנאספה-ברשויות-המקומיות-2014-2017.aspx,"CBS - Household and Commercial Waste Collected, by Type of Treatment and Local Authority"
531,עראבה,Arrabe,,26119.0,,2015,11618.054999999998,1.3384755759317468,15.992823239346004,84.00717676065399,,True,https://www.cbs.gov.il/he/publications/Pages/2019/פסולת-שנאספה-ברשויות-המקומיות-2014-2017.aspx,"CBS - Household and Commercial Waste Collected, by Type of Treatment and Local Authority"
,ערבות הירדן,Arvot Hayarden,,6294.0,,2015,1880.38,1.2019892737744424,0.0,100.0,,True,https://www.cbs.gov.il/he/publications/Pages/2019/פסולת-שנאספה-ברשויות-המקומיות-2014-2017.aspx,"CBS - Household and Commercial Waste Collected, by Type of Treatment and Local Authority"
2560,ערד,Arad,,27586.0,,2015,11795.2,1.3280572242779831,20.189992539338032,79.81000746066196,,True,https://www.cbs.gov.il/he/publications/Pages/2019/פסולת-שנאספה-ברשויות-המקומיות-2014-2017.aspx,"CBS - Household and Commercial Waste Collected, by Type of Treatment and Local Authority"
637,ערערה,Ar'ara,,19919.0,,2015,9276.533333333335,1.067729270148788,0.0,100.0,,True,https://www.cbs.gov.il/he/publications/Pages/2019/פסולת-שנאספה-ברשויות-המקומיות-2014-2017.aspx,"CBS - Household and Commercial Waste Collected, by Type of Treatment and Local Authority"
1192,ערערה-בנגב,Ar'ara-BaNegev,,19543.0,,2015,3489.66,0.61457990735494,0.0,100.0,,True,https://www.cbs.gov.il/he/publications/Pages/2019/פסולת-שנאספה-ברשויות-המקומיות-2014-2017.aspx,"CBS - Household and Commercial Waste Collected, by Type of Treatment and Local Authority"
537,פוריידיס,Fureidis,,13108.0,,2015,1430.0,0.31996473675348786,0.0,100.0,,True,https://www.cbs.gov.il/he/publications/Pages/2019/פסולת-שנאספה-ברשויות-המקומיות-2014-2017.aspx,"CBS - Household and Commercial Waste Collected, by Type of Treatment and Local Authority"
535,פסוטה,Fassuta,,3358.0,,2015,1462.547,1.3343250356948986,1.5416256708331424,98.45837432916686,,True,https://www.cbs.gov.il/he/publications/Pages/2019/פסולת-שנאספה-ברשויות-המקומיות-2014-2017.aspx,"CBS - Household and Commercial Waste Collected, by Type of Treatment and Local Authority"
536,פקיעין (בוקייעה),Peqi'in (Buqei'a),,5919.0,,2015,2262.0,1.0999751994981546,2.7409372236958442,97.25906277630415,,True,https://www.cbs.gov.il/he/publications/Pages/2019/פסולת-שנאספה-ברשויות-המקומיות-2014-2017.aspx,"CBS - Household and Commercial Waste Collected, by Type of Treatment and Local Authority"
7800,פרדס חנה-כרכור,Pardes Hanna-Karkur,,44161.0,,2015,25654.14,1.8810720086845307,26.222902034525426,73.77709796547457,,True,https://www.cbs.gov.il/he/publications/Pages/2019/פסולת-שנאספה-ברשויות-המקומיות-2014-2017.aspx,"CBS - Household and Commercial Waste Collected, by Type of Treatment and Local Authority"
171,פרדסייה,Pardesiyya,,7743.0,,2015,3064.969,1.5277313458502233,11.702206449722658,88.29779355027735,,True,https://www.cbs.gov.il/he/publications/Pages/2019/פסולת-שנאספה-ברשויות-המקומיות-2014-2017.aspx,"CBS - Household and Commercial Waste Collected, by Type of Treatment and Local Authority"
7900,פתח תקווה,Petah Tiqwa,,264046.0,,2015,128257.02000000002,1.5400184768087715,10.426743113164486,89.57325688683552,,True,https://www.cbs.gov.il/he/publications/Pages/2019/פסולת-שנאספה-ברשויות-המקומיות-2014-2017.aspx,"CBS - Household and Commercial Waste Collected, by Type of Treatment and Local Authority"
8000,צפת,Zefat,,37801.0,,2015,20661.25,1.708659011245786,2.266319801560893,97.73368019843912,,True,https://www.cbs.gov.il/he/publications/Pages/2019/פסולת-שנאספה-ברשויות-המקומיות-2014-2017.aspx,"CBS - Household and Commercial Waste Collected, by Type of Treatment and Local Authority"
3557,קדומים,Qedumim,,4470.0,,2015,1367.01,0.8783379166773754,36.78685598495987,63.213144015040136,,True,https://www.cbs.gov.il/he/publications/Pages/2019/פסולת-שנאספה-ברשויות-המקומיות-2014-2017.aspx,"CBS - Household and Commercial Waste Collected, by Type of Treatment and Local Authority"
195,קדימה-צורן,Qadima- Zoran,,22153.0,,2015,12087.740000000002,1.6511490198140781,13.871410205712564,86.12858979428744,,True,https://www.cbs.gov.il/he/publications/Pages/2019/פסולת-שנאספה-ברשויות-המקומיות-2014-2017.aspx,"CBS - Household and Commercial Waste Collected, by Type of Treatment and Local Authority"
638,קלנסווה,Qalansawe,,23951.0,,2015,8658.896,1.11661305875249,39.51711626978774,60.48288373021226,,True,https://www.cbs.gov.il/he/publications/Pages/2019/פסולת-שנאספה-ברשויות-המקומיות-2014-2017.aspx,"CBS - Household and Commercial Waste Collected, by Type of Treatment and Local Authority"
4100,קצרין,Qazrin,,7633.0,,2015,4060.81,1.619079800526096,9.45156261928039,90.54843738071962,,True,https://www.cbs.gov.il/he/publications/Pages/2019/פסולת-שנאספה-ברשויות-המקומיות-2014-2017.aspx,"CBS - Household and Commercial Waste Collected, by Type of Treatment and Local Authority"
2620,קריית אונו,Qiryat Ono,,41537.0,,2015,17076.760000000002,1.2578307546777554,27.59750678700175,72.40249321299825,,True,https://www.cbs.gov.il/he/publications/Pages/2019/פסולת-שנאספה-ברשויות-המקומיות-2014-2017.aspx,"CBS - Household and Commercial Waste Collected, by Type of Treatment and Local Authority"
3611,קריית ארבע,Qiryat Arba,,7442.0,,2015,3164.5800000000004,1.2334730675459984,4.16484967989433,95.83515032010567,,True,https://www.cbs.gov.il/he/publications/Pages/2019/פסולת-שנאספה-ברשויות-המקומיות-2014-2017.aspx,"CBS - Household and Commercial Waste Collected, by Type of Treatment and Local Authority"
6800,קריית אתא,Qiryat Atta,,60465.0,,2015,32589.93,1.6264546232408836,14.504541740347404,85.49545825965261,,True,https://www.cbs.gov.il/he/publications/Pages/2019/פסולת-שנאספה-ברשויות-המקומיות-2014-2017.aspx,"CBS - Household and Commercial Waste Collected, by Type of Treatment and Local Authority"
9500,קריית ביאליק,Qiryat Bialik,,44806.0,,2015,23278.826999999997,1.6332503161161622,22.646446060190236,77.35355393980976,,True,https://www.cbs.gov.il/he/publications/Pages/2019/פסולת-שנאספה-ברשויות-המקומיות-2014-2017.aspx,"CBS - Household and Commercial Waste Collected, by Type of Treatment and Local Authority"
2630,קריית גת,Qiryat Gat,,63386.0,,2015,28373.959999999995,1.523460882332293,20.19465206830489,79.80534793169511,,True,https://www.cbs.gov.il/he/publications/Pages/2019/פסולת-שנאספה-ברשויות-המקומיות-2014-2017.aspx,"CBS - Household and Commercial Waste Collected, by Type of Treatment and Local Authority"
2300,קריית טבעון,Qiryat Tiv'on,,17944.0,,2015,10004.0,1.5454745934806278,36.90923630547781,63.09076369452219,,True,https://www.cbs.gov.il/he/publications/Pages/2019/פסולת-שנאספה-ברשויות-המקומיות-2014-2017.aspx,"CBS - Household and Commercial Waste Collected, by Type of Treatment and Local Authority"
9600,קריית ים,Qiryat Yam,,38906.0,,2015,21344.534999999996,1.4951658228958689,3.7700751035335283,96.22992489646647,,True,https://www.cbs.gov.il/he/publications/Pages/2019/פסולת-שנאספה-ברשויות-המקומיות-2014-2017.aspx,"CBS - Household and Commercial Waste Collected, by Type of Treatment and Local Authority"
1137,קריית יערים,Qiryat Ye'arim,,7161.0,,2015,1986.78,1.40724738281084,5.424858313451918,94.57514168654808,,True,https://www.cbs.gov.il/he/publications/Pages/2019/פסולת-שנאספה-ברשויות-המקומיות-2014-2017.aspx,"CBS - Household and Commercial Waste Collected, by Type of Treatment and Local Authority"
8200,קריית מוצקין,Qiryat Motzkin,,49057.0,,2015,17222.920000000002,1.183350023618328,8.680409593727427,91.31959040627257,,True,https://www.cbs.gov.il/he/publications/Pages/2019/פסולת-שנאספה-ברשויות-המקומיות-2014-2017.aspx,"CBS - Household and Commercial Waste Collected, by Type of Treatment and Local Authority"
1034,קריית מלאכי,Qiryat Mal'akhi,,26362.0,,2015,13700.409,1.7498597759160706,8.119458331499446,91.88054166850056,,True,https://www.cbs.gov.il/he/publications/Pages/2019/פסולת-שנאספה-ברשויות-המקומיות-2014-2017.aspx,"CBS - Household and Commercial Waste Collected, by Type of Treatment and Local Authority"
469,קריית עקרון,Qiryat Eqron,,11425.0,,2015,7008.9619999999995,1.7907059837215795,25.73867999284345,74.26132000715656,,True,https://www.cbs.gov.il/he/publications/Pages/2019/פסולת-שנאספה-ברשויות-המקומיות-2014-2017.aspx,"CBS - Household and Commercial Waste Collected, by Type of Treatment and Local Authority"
2800,קריית שמונה,Qiryat Shemona,,23083.0,,2015,13693.5,1.6259887468540886,4.5240442545733375,95.47595574542666,,True,https://www.cbs.gov.il/he/publications/Pages/2019/פסולת-שנאספה-ברשויות-המקומיות-2014-2017.aspx,"CBS - Household and Commercial Waste Collected, by Type of Treatment and Local Authority"
3640,קרני שומרון,Qarne Shomeron,,10102.0,,2015,2988.825,1.2081979555640894,43.926626684399395,56.073373315600605,,True,https://www.cbs.gov.il/he/publications/Pages/2019/פסולת-שנאספה-ברשויות-המקומיות-2014-2017.aspx,"CBS - Household and Commercial Waste Collected, by Type of Treatment and Local Authority"
543,ראמה,Rame,,8472.0,,2015,4297.0,1.5937998699960776,2.0246683732836863,97.97533162671631,,True,https://www.cbs.gov.il/he/publications/Pages/2019/פסולת-שנאספה-ברשויות-המקומיות-2014-2017.aspx,"CBS - Household and Commercial Waste Collected, by Type of Treatment and Local Authority"
2640,ראש העין,Rosh HaAyin,,74572.0,,2015,24850.629999999997,1.5999228708648712,27.487552629450445,72.51244737054955,,True,https://www.cbs.gov.il/he/publications/Pages/2019/פסולת-שנאספה-ברשויות-המקומיות-2014-2017.aspx,"CBS - Household and Commercial Waste Collected, by Type of Treatment and Local Authority"
26,ראש פינה,Rosh Pinna,,3352.0,,2015,3084.77,2.905268015652886,21.744570908041766,78.25542909195823,,True,https://www.cbs.gov.il/he/publications/Pages/2019/פסולת-שנאספה-ברשויות-המקומיות-2014-2017.aspx,"CBS - Household and Commercial Waste Collected, by Type of Treatment and Local Authority"
8300,ראשון לציון,Rishon LeZiyyon,,252413.0,,2015,172317.99,1.9482550338776412,23.095238053786492,76.90476194621351,,True,https://www.cbs.gov.il/he/publications/Pages/2019/פסולת-שנאספה-ברשויות-המקומיות-2014-2017.aspx,"CBS - Household and Commercial Waste Collected, by Type of Treatment and Local Authority"
1161,רהט,Rahat,,71355.0,,2015,21662.78,0.966259631108809,0.9532479210886138,99.04675207891138,,True,https://www.cbs.gov.il/he/publications/Pages/2019/פסולת-שנאספה-ברשויות-המקומיות-2014-2017.aspx,"CBS - Household and Commercial Waste Collected, by Type of Treatment and Local Authority"
8400,רחובות,Rehovot,,150471.0,,2015,75587.492,1.583485452174309,19.755308193053953,80.24469180694605,,True,https://www.cbs.gov.il/he/publications/Pages/2019/פסולת-שנאספה-ברשויות-המקומיות-2014-2017.aspx,"CBS - Household and Commercial Waste Collected, by Type of Treatment and Local Authority"
542,ריינה,Reine,,17046.0,,2015,7355.086,1.1003915657581,14.712078145653226,85.28792185434678,,True,https://www.cbs.gov.il/he/publications/Pages/2019/פסולת-שנאספה-ברשויות-המקומיות-2014-2017.aspx,"CBS - Household and Commercial Waste Collected, by Type of Treatment and Local Authority"
922,רכסים,Rekhasim,,13910.0,,2015,3907.676,1.020490100451398,1.3631119877901854,98.63688801220981,,True,https://www.cbs.gov.il/he/publications/Pages/2019/פסולת-שנאספה-ברשויות-המקומיות-2014-2017.aspx,"CBS - Household and Commercial Waste Collected, by Type of Treatment and Local Authority"
8500,רמלה,Ramla,,81126.0,,2015,44661.63,1.6764485961663056,32.116181160427864,67.88381883957213,,True,https://www.cbs.gov.il/he/publications/Pages/2019/פסולת-שנאספה-ברשויות-המקומיות-2014-2017.aspx,"CBS - Household and Commercial Waste Collected, by Type of Treatment and Local Authority"
8600,רמת גן,Ramat Gan,,165155.0,,2015,92079.33,1.6623317188306472,16.078613951687096,83.92138604831291,,True,https://www.cbs.gov.il/he/publications/Pages/2019/פסולת-שנאספה-ברשויות-המקומיות-2014-2017.aspx,"CBS - Household and Commercial Waste Collected, by Type of Treatment and Local Authority"
2650,רמת השרון,Ramat HaSharon,,48986.0,,2015,35522.451,2.199934074655421,24.252298919351027,75.74770108064898,,True,https://www.cbs.gov.il/he/publications/Pages/2019/פסולת-שנאספה-ברשויות-המקומיות-2014-2017.aspx,"CBS - Household and Commercial Waste Collected, by Type of Treatment and Local Authority"
122,רמת ישי,Ramat Yishay,,7880.0,,2015,5027.45,1.84413383537801,33.26000457488389,66.7399954251161,,True,https://www.cbs.gov.il/he/publications/Pages/2019/פסולת-שנאספה-ברשויות-המקומיות-2014-2017.aspx,"CBS - Household and Commercial Waste Collected, by Type of Treatment and Local Authority"
,רמת נגב,Ramat Negev,,8097.0,,2015,5336.675,2.203455262943301,15.878426173600605,84.1215738263994,,True,https://www.cbs.gov.il/he/publications/Pages/2019/פסולת-שנאספה-ברשויות-המקומיות-2014-2017.aspx,"CBS - Household and Commercial Waste Collected, by Type of Treatment and Local Authority"
8700,רעננה,Ra'annana,,80155.0,,2015,46688.3,1.8144738805738128,35.42367145516115,64.57632854483886,,True,https://www.cbs.gov.il/he/publications/Pages/2019/פסולת-שנאספה-ברשויות-המקומיות-2014-2017.aspx,"CBS - Household and Commercial Waste Collected, by Type of Treatment and Local Authority"
913,שבלי-אום אל-גנם,Shibli-Umm Al-Ghanam,,6278.0,,2015,2204.776,1.0725287982565381,0.0,100.0,,True,https://www.cbs.gov.il/he/publications/Pages/2019/פסולת-שנאספה-ברשויות-המקומיות-2014-2017.aspx,"CBS - Household and Commercial Waste Collected, by Type of Treatment and Local Authority"
1286,שגב-שלום,Segev-Shalom,,14654.0,,2015,1896.3200000000002,0.5814983782275419,3.7388204522443473,96.26117954775565,,True,https://www.cbs.gov.il/he/publications/Pages/2019/פסולת-שנאספה-ברשויות-המקומיות-2014-2017.aspx,"CBS - Household and Commercial Waste Collected, by Type of Treatment and Local Authority"
,שדות דן,Sedot Dan,,,,2015,,,,,,False,https://www.cbs.gov.il/he/publications/Pages/2019/פסולת-שנאספה-ברשויות-המקומיות-2014-2017.aspx,"CBS - Household and Commercial Waste Collected, by Type of Treatment and Local Authority"
,שדות נגב,Sedot Negev,,11590.0,,2015,6824.93,2.014592291780896,20.80950280808741,79.19049719191258,,True,https://www.cbs.gov.il/he/publications/Pages/2019/פסולת-שנאספה-ברשויות-המקומיות-2014-2017.aspx,"CBS - Household and Commercial Waste Collected, by Type of Treatment and Local Authority"
1031,שדרות,Sederot,,31108.0,,2015,11773.89,1.4160330498995755,10.602952804892862,89.39704719510712,,True,https://www.cbs.gov.il/he/publications/Pages/2019/פסולת-שנאספה-ברשויות-המקומיות-2014-2017.aspx,"CBS - Household and Commercial Waste Collected, by Type of Treatment and Local Authority"
1304,שוהם,Shoham,,21171.0,,2015,9810.0,1.330760890687353,28.144750254842,71.855249745158,,True,https://www.cbs.gov.il/he/publications/Pages/2019/פסולת-שנאספה-ברשויות-המקומיות-2014-2017.aspx,"CBS - Household and Commercial Waste Collected, by Type of Treatment and Local Authority"
,שומרון,Shomron,,51691.0,,2015,20117.749000000003,1.5618118345714915,3.8597707924480007,96.140229207552,,True,https://www.cbs.gov.il/he/publications/Pages/2019/פסולת-שנאספה-ברשויות-המקומיות-2014-2017.aspx,"CBS - Household and Commercial Waste Collected, by Type of Treatment and Local Authority"
812,שלומי,Shelomi,,7497.0,,2015,2788.101,1.229855558961895,10.010433624893789,89.98956637510621,,True,https://www.cbs.gov.il/he/publications/Pages/2019/פסולת-שנאספה-ברשויות-המקומיות-2014-2017.aspx,"CBS - Household and Commercial Waste Collected, by Type of Treatment and Local Authority"
538,שעב,Sha'ab,,7445.0,,2015,1900.0600000000002,0.7944515582779762,0.17894171762996955,99.82105828237002,,True,https://www.cbs.gov.il/he/publications/Pages/2019/פסולת-שנאספה-ברשויות-המקומיות-2014-2017.aspx,"CBS - Household and Commercial Waste Collected, by Type of Treatment and Local Authority"
,שער הנגב,Sha'ar HaNegev,,8917.0,,2015,3804.25,1.4283407893279467,8.487228757310902,91.5127712426891,,True,https://www.cbs.gov.il/he/publications/Pages/2019/פסולת-שנאספה-ברשויות-המקומיות-2014-2017.aspx,"CBS - Household and Commercial Waste Collected, by Type of Treatment and Local Authority"
692,שפיר,Shafir,,1030.0,,2015,5906.177000000001,1.5634112897888959,13.330670584372935,86.66932941562708,,True,https://www.cbs.gov.il/he/publications/Pages/2019/פסולת-שנאספה-ברשויות-המקומיות-2014-2017.aspx,"CBS - Household and Commercial Waste Collected, by Type of Treatment and Local Authority"
8800,שפרעם,Shefar'am,,42713.0,,2015,19517.753333333334,1.3491944139087635,9.91278709332324,90.08721290667677,,True,https://www.cbs.gov.il/he/publications/Pages/2019/פסולת-שנאספה-ברשויות-המקומיות-2014-2017.aspx,"CBS - Household and Commercial Waste Collected, by Type of Treatment and Local Authority"
5000,תל אביב-יפו,Tel Aviv - Yafo,,492872.0,,2015,405330.803,2.585457470000958,15.111112342478448,84.88888765752155,,True,https://www.cbs.gov.il/he/publications/Pages/2019/פסולת-שנאספה-ברשויות-המקומיות-2014-2017.aspx,"CBS - Household and Commercial Waste Collected, by Type of Treatment and Local Authority"
154,תל מונד,Tel Mond,,14115.0,,2015,6870.32,1.5944089213119261,31.966342179112466,68.03365782088753,,True,https://www.cbs.gov.il/he/publications/Pages/2019/פסולת-שנאספה-ברשויות-המקומיות-2014-2017.aspx,"CBS - Household and Commercial Waste Collected, by Type of Treatment and Local Authority"
1054,תל שבע,Tel Sheva,,22760.0,,2015,4820.0,0.7186459934181271,0.0,100.0,,True,https://www.cbs.gov.il/he/publications/Pages/2019/פסולת-שנאספה-ברשויות-המקומיות-2014-2017.aspx,"CBS - Household and Commercial Waste Collected, by Type of Treatment and Local Authority"
,תמר,Tamar,,1524.0,,2015,14226.192,28.20250976349543,3.0309727297368125,96.9690272702632,,True,https://www.cbs.gov.il/he/publications/Pages/2019/פסולת-שנאספה-ברשויות-המקומיות-2014-2017.aspx,"CBS - Household and Commercial Waste Collected, by Type of Treatment and Local Authority"
472,אבו גוש,Abu Ghosh,,8657.0,,2016,2939.422,1.1408430314356295,33.46700473766611,66.5329952623339,,True,https://www.cbs.gov.il/he/publications/Pages/2019/פסולת-שנאספה-ברשויות-המקומיות-2014-2017.aspx,"CBS - Household and Commercial Waste Collected, by Type of Treatment and Local Authority"
473,אבו סנאן,Abu Snan,,13895.0,,2016,5800.5,1.1826001504627033,5.628825101284372,94.37117489871562,,True,https://www.cbs.gov.il/he/publications/Pages/2019/פסולת-שנאספה-ברשויות-המקומיות-2014-2017.aspx,"CBS - Household and Commercial Waste Collected, by Type of Treatment and Local Authority"
182,אבן יהודה,Even Yehuda,,14989.0,,2016,9605.95,1.9667205644267618,11.51005366465576,88.48994633534424,,True,https://www.cbs.gov.il/he/publications/Pages/2019/פסולת-שנאספה-ברשויות-המקומיות-2014-2017.aspx,"CBS - Household and Commercial Waste Collected, by Type of Treatment and Local Authority"
2710,אום אל-פחם,Umm Al-Fahm,,57560.0,,2016,,,,,,False,https://www.cbs.gov.il/he/publications/Pages/2019/פסולת-שנאספה-ברשויות-המקומיות-2014-2017.aspx,"CBS - Household and Commercial Waste Collected, by Type of Treatment and Local Authority"
31,אופקים,Ofaqim,,35355.0,,2016,14702.98,1.5415164451448011,17.68616260105095,82.31383739894905,,True,https://www.cbs.gov.il/he/publications/Pages/2019/פסולת-שנאספה-ברשויות-המקומיות-2014-2017.aspx,"CBS - Household and Commercial Waste Collected, by Type of Treatment and Local Authority"
2400,אור יהודה,Or Yehuda,,36850.0,,2016,29619.948,2.232477096719489,10.882355364026973,89.11764463597302,,True,https://www.cbs.gov.il/he/publications/Pages/2019/פסולת-שנאספה-ברשויות-המקומיות-2014-2017.aspx,"CBS - Household and Commercial Waste Collected, by Type of Treatment and Local Authority"
1020,אור עקיבא,Or Aqiva,,22173.0,,2016,13118.986,2.074479244907092,25.184766566562384,74.81523343343761,,True,https://www.cbs.gov.il/he/publications/Pages/2019/פסולת-שנאספה-ברשויות-המקומיות-2014-2017.aspx,"CBS - Household and Commercial Waste Collected, by Type of Treatment and Local Authority"
3760,אורנית,Oranit,,9979.0,,2016,4961.032999999999,1.5853351878318902,19.22218618582058,80.77781381417942,,True,https://www.cbs.gov.il/he/publications/Pages/2019/פסולת-שנאספה-ברשויות-המקומיות-2014-2017.aspx,"CBS - Household and Commercial Waste Collected, by Type of Treatment and Local Authority"
565,אזור,Azor,,13191.0,,2016,9268.41,2.0481451935464627,23.101157587978953,76.89884241202104,,True,https://www.cbs.gov.il/he/publications/Pages/2019/פסולת-שנאספה-ברשויות-המקומיות-2014-2017.aspx,"CBS - Household and Commercial Waste Collected, by Type of Treatment and Local Authority"
2600,אילת,Eilat,,55213.0,,2016,63302.325,3.4753627516834715,7.668383428254809,92.33161657174519,,True,https://www.cbs.gov.il/he/publications/Pages/2019/פסולת-שנאספה-ברשויות-המקומיות-2014-2017.aspx,"CBS - Household and Commercial Waste Collected, by Type of Treatment and Local Authority"
478,אכסאל,Iksal,,14646.0,,2016,6477.44,1.2811443083240046,16.41759707538781,83.5824029246122,,True,https://www.cbs.gov.il/he/publications/Pages/2019/פסולת-שנאספה-ברשויות-המקומיות-2014-2017.aspx,"CBS - Household and Commercial Waste Collected, by Type of Treatment and Local Authority"
,אל קסום,El Kasum,,18954.0,,2016,3554.23,1.064104080248734,2.2066664228257595,97.79333357717425,,True,https://www.cbs.gov.il/he/publications/Pages/2019/פסולת-שנאספה-ברשויות-המקומיות-2014-2017.aspx,"CBS - Household and Commercial Waste Collected, by Type of Treatment and Local Authority"
,אל-בטוף,El Batuf,,8903.0,,2016,2124.0,0.7737239838042522,34.79708097928438,65.20291902071563,,True,https://www.cbs.gov.il/he/publications/Pages/2019/פסולת-שנאספה-ברשויות-המקומיות-2014-2017.aspx,"CBS - Household and Commercial Waste Collected, by Type of Treatment and Local Authority"
,אלונה,Allona,,2195.0,,2016,1797.0,2.1598103405276934,49.52698942682248,50.473010573177525,,True,https://www.cbs.gov.il/he/publications/Pages/2019/פסולת-שנאספה-ברשויות-המקומיות-2014-2017.aspx,"CBS - Household and Commercial Waste Collected, by Type of Treatment and Local Authority"
41,אליכין,Elyakhin,,3926.0,,2016,2154.65,1.7258151395794494,10.50462952219618,89.49537047780383,,True,https://www.cbs.gov.il/he/publications/Pages/2019/פסולת-שנאספה-ברשויות-המקומיות-2014-2017.aspx,"CBS - Household and Commercial Waste Collected, by Type of Treatment and Local Authority"
1309,אלעד,El'ad,,48825.0,,2016,16264.747,0.9823193061510814,9.52324066276592,90.47675933723409,,True,https://www.cbs.gov.il/he/publications/Pages/2019/פסולת-שנאספה-ברשויות-המקומיות-2014-2017.aspx,"CBS - Household and Commercial Waste Collected, by Type of Treatment and Local Authority"
3750,אלפי מנשה,Alfei Menashe,,8068.0,,2016,4392.6900000000005,1.5611320694367201,24.123942276828092,75.87605772317191,,True,https://www.cbs.gov.il/he/publications/Pages/2019/פסולת-שנאספה-ברשויות-המקומיות-2014-2017.aspx,"CBS - Household and Commercial Waste Collected, by Type of Treatment and Local Authority"
3560,אלקנה,Elqana,,4144.0,,2016,2306.42,1.6113627193955344,5.5757407584048,94.4242592415952,,True,https://www.cbs.gov.il/he/publications/Pages/2019/פסולת-שנאספה-ברשויות-המקומיות-2014-2017.aspx,"CBS - Household and Commercial Waste Collected, by Type of Treatment and Local Authority"
529,אעבלין,I'billin,,13357.0,,2016,5500.0,1.1808701187794313,0.0,100.0,,True,https://www.cbs.gov.il/he/publications/Pages/2019/פסולת-שנאספה-ברשויות-המקומיות-2014-2017.aspx,"CBS - Household and Commercial Waste Collected, by Type of Treatment and Local Authority"
3650,אפרת,Efrat,,12082.0,,2016,3277.529,1.0589694565539614,4.889018525846758,95.11098147415325,,True,https://www.cbs.gov.il/he/publications/Pages/2019/פסולת-שנאספה-ברשויות-המקומיות-2014-2017.aspx,"CBS - Household and Commercial Waste Collected, by Type of Treatment and Local Authority"
3570,אריאל,Ariel,,21428.0,,2016,8131.037,1.1744109285726407,15.040433956947924,84.95956604305206,,True,https://www.cbs.gov.il/he/publications/Pages/2019/פסולת-שנאספה-ברשויות-המקומיות-2014-2017.aspx,"CBS - Household and Commercial Waste Collected, by Type of Treatment and Local Authority"
70,אשדוד,Ashdod,,227865.0,,2016,162253.36299999998,2.0125168885893427,6.504495688018497,93.4955043119815,,True,https://www.cbs.gov.il/he/publications/Pages/2019/פסולת-שנאספה-ברשויות-המקומיות-2014-2017.aspx,"CBS - Household and Commercial Waste Collected, by Type of Treatment and Local Authority"
,אשכול,Eshkol,,18228.0,,2016,8371.46,1.7164725976137603,22.278073358768964,77.72192664123104,,True,https://www.cbs.gov.il/he/publications/Pages/2019/פסולת-שנאספה-ברשויות-המקומיות-2014-2017.aspx,"CBS - Household and Commercial Waste Collected, by Type of Treatment and Local Authority"
7100,אשקלון,Ashqelon,,152370.0,,2016,106410.969,2.1993323730158574,14.66852444506919,85.33147555493082,,True,https://www.cbs.gov.il/he/publications/Pages/2019/פסולת-שנאספה-ברשויות-המקומיות-2014-2017.aspx,"CBS - Household and Commercial Waste Collected, by Type of Treatment and Local Authority"
6000,באקה אל-גרביה,Baqa Al-Gharbiyye,,29868.0,,2016,15280.33,1.4779586523881019,8.71633662362004,91.28366337637996,,True,https://www.cbs.gov.il/he/publications/Pages/2019/פסולת-שנאספה-ברשויות-המקומיות-2014-2017.aspx,"CBS - Household and Commercial Waste Collected, by Type of Treatment and Local Authority"
155,באר טוביה,Be'er Toviyya,,1404.0,,2016,63881.42999999999,7.774759736944433,10.500939005279001,89.499060994721,,True,https://www.cbs.gov.il/he/publications/Pages/2019/פסולת-שנאספה-ברשויות-המקומיות-2014-2017.aspx,"CBS - Household and Commercial Waste Collected, by Type of Treatment and Local Authority"
2530,באר יעקב,Be'er Ya'aqov,,31439.0,,2016,16578.139,2.342482214812635,11.722902070009187,88.27709792999082,,True,https://www.cbs.gov.il/he/publications/Pages/2019/פסולת-שנאספה-ברשויות-המקומיות-2014-2017.aspx,"CBS - Household and Commercial Waste Collected, by Type of Treatment and Local Authority"
9000,באר שבע,Be'er Sheva,,217577.0,,2016,147403.938505,1.9728021360432897,29.39057798888492,70.60942201111507,,True,https://www.cbs.gov.il/he/publications/Pages/2019/פסולת-שנאספה-ברשויות-המקומיות-2014-2017.aspx,"CBS - Household and Commercial Waste Collected, by Type of Treatment and Local Authority"
,בוסתן אל-מרג',Bustan El-Marj,,8111.0,,2016,3461.28,1.2637205362619388,0.0,100.0,,True,https://www.cbs.gov.il/he/publications/Pages/2019/פסולת-שנאספה-ברשויות-המקומיות-2014-2017.aspx,"CBS - Household and Commercial Waste Collected, by Type of Treatment and Local Authority"
482,בועיינה-נוג'ידאת,Bu'eine-Nujeidat,,10087.0,,2016,2235.6440000000002,0.6663097149626892,38.29607934000225,61.70392065999775,,True,https://www.cbs.gov.il/he/publications/Pages/2019/פסולת-שנאספה-ברשויות-המקומיות-2014-2017.aspx,"CBS - Household and Commercial Waste Collected, by Type of Treatment and Local Authority"
4001,בוקעאתא,Buq'ata,,6720.0,,2016,2341.0,1.005281916949371,2.776591200341734,97.22340879965826,,True,https://www.cbs.gov.il/he/publications/Pages/2019/פסולת-שנאספה-ברשויות-המקומיות-2014-2017.aspx,"CBS - Household and Commercial Waste Collected, by Type of Treatment and Local Authority"
998,ביר אל-מכסור,Bir El-Maksur,,10510.0,,2016,2662.84,0.8284637809214763,35.025386429526364,64.97461357047362,,True,https://www.cbs.gov.il/he/publications/Pages/2019/פסולת-שנאספה-ברשויות-המקומיות-2014-2017.aspx,"CBS - Household and Commercial Waste Collected, by Type of Treatment and Local Authority"
3574,בית אל,Bet El,,5629.0,,2016,2368.427,1.0671558417713034,2.8570439367563365,97.14295606324367,,True,https://www.cbs.gov.il/he/publications/Pages/2019/פסולת-שנאספה-ברשויות-המקומיות-2014-2017.aspx,"CBS - Household and Commercial Waste Collected, by Type of Treatment and Local Authority"
3652,בית אריה-עופרים,Bet Arye,,5373.0,,2016,3116.7,1.7858212087397345,13.121250040106524,86.87874995989348,,True,https://www.cbs.gov.il/he/publications/Pages/2019/פסולת-שנאספה-ברשויות-המקומיות-2014-2017.aspx,"CBS - Household and Commercial Waste Collected, by Type of Treatment and Local Authority"
480,בית ג'ן,Beit Jann,,12038.0,,2016,5482.03,1.3063634229775247,1.3225027954972883,98.6774972045027,,True,https://www.cbs.gov.il/he/publications/Pages/2019/פסולת-שנאספה-ברשויות-המקומיות-2014-2017.aspx,"CBS - Household and Commercial Waste Collected, by Type of Treatment and Local Authority"
466,בית דגן,Bet Dagan,,7616.0,,2016,4585.9580000000005,1.7699892221104019,10.563943237160043,89.43605676283997,,True,https://www.cbs.gov.il/he/publications/Pages/2019/פסולת-שנאספה-ברשויות-המקומיות-2014-2017.aspx,"CBS - Household and Commercial Waste Collected, by Type of Treatment and Local Authority"
9200,בית שאן,Bet She'an,,19825.0,,2016,13534.54,2.1238255108593784,1.8806697530909804,98.11933024690902,,True,https://www.cbs.gov.il/he/publications/Pages/2019/פסולת-שנאספה-ברשויות-המקומיות-2014-2017.aspx,"CBS - Household and Commercial Waste Collected, by Type of Treatment and Local Authority"
2610,בית שמש,Bet Shemesh,,145554.0,,2016,59236.5,1.5189886076816028,4.259569690984443,95.74043030901555,,True,https://www.cbs.gov.il/he/publications/Pages/2019/פסולת-שנאספה-ברשויות-המקומיות-2014-2017.aspx,"CBS - Household and Commercial Waste Collected, by Type of Treatment and Local Authority"
3780,ביתר עילית,Betar Illit,,65660.0,,2016,18327.419,0.994505923990435,2.6631082096175134,97.33689179038248,,True,https://www.cbs.gov.il/he/publications/Pages/2019/פסולת-שנאספה-ברשויות-המקומיות-2014-2017.aspx,"CBS - Household and Commercial Waste Collected, by Type of Treatment and Local Authority"
6100,בני ברק,Bene Beraq,,216869.0,,2016,88627.51999999999,1.3062898851562483,7.960416809586911,92.0395831904131,,True,https://www.cbs.gov.il/he/publications/Pages/2019/פסולת-שנאספה-ברשויות-המקומיות-2014-2017.aspx,"CBS - Household and Commercial Waste Collected, by Type of Treatment and Local Authority"
1066,"בני עי""ש",Bene Ayish,,6740.0,,2016,3110.7529999999997,1.2284844625447362,6.274268641708295,93.7257313582917,,True,https://www.cbs.gov.il/he/publications/Pages/2019/פסולת-שנאספה-ברשויות-המקומיות-2014-2017.aspx,"CBS - Household and Commercial Waste Collected, by Type of Treatment and Local Authority"
,בני שמעון,Bene Shim'on,,11508.0,,2016,8785.560000000001,2.6153123699962277,34.574460819799754,65.42553918020026,,True,https://www.cbs.gov.il/he/publications/Pages/2019/פסולת-שנאספה-ברשויות-המקומיות-2014-2017.aspx,"CBS - Household and Commercial Waste Collected, by Type of Treatment and Local Authority"
9800,בנימינה-גבעת עדה,Binyamina-Giv'at Ada,,15268.0,,2016,6147.6,1.122101247570113,33.97927646561259,66.0207235343874,,True,https://www.cbs.gov.il/he/publications/Pages/2019/פסולת-שנאספה-ברשויות-המקומיות-2014-2017.aspx,"CBS - Household and Commercial Waste Collected, by Type of Treatment and Local Authority"
1326,"בסמ""ה",Basma,,11266.0,,2016,3950.0,1.1959241693246965,1.5189873417721518,98.48101265822785,,True,https://www.cbs.gov.il/he/publications/Pages/2019/פסולת-שנאספה-ברשויות-המקומיות-2014-2017.aspx,"CBS - Household and Commercial Waste Collected, by Type of Treatment and Local Authority"
944,בסמת טבעון,Basmat Tab'un,,8043.0,,2016,3250.63,1.1775533011289643,0.0,100.0,,True,https://www.cbs.gov.il/he/publications/Pages/2019/פסולת-שנאספה-ברשויות-המקומיות-2014-2017.aspx,"CBS - Household and Commercial Waste Collected, by Type of Treatment and Local Authority"
483,בענה,Bi'ne,,8518.0,,2016,4810.792,1.6567471629431865,0.2683965550786648,99.73160344492133,,True,https://www.cbs.gov.il/he/publications/Pages/2019/פסולת-שנאספה-ברשויות-המקומיות-2014-2017.aspx,"CBS - Household and Commercial Waste Collected, by Type of Treatment and Local Authority"
,ברנר,Brenner,,7758.0,,2016,7657.68,2.698385235431441,32.82071071133816,67.17928928866183,,True,https://www.cbs.gov.il/he/publications/Pages/2019/פסולת-שנאספה-ברשויות-המקומיות-2014-2017.aspx,"CBS - Household and Commercial Waste Collected, by Type of Treatment and Local Authority"
6200,בת ים,Bat Yam,,128152.0,,2016,73550.391,1.5633130114349734,16.065843891978766,83.93415610802123,,True,https://www.cbs.gov.il/he/publications/Pages/2019/פסולת-שנאספה-ברשויות-המקומיות-2014-2017.aspx,"CBS - Household and Commercial Waste Collected, by Type of Treatment and Local Authority"
1292,ג'דיידה-מכר,Judeide-Maker,,19842.0,,2016,8704.6233,1.182510624207196,0.0,100.0,,True,https://www.cbs.gov.il/he/publications/Pages/2019/פסולת-שנאספה-ברשויות-המקומיות-2014-2017.aspx,"CBS - Household and Commercial Waste Collected, by Type of Treatment and Local Authority"
485,ג'ולס,Julis,,6543.0,,2016,2242.1130000000003,0.9966375180442533,0.9117738490432908,99.0882261509567,,True,https://www.cbs.gov.il/he/publications/Pages/2019/פסולת-שנאספה-ברשויות-המקומיות-2014-2017.aspx,"CBS - Household and Commercial Waste Collected, by Type of Treatment and Local Authority"
627,ג'לג'וליה,Jaljulye,,10502.0,,2016,3415.326,0.9859913102472682,31.767597002453062,68.23240299754694,,True,https://www.cbs.gov.il/he/publications/Pages/2019/פסולת-שנאספה-ברשויות-המקומיות-2014-2017.aspx,"CBS - Household and Commercial Waste Collected, by Type of Treatment and Local Authority"
541,ג'סר א-זרקא,Jisr Az-Zarqa,,15418.0,,2016,6000.0,1.1671238712331684,1.35,98.65,,True,https://www.cbs.gov.il/he/publications/Pages/2019/פסולת-שנאספה-ברשויות-המקומיות-2014-2017.aspx,"CBS - Household and Commercial Waste Collected, by Type of Treatment and Local Authority"
487,ג'ש (גוש חלב),Jish(Gush Halav),,3256.0,,2016,1131.09,1.0067825576116851,5.400984890680672,94.59901510931934,,True,https://www.cbs.gov.il/he/publications/Pages/2019/פסולת-שנאספה-ברשויות-המקומיות-2014-2017.aspx,"CBS - Household and Commercial Waste Collected, by Type of Treatment and Local Authority"
628,ג'ת,Jatt,,12232.0,,2016,5550.379999999999,1.3458288829051424,21.851657003664616,78.14834299633537,,True,https://www.cbs.gov.il/he/publications/Pages/2019/פסולת-שנאספה-ברשויות-המקומיות-2014-2017.aspx,"CBS - Household and Commercial Waste Collected, by Type of Treatment and Local Authority"
3730,גבעת זאב,Giv'at Ze'ev,,22117.0,,2016,7722.6269999999995,1.2827623494471214,32.088070549050215,67.91192945094978,,True,https://www.cbs.gov.il/he/publications/Pages/2019/פסולת-שנאספה-ברשויות-המקומיות-2014-2017.aspx,"CBS - Household and Commercial Waste Collected, by Type of Treatment and Local Authority"
681,גבעת שמואל,Giv'at Shemu'el,,27472.0,,2016,11051.308,1.1910450479675685,18.266263142788162,81.73373685721184,,True,https://www.cbs.gov.il/he/publications/Pages/2019/פסולת-שנאספה-ברשויות-המקומיות-2014-2017.aspx,"CBS - Household and Commercial Waste Collected, by Type of Treatment and Local Authority"
6300,גבעתיים,Giv'atayim,,58052.0,,2016,28227.0,1.3331651940308658,21.794735536897296,78.20526446310271,,True,https://www.cbs.gov.il/he/publications/Pages/2019/פסולת-שנאספה-ברשויות-המקומיות-2014-2017.aspx,"CBS - Household and Commercial Waste Collected, by Type of Treatment and Local Authority"
2550,גדרה,Gedera,,29260.0,,2016,15734.479,1.6186907100176713,26.06046885950275,73.93953114049725,,True,https://www.cbs.gov.il/he/publications/Pages/2019/פסולת-שנאספה-ברשויות-המקומיות-2014-2017.aspx,"CBS - Household and Commercial Waste Collected, by Type of Treatment and Local Authority"
,גדרות,Gederot,,5008.0,,2016,2976.71,1.591912914896291,31.909053955541516,68.09094604445848,,True,https://www.cbs.gov.il/he/publications/Pages/2019/פסולת-שנאספה-ברשויות-המקומיות-2014-2017.aspx,"CBS - Household and Commercial Waste Collected, by Type of Treatment and Local Authority"
,גולן,Golan,,20110.0,,2016,12258.766,2.0920431215879285,26.10102028213933,73.89897971786067,,True,https://www.cbs.gov.il/he/publications/Pages/2019/פסולת-שנאספה-ברשויות-המקומיות-2014-2017.aspx,"CBS - Household and Commercial Waste Collected, by Type of Treatment and Local Authority"
,גוש עציון,Gush Etzion,,26401.0,,2016,10429.84,1.2684735699200533,14.190917597968902,85.8090824020311,,True,https://www.cbs.gov.il/he/publications/Pages/2019/פסולת-שנאספה-ברשויות-המקומיות-2014-2017.aspx,"CBS - Household and Commercial Waste Collected, by Type of Treatment and Local Authority"
370,גזר,Gezer,,396.0,,2016,20378.02,2.1742845596659297,24.60560446991415,75.39439553008584,,True,https://www.cbs.gov.il/he/publications/Pages/2019/פסולת-שנאספה-ברשויות-המקומיות-2014-2017.aspx,"CBS - Household and Commercial Waste Collected, by Type of Treatment and Local Authority"
166,גן יבנה,Gan Yavne,,23688.0,,2016,13934.29,1.6762299445137812,28.80010391631005,71.19989608368995,,True,https://www.cbs.gov.il/he/publications/Pages/2019/פסולת-שנאספה-ברשויות-המקומיות-2014-2017.aspx,"CBS - Household and Commercial Waste Collected, by Type of Treatment and Local Authority"
,גן רווה,Gan Rawe,,5976.0,,2016,4967.71,2.308764102385351,31.933667625525647,68.06633237447434,,True,https://www.cbs.gov.il/he/publications/Pages/2019/פסולת-שנאספה-ברשויות-המקומיות-2014-2017.aspx,"CBS - Household and Commercial Waste Collected, by Type of Treatment and Local Authority"
229,גני תקווה,Ganne Tiqwa,,23650.0,,2016,10203.55,1.6757541965501328,14.186729128587599,85.8132708714124,,True,https://www.cbs.gov.il/he/publications/Pages/2019/פסולת-שנאספה-ברשויות-המקומיות-2014-2017.aspx,"CBS - Household and Commercial Waste Collected, by Type of Treatment and Local Authority"
494,דאלית אל-כרמל,Daliyat Al-Karmel,,17672.0,,2016,15464.738000000001,2.5088314309260693,12.55493626856142,87.44506373143858,,True,https://www.cbs.gov.il/he/publications/Pages/2019/פסולת-שנאספה-ברשויות-המקומיות-2014-2017.aspx,"CBS - Household and Commercial Waste Collected, by Type of Treatment and Local Authority"
489,דבורייה,Daburiyya,,10480.0,,2016,4356.0,1.1977365089665262,3.581267217630854,96.41873278236915,,True,https://www.cbs.gov.il/he/publications/Pages/2019/פסולת-שנאספה-ברשויות-המקומיות-2014-2017.aspx,"CBS - Household and Commercial Waste Collected, by Type of Treatment and Local Authority"
490,דייר אל-אסד,Deir Al-Asad,,12176.0,,2016,4512.0,1.0469758478543607,6.914893617021277,93.08510638297872,,True,https://www.cbs.gov.il/he/publications/Pages/2019/פסולת-שנאספה-ברשויות-המקומיות-2014-2017.aspx,"CBS - Household and Commercial Waste Collected, by Type of Treatment and Local Authority"
492,דייר חנא,Deir Hanna,,10283.0,,2016,4103.15,1.1369412742670104,3.561897566503784,96.43810243349621,,True,https://www.cbs.gov.il/he/publications/Pages/2019/פסולת-שנאספה-ברשויות-המקומיות-2014-2017.aspx,"CBS - Household and Commercial Waste Collected, by Type of Treatment and Local Authority"
2200,דימונה,Dimona,,37213.0,,2016,21772.940000000002,1.788394256062327,20.40716595921359,79.59283404078641,,True,https://www.cbs.gov.il/he/publications/Pages/2019/פסולת-שנאספה-ברשויות-המקומיות-2014-2017.aspx,"CBS - Household and Commercial Waste Collected, by Type of Treatment and Local Authority"
,דרום השרון,Derom HaSharon,,34313.0,,2016,25039.48,2.178338177931036,35.25025280077701,64.74974719922298,,True,https://www.cbs.gov.il/he/publications/Pages/2019/פסולת-שנאספה-ברשויות-המקומיות-2014-2017.aspx,"CBS - Household and Commercial Waste Collected, by Type of Treatment and Local Authority"
,הגלבוע,HaGilbo'a,,32947.0,,2016,26942.3,2.533099538364626,25.44697371790827,74.55302628209172,,True,https://www.cbs.gov.il/he/publications/Pages/2019/פסולת-שנאספה-ברשויות-המקומיות-2014-2017.aspx,"CBS - Household and Commercial Waste Collected, by Type of Treatment and Local Authority"
,הגליל העליון,HaGalil HaElyon,,19674.0,,2016,16198.12,2.558128369777733,25.744469111230188,74.25553088876981,,True,https://www.cbs.gov.il/he/publications/Pages/2019/פסולת-שנאספה-ברשויות-המקומיות-2014-2017.aspx,"CBS - Household and Commercial Waste Collected, by Type of Treatment and Local Authority"
,הגליל התחתון,HaGalil HaTahton,,12801.0,,2016,8160.199999999999,1.9100138683269645,40.84985662116126,59.15014337883875,,True,https://www.cbs.gov.il/he/publications/Pages/2019/פסולת-שנאספה-ברשויות-המקומיות-2014-2017.aspx,"CBS - Household and Commercial Waste Collected, by Type of Treatment and Local Authority"
9700,הוד השרון,Hod HaSharon,,65020.0,,2016,33737.956,1.599556231375556,25.881105541782084,74.11889445821791,,True,https://www.cbs.gov.il/he/publications/Pages/2019/פסולת-שנאספה-ברשויות-המקומיות-2014-2017.aspx,"CBS - Household and Commercial Waste Collected, by Type of Treatment and Local Authority"
,הערבה התיכונה,HaArava HaTikhona,,6089.0,,2016,2686.28,2.326800895629691,10.532036868829755,89.46796313117024,,True,https://www.cbs.gov.il/he/publications/Pages/2019/פסולת-שנאספה-ברשויות-המקומיות-2014-2017.aspx,"CBS - Household and Commercial Waste Collected, by Type of Treatment and Local Authority"
3769,הר אדר,Har Adar,,4405.0,,2016,2403.02,1.6799225410452066,36.20943645912227,63.790563540877734,,True,https://www.cbs.gov.il/he/publications/Pages/2019/פסולת-שנאספה-ברשויות-המקומיות-2014-2017.aspx,"CBS - Household and Commercial Waste Collected, by Type of Treatment and Local Authority"
,הר חברון,Har Hevron,,10631.0,,2016,3810.973,1.3522012455880617,10.057090407095512,89.94290959290448,,True,https://www.cbs.gov.il/he/publications/Pages/2019/פסולת-שנאספה-ברשויות-המקומיות-2014-2017.aspx,"CBS - Household and Commercial Waste Collected, by Type of Treatment and Local Authority"
6400,הרצלייה,Herzliyya,,105273.0,,2016,74348.4,2.201600140242134,37.669943132602725,62.330056867397275,,True,https://www.cbs.gov.il/he/publications/Pages/2019/פסולת-שנאספה-ברשויות-המקומיות-2014-2017.aspx,"CBS - Household and Commercial Waste Collected, by Type of Treatment and Local Authority"
,זבולון,Zevulun,,13401.0,,2016,9193.733,1.9400993290488404,28.85099012555618,71.14900987444382,,True,https://www.cbs.gov.il/he/publications/Pages/2019/פסולת-שנאספה-ברשויות-המקומיות-2014-2017.aspx,"CBS - Household and Commercial Waste Collected, by Type of Treatment and Local Authority"
9300,זכרון יעקב,Zikhron Ya'aqov,,23513.0,,2016,12852.836,1.5583841969847978,40.01261667074878,59.98738332925122,,True,https://www.cbs.gov.il/he/publications/Pages/2019/פסולת-שנאספה-ברשויות-המקומיות-2014-2017.aspx,"CBS - Household and Commercial Waste Collected, by Type of Treatment and Local Authority"
1290,זמר,Zemer,,7482.0,,2016,2105.0,0.8836471750051687,30.8812351543943,69.11876484560571,,True,https://www.cbs.gov.il/he/publications/Pages/2019/פסולת-שנאספה-ברשויות-המקומיות-2014-2017.aspx,"CBS - Household and Commercial Waste Collected, by Type of Treatment and Local Authority"
975,זרזיר,Zarzir,,8836.0,,2016,2964.615,1.0774335579640948,0.0,100.0,,True,https://www.cbs.gov.il/he/publications/Pages/2019/פסולת-שנאספה-ברשויות-המקומיות-2014-2017.aspx,"CBS - Household and Commercial Waste Collected, by Type of Treatment and Local Authority"
,חבל אילות,Hevel Elot,,4678.0,,2016,3506.3563333333336,2.4496890750382656,33.44578308213398,66.55421691786601,,True,https://www.cbs.gov.il/he/publications/Pages/2019/פסולת-שנאספה-ברשויות-המקומיות-2014-2017.aspx,"CBS - Household and Commercial Waste Collected, by Type of Treatment and Local Authority"
,חבל יבנה,Hevel Yavne,,6388.0,,2016,4644.2,1.8887902644456849,33.896042375436025,66.10395762456398,,True,https://www.cbs.gov.il/he/publications/Pages/2019/פסולת-שנאספה-ברשויות-המקומיות-2014-2017.aspx,"CBS - Household and Commercial Waste Collected, by Type of Treatment and Local Authority"
,חבל מודיעין,Hevel Modi'in,,23646.0,,2016,19962.519999999997,2.358982752116213,34.632501307450156,65.36749869254984,,True,https://www.cbs.gov.il/he/publications/Pages/2019/פסולת-שנאספה-ברשויות-המקומיות-2014-2017.aspx,"CBS - Household and Commercial Waste Collected, by Type of Treatment and Local Authority"
6500,חדרה,Hadera,,103847.0,,2016,61610.37,1.8704142528292464,12.940678655232876,87.05932134476713,,True,https://www.cbs.gov.il/he/publications/Pages/2019/פסולת-שנאספה-ברשויות-המקומיות-2014-2017.aspx,"CBS - Household and Commercial Waste Collected, by Type of Treatment and Local Authority"
6600,חולון,Holon,,192655.0,,2016,128214.63,1.850402236162317,19.64052776192545,80.35947223807455,,True,https://www.cbs.gov.il/he/publications/Pages/2019/פסולת-שנאספה-ברשויות-המקומיות-2014-2017.aspx,"CBS - Household and Commercial Waste Collected, by Type of Treatment and Local Authority"
,חוף אשקלון,Hof Ashqelon,,20100.0,,2016,11709.562000000002,1.9757955152319961,28.664624688779988,71.33537531122,,True,https://www.cbs.gov.il/he/publications/Pages/2019/פסולת-שנאספה-ברשויות-המקומיות-2014-2017.aspx,"CBS - Household and Commercial Waste Collected, by Type of Treatment and Local Authority"
,חוף הכרמל,Hof HaKarmel,,34463.0,,2016,24691.85,2.2830449228709475,20.007310104346175,79.99268989565384,,True,https://www.cbs.gov.il/he/publications/Pages/2019/פסולת-שנאספה-ברשויות-המקומיות-2014-2017.aspx,"CBS - Household and Commercial Waste Collected, by Type of Treatment and Local Authority"
,חוף השרון,Hof HaSharon,,12534.0,,2016,15451.06,2.873352875131628,33.883646170553995,66.11635382944601,,True,https://www.cbs.gov.il/he/publications/Pages/2019/פסולת-שנאספה-ברשויות-המקומיות-2014-2017.aspx,"CBS - Household and Commercial Waste Collected, by Type of Treatment and Local Authority"
1303,חורה,Hura,,20671.0,,2016,4860.0,0.6767162275437429,1.440329218106996,98.559670781893,,True,https://www.cbs.gov.il/he/publications/Pages/2019/פסולת-שנאספה-ברשויות-המקומיות-2014-2017.aspx,"CBS - Household and Commercial Waste Collected, by Type of Treatment and Local Authority"
496,חורפיש,Hurfeish,,6544.0,,2016,2823.57,1.26433083585488,3.8097160686648457,96.19028393133516,,True,https://www.cbs.gov.il/he/publications/Pages/2019/פסולת-שנאספה-ברשויות-המקומיות-2014-2017.aspx,"CBS - Household and Commercial Waste Collected, by Type of Treatment and Local Authority"
4000,חיפה,Haifa,,289507.0,,2016,168706.44000000003,1.6551992488998426,26.1115165491015,73.8884834508985,,True,https://www.cbs.gov.il/he/publications/Pages/2019/פסולת-שנאספה-ברשויות-המקומיות-2014-2017.aspx,"CBS - Household and Commercial Waste Collected, by Type of Treatment and Local Authority"
2034,חצור הגלילית,Hazor HaGelilit,,10638.0,,2016,9181.116,2.8202424560772985,1.7200196577409546,98.27998034225905,,True,https://www.cbs.gov.il/he/publications/Pages/2019/פסולת-שנאספה-ברשויות-המקומיות-2014-2017.aspx,"CBS - Household and Commercial Waste Collected, by Type of Treatment and Local Authority"
1247,חריש,Harish,,31733.0,,2016,315.625,0.7375062067354032,36.84435643564356,63.15564356435643,,True,https://www.cbs.gov.il/he/publications/Pages/2019/פסולת-שנאספה-ברשויות-המקומיות-2014-2017.aspx,"CBS - Household and Commercial Waste Collected, by Type of Treatment and Local Authority"
6700,טבריה,Tiberias,,48509.0,,2016,36454.23,2.329219495317662,11.631331946937292,88.3686680530627,,True,https://www.cbs.gov.il/he/publications/Pages/2019/פסולת-שנאספה-ברשויות-המקומיות-2014-2017.aspx,"CBS - Household and Commercial Waste Collected, by Type of Treatment and Local Authority"
962,טובא-זנגרייה,Tuba-Zangariyye,,6935.0,,2016,2886.2,1.2490952152711432,0.0,100.0,,True,https://www.cbs.gov.il/he/publications/Pages/2019/פסולת-שנאספה-ברשויות-המקומיות-2014-2017.aspx,"CBS - Household and Commercial Waste Collected, by Type of Treatment and Local Authority"
498,טורעאן,Tur'an,,14397.0,,2016,5476.03,1.11957180088864,36.43516744795043,63.564832552049566,,True,https://www.cbs.gov.il/he/publications/Pages/2019/פסולת-שנאספה-ברשויות-המקומיות-2014-2017.aspx,"CBS - Household and Commercial Waste Collected, by Type of Treatment and Local Authority"
2730,טייבה,Tayibe,,45071.0,,2016,21941.41,1.4569779212970388,39.572661920997795,60.42733807900221,,True,https://www.cbs.gov.il/he/publications/Pages/2019/פסולת-שנאספה-ברשויות-המקומיות-2014-2017.aspx,"CBS - Household and Commercial Waste Collected, by Type of Treatment and Local Authority"
2720,טירה,Tire,,26567.0,,2016,15934.84,1.7413731632959437,16.233321451611687,83.76667854838831,,True,https://www.cbs.gov.il/he/publications/Pages/2019/פסולת-שנאספה-ברשויות-המקומיות-2014-2017.aspx,"CBS - Household and Commercial Waste Collected, by Type of Treatment and Local Authority"
2100,טירת כרמל,Tirat Karmel,,29069.0,,2016,11427.64,1.5787309451996079,9.698975466500519,90.30102453349949,,True,https://www.cbs.gov.il/he/publications/Pages/2019/פסולת-שנאספה-ברשויות-המקומיות-2014-2017.aspx,"CBS - Household and Commercial Waste Collected, by Type of Treatment and Local Authority"
8900,טמרה,Tamra,,35349.0,,2016,22994.616,1.9326905632569595,21.28218188118471,78.71781811881529,,True,https://www.cbs.gov.il/he/publications/Pages/2019/פסולת-שנאספה-ברשויות-המקומיות-2014-2017.aspx,"CBS - Household and Commercial Waste Collected, by Type of Treatment and Local Authority"
1295,יאנוח-ג'ת,Yanuh-Jat,,6759.0,,2016,3238.74,1.406667766958244,0.5786200806486473,99.42137991935137,,True,https://www.cbs.gov.il/he/publications/Pages/2019/פסולת-שנאספה-ברשויות-המקומיות-2014-2017.aspx,"CBS - Household and Commercial Waste Collected, by Type of Treatment and Local Authority"
46,יבנאל,Yavne'el,,4557.0,,2016,2430.929,1.6089091561915194,51.088657875240294,48.91134212475971,,True,https://www.cbs.gov.il/he/publications/Pages/2019/פסולת-שנאספה-ברשויות-המקומיות-2014-2017.aspx,"CBS - Household and Commercial Waste Collected, by Type of Treatment and Local Authority"
2660,יבנה,Yavne,,54981.0,,2016,32286.5268,2.0484516189203648,11.885164433357385,88.11483556664263,,True,https://www.cbs.gov.il/he/publications/Pages/2019/פסולת-שנאספה-ברשויות-המקומיות-2014-2017.aspx,"CBS - Household and Commercial Waste Collected, by Type of Treatment and Local Authority"
9400,יהוד-מונוסון,Yehud,,30977.0,,2016,19813.54,1.857185371818287,16.956788135789967,83.04321186421004,,True,https://www.cbs.gov.il/he/publications/Pages/2019/פסולת-שנאספה-ברשויות-המקומיות-2014-2017.aspx,"CBS - Household and Commercial Waste Collected, by Type of Treatment and Local Authority"
,יואב,Yo'av,,9133.0,,2016,5730.88,1.9107996952525752,45.448691998436544,54.551308001563456,,True,https://www.cbs.gov.il/he/publications/Pages/2019/פסולת-שנאספה-ברשויות-המקומיות-2014-2017.aspx,"CBS - Household and Commercial Waste Collected, by Type of Treatment and Local Authority"
29,יסוד המעלה,Yesud HaMa'ala,,1969.0,,2016,2130.0299999999997,3.507030426765015,35.869447848152376,64.13055215184762,,True,https://www.cbs.gov.il/he/publications/Pages/2019/פסולת-שנאספה-ברשויות-המקומיות-2014-2017.aspx,"CBS - Household and Commercial Waste Collected, by Type of Treatment and Local Authority"
499,יפיע,Yafi,,18113.0,,2016,9728.364,1.454860920021535,16.347702450278383,83.65229754972162,,True,https://www.cbs.gov.il/he/publications/Pages/2019/פסולת-שנאספה-ברשויות-המקומיות-2014-2017.aspx,"CBS - Household and Commercial Waste Collected, by Type of Treatment and Local Authority"
240,יקנעם עילית,Yoqne'am Illit,,23729.0,,2016,16892.008,2.132842084595836,32.050707056259974,67.94929294374002,,True,https://www.cbs.gov.il/he/publications/Pages/2019/פסולת-שנאספה-ברשויות-המקומיות-2014-2017.aspx,"CBS - Household and Commercial Waste Collected, by Type of Treatment and Local Authority"
831,ירוחם,Yeroham,,11403.0,,2016,6867.57,2.0554140565842913,2.440018813059059,97.55998118694095,,True,https://www.cbs.gov.il/he/publications/Pages/2019/פסולת-שנאספה-ברשויות-המקומיות-2014-2017.aspx,"CBS - Household and Commercial Waste Collected, by Type of Treatment and Local Authority"
3000,ירושלים,Jerusalem,,1005919.0,,2016,455669.75,1.4280823073481492,34.95311022950284,65.04688977049716,,True,https://www.cbs.gov.il/he/publications/Pages/2019/פסולת-שנאספה-ברשויות-המקומיות-2014-2017.aspx,"CBS - Household and Commercial Waste Collected, by Type of Treatment and Local Authority"
502,ירכא,Yirka,,16194.0,,2016,11805.22,1.9700961499147642,1.4503753424332626,98.54962465756675,,True,https://www.cbs.gov.il/he/publications/Pages/2019/פסולת-שנאספה-ברשויות-המקומיות-2014-2017.aspx,"CBS - Household and Commercial Waste Collected, by Type of Treatment and Local Authority"
504,כאבול,Kabul,,11993.0,,2016,6719.0,1.382465485943614,0.0,100.0,,True,https://www.cbs.gov.il/he/publications/Pages/2019/פסולת-שנאספה-ברשויות-המקומיות-2014-2017.aspx,"CBS - Household and Commercial Waste Collected, by Type of Treatment and Local Authority"
505,כאוכב אבו אל-היג'א,Kaokab Abu Al-Hija,,3984.0,,2016,1382.002,1.1230333232433838,3.039214125594609,96.9607858744054,,True,https://www.cbs.gov.il/he/publications/Pages/2019/פסולת-שנאספה-ברשויות-המקומיות-2014-2017.aspx,"CBS - Household and Commercial Waste Collected, by Type of Treatment and Local Authority"
1224,כוכב יאיר,Kokhav Ya'ir,,9176.0,,2016,6473.4349999999995,1.963948658010562,24.788848578845702,75.21115142115428,,True,https://www.cbs.gov.il/he/publications/Pages/2019/פסולת-שנאספה-ברשויות-המקומיות-2014-2017.aspx,"CBS - Household and Commercial Waste Collected, by Type of Treatment and Local Authority"
1059,כסיפה,Kuseife,,18867.0,,2016,4405.77,0.6224045551203252,3.790483842778901,96.2095161572211,,True,https://www.cbs.gov.il/he/publications/Pages/2019/פסולת-שנאספה-ברשויות-המקומיות-2014-2017.aspx,"CBS - Household and Commercial Waste Collected, by Type of Treatment and Local Authority"
1296,כסרא-סמיע,Kisra-Sumei,,8930.0,,2016,3522.96,1.1685871064204192,1.3613552240161682,98.63864477598383,,True,https://www.cbs.gov.il/he/publications/Pages/2019/פסולת-שנאספה-ברשויות-המקומיות-2014-2017.aspx,"CBS - Household and Commercial Waste Collected, by Type of Treatment and Local Authority"
978,כעביה-טבאש-חג'אג'רה,Ka'abiyye-Tabbash-Hajajre,,6170.0,,2016,1715.0,0.9318980834958948,0.0,100.0,,True,https://www.cbs.gov.il/he/publications/Pages/2019/פסולת-שנאספה-ברשויות-המקומיות-2014-2017.aspx,"CBS - Household and Commercial Waste Collected, by Type of Treatment and Local Authority"
633,כפר ברא,Kafar Bara,,3710.0,,2016,1608.118,1.305036356553918,39.48928188105599,60.510718118944006,,True,https://www.cbs.gov.il/he/publications/Pages/2019/פסולת-שנאספה-ברשויות-המקומיות-2014-2017.aspx,"CBS - Household and Commercial Waste Collected, by Type of Treatment and Local Authority"
1263,כפר ורדים,Kefar Weradim,,5656.0,,2016,3077.937,1.532940212613896,45.09309319846378,54.906906801536216,,True,https://www.cbs.gov.il/he/publications/Pages/2019/פסולת-שנאספה-ברשויות-המקומיות-2014-2017.aspx,"CBS - Household and Commercial Waste Collected, by Type of Treatment and Local Authority"
507,כפר יאסיף,Kafar Yasif,,10574.0,,2016,6304.2,1.7910282389088825,0.6344976364963041,99.3655023635037,,True,https://www.cbs.gov.il/he/publications/Pages/2019/פסולת-שנאספה-ברשויות-המקומיות-2014-2017.aspx,"CBS - Household and Commercial Waste Collected, by Type of Treatment and Local Authority"
168,כפר יונה,Kefar Yona,,28135.0,,2016,12502.56,1.5617731239528503,17.750076784274583,82.24992321572542,,True,https://www.cbs.gov.il/he/publications/Pages/2019/פסולת-שנאספה-ברשויות-המקומיות-2014-2017.aspx,"CBS - Household and Commercial Waste Collected, by Type of Treatment and Local Authority"
508,כפר כמא,Kafar Kama,,3412.0,,2016,1727.2700000000002,1.4723853688059947,5.0872185587661445,94.91278144123385,,True,https://www.cbs.gov.il/he/publications/Pages/2019/פסולת-שנאספה-ברשויות-המקומיות-2014-2017.aspx,"CBS - Household and Commercial Waste Collected, by Type of Treatment and Local Authority"
509,כפר כנא,Kafar Kanna,,24262.0,,2016,8843.32,1.13102602397604,40.11370559925458,59.88629440074542,,True,https://www.cbs.gov.il/he/publications/Pages/2019/פסולת-שנאספה-ברשויות-המקומיות-2014-2017.aspx,"CBS - Household and Commercial Waste Collected, by Type of Treatment and Local Authority"
510,כפר מנדא,Kafar Manda,,21041.0,,2016,8670.0,1.2718349079074907,24.910726643598615,75.08927335640139,,True,https://www.cbs.gov.il/he/publications/Pages/2019/פסולת-שנאספה-ברשויות-המקומיות-2014-2017.aspx,"CBS - Household and Commercial Waste Collected, by Type of Treatment and Local Authority"
6900,כפר סבא,Kefar Sava,,100262.0,,2016,55306.91999999999,1.5469472975827634,44.65173616610725,55.34826383389275,,True,https://www.cbs.gov.il/he/publications/Pages/2019/פסולת-שנאספה-ברשויות-המקומיות-2014-2017.aspx,"CBS - Household and Commercial Waste Collected, by Type of Treatment and Local Authority"
634,כפר קאסם,Kafar Qasem,,26389.0,,2016,11798.25,1.4655077914782366,39.71420549657788,60.28579450342212,,True,https://www.cbs.gov.il/he/publications/Pages/2019/פסולת-שנאספה-ברשויות-המקומיות-2014-2017.aspx,"CBS - Household and Commercial Waste Collected, by Type of Treatment and Local Authority"
654,כפר קרע,Kafar Qara,,19890.0,,2016,10884.3,1.672649764415526,10.248706852990088,89.75129314700992,,True,https://www.cbs.gov.il/he/publications/Pages/2019/פסולת-שנאספה-ברשויות-המקומיות-2014-2017.aspx,"CBS - Household and Commercial Waste Collected, by Type of Treatment and Local Authority"
267,כפר שמריהו,Kefar Shemaryahu,,2077.0,,2016,4130.439,6.008107901713148,43.607742421568254,56.392257578431746,,True,https://www.cbs.gov.il/he/publications/Pages/2019/פסולת-שנאספה-ברשויות-המקומיות-2014-2017.aspx,"CBS - Household and Commercial Waste Collected, by Type of Treatment and Local Authority"
47,כפר תבור,Kefar Tavor,,4363.0,,2016,2063.77,1.4536995458443616,44.3106547725764,55.6893452274236,,True,https://www.cbs.gov.il/he/publications/Pages/2019/פסולת-שנאספה-ברשויות-המקומיות-2014-2017.aspx,"CBS - Household and Commercial Waste Collected, by Type of Treatment and Local Authority"
1139,כרמיאל,Karmi'el,,47450.0,,2016,23308.915699,1.4166251028407664,10.616616538306696,89.3833834616933,,True,https://www.cbs.gov.il/he/publications/Pages/2019/פסולת-שנאספה-ברשויות-המקומיות-2014-2017.aspx,"CBS - Household and Commercial Waste Collected, by Type of Treatment and Local Authority"
,לב השרון,Lev HaSharon,,23813.0,,2016,20019.93,2.3619974285757266,21.757968184703945,78.24203181529606,,True,https://www.cbs.gov.il/he/publications/Pages/2019/פסולת-שנאספה-ברשויות-המקומיות-2014-2017.aspx,"CBS - Household and Commercial Waste Collected, by Type of Treatment and Local Authority"
1271,להבים,Lehavim,,7686.0,,2016,3081.89,1.3103956307248144,16.13068604005983,83.86931395994016,,True,https://www.cbs.gov.il/he/publications/Pages/2019/פסולת-שנאספה-ברשויות-המקומיות-2014-2017.aspx,"CBS - Household and Commercial Waste Collected, by Type of Treatment and Local Authority"
7000,לוד,Lod,,87430.0,,2016,53491.68,2.0017148196057484,26.070502926810295,73.92949707318971,,True,https://www.cbs.gov.il/he/publications/Pages/2019/פסולת-שנאספה-ברשויות-המקומיות-2014-2017.aspx,"CBS - Household and Commercial Waste Collected, by Type of Treatment and Local Authority"
24,לכיש,Lakhish,,1170.0,,2016,6145.627,1.5622671534748636,2.1321990416925725,97.86780095830743,,True,https://www.cbs.gov.il/he/publications/Pages/2019/פסולת-שנאספה-ברשויות-המקומיות-2014-2017.aspx,"CBS - Household and Commercial Waste Collected, by Type of Treatment and Local Authority"
1060,לקיה,Laqye,,17074.0,,2016,3137.5,0.7143597117060504,3.3944223107569718,96.60557768924303,,True,https://www.cbs.gov.il/he/publications/Pages/2019/פסולת-שנאספה-ברשויות-המקומיות-2014-2017.aspx,"CBS - Household and Commercial Waste Collected, by Type of Treatment and Local Authority"
,מבואות החרמון,Mevo'ot HaHermon,,8021.0,,2016,4904.705,1.906035169532692,3.235770550930179,96.76422944906983,,True,https://www.cbs.gov.il/he/publications/Pages/2019/פסולת-שנאספה-ברשויות-המקומיות-2014-2017.aspx,"CBS - Household and Commercial Waste Collected, by Type of Treatment and Local Authority"
1015,מבשרת ציון,Mevasseret Ziyyon,,25476.0,,2016,12716.26,1.4265736540814726,15.289558407896662,84.71044159210334,,True,https://www.cbs.gov.il/he/publications/Pages/2019/פסולת-שנאספה-ברשויות-המקומיות-2014-2017.aspx,"CBS - Household and Commercial Waste Collected, by Type of Treatment and Local Authority"
516,מג'ד אל-כרום,Majd Al-Kurum,,14852.0,,2016,7815.0,1.4459048422548346,1.2156110044785668,98.78438899552144,,True,https://www.cbs.gov.il/he/publications/Pages/2019/פסולת-שנאספה-ברשויות-המקומיות-2014-2017.aspx,"CBS - Household and Commercial Waste Collected, by Type of Treatment and Local Authority"
4201,מג'דל שמס,Majdal Shams,,11103.0,,2016,4734.223,1.2095373686392261,23.95795466331011,76.0420453366899,,True,https://www.cbs.gov.il/he/publications/Pages/2019/פסולת-שנאספה-ברשויות-המקומיות-2014-2017.aspx,"CBS - Household and Commercial Waste Collected, by Type of Treatment and Local Authority"
481,מגאר,Mughar,,22564.0,,2016,9898.32,1.2452044416055674,2.5964001972051824,97.40359980279482,,True,https://www.cbs.gov.il/he/publications/Pages/2019/פסולת-שנאספה-ברשויות-המקומיות-2014-2017.aspx,"CBS - Household and Commercial Waste Collected, by Type of Treatment and Local Authority"
65,מגדל,Migdal,,2045.0,,2016,2076.6639999999998,3.0820641446147907,5.810472950848092,94.1895270491519,,True,https://www.cbs.gov.il/he/publications/Pages/2019/פסולת-שנאספה-ברשויות-המקומיות-2014-2017.aspx,"CBS - Household and Commercial Waste Collected, by Type of Treatment and Local Authority"
874,מגדל העמק,Migdal HaEmeq,,27045.0,,2016,20334.37,2.2265093115810815,11.922523294304176,88.07747670569583,,True,https://www.cbs.gov.il/he/publications/Pages/2019/פסולת-שנאספה-ברשויות-המקומיות-2014-2017.aspx,"CBS - Household and Commercial Waste Collected, by Type of Treatment and Local Authority"
586,מגידו,Megiddo,,953.0,,2016,9431.58,2.25223962394138,24.720990544532302,75.27900945546769,,True,https://www.cbs.gov.il/he/publications/Pages/2019/פסולת-שנאספה-ברשויות-המקומיות-2014-2017.aspx,"CBS - Household and Commercial Waste Collected, by Type of Treatment and Local Authority"
,מגילות ים המלח,Megilot,,2243.0,,2016,1783.73,3.5841081825077485,0.2270523005163337,99.77294769948367,,True,https://www.cbs.gov.il/he/publications/Pages/2019/פסולת-שנאספה-ברשויות-המקומיות-2014-2017.aspx,"CBS - Household and Commercial Waste Collected, by Type of Treatment and Local Authority"
3797,מודיעין עילית,Modi'in Illit,,83133.0,,2016,18351.57,0.7674549169264534,14.106705856774104,85.8932941432259,,True,https://www.cbs.gov.il/he/publications/Pages/2019/פסולת-שנאספה-ברשויות-המקומיות-2014-2017.aspx,"CBS - Household and Commercial Waste Collected, by Type of Treatment and Local Authority"
1200,מודיעין-מכבים-רעות,Modi'in-Makkabbim-Re'ut,,92307.0,,2016,42535.25000000001,1.303799817711251,30.704474524071202,69.2955254759288,,True,https://www.cbs.gov.il/he/publications/Pages/2019/פסולת-שנאספה-ברשויות-המקומיות-2014-2017.aspx,"CBS - Household and Commercial Waste Collected, by Type of Treatment and Local Authority"
28,מזכרת בתיה,Mazkeret Batya,,15858.0,,2016,7794.66,1.6352885272005766,30.007115127536032,69.99288487246396,,True,https://www.cbs.gov.il/he/publications/Pages/2019/פסולת-שנאספה-ברשויות-המקומיות-2014-2017.aspx,"CBS - Household and Commercial Waste Collected, by Type of Treatment and Local Authority"
517,מזרעה,Mazra'a,,3772.0,,2016,2031.167,1.5115689517561892,0.6945268409736866,99.30547315902632,,True,https://www.cbs.gov.il/he/publications/Pages/2019/פסולת-שנאספה-ברשויות-המקומיות-2014-2017.aspx,"CBS - Household and Commercial Waste Collected, by Type of Treatment and Local Authority"
,מטה אשר,Matte Asher,,30980.0,,2016,20830.11,2.096075313409654,30.250008281281282,69.74999171871872,,True,https://www.cbs.gov.il/he/publications/Pages/2019/פסולת-שנאספה-ברשויות-המקומיות-2014-2017.aspx,"CBS - Household and Commercial Waste Collected, by Type of Treatment and Local Authority"
,מטה בנימין,Mate Binyamin,,76014.0,,2016,27911.373,1.2194733453760052,3.513120977602929,96.48687902239706,,True,https://www.cbs.gov.il/he/publications/Pages/2019/פסולת-שנאספה-ברשויות-המקומיות-2014-2017.aspx,"CBS - Household and Commercial Waste Collected, by Type of Treatment and Local Authority"
,מטה יהודה,Matte Yehuda,,59780.0,,2016,35245.477999999996,1.785491539230382,16.789768037760762,83.21023196223925,,True,https://www.cbs.gov.il/he/publications/Pages/2019/פסולת-שנאספה-ברשויות-המקומיות-2014-2017.aspx,"CBS - Household and Commercial Waste Collected, by Type of Treatment and Local Authority"
43,מטולה,Metula,,1873.0,,2016,1055.883,1.8063254055487366,4.061340129540867,95.93865987045913,,True,https://www.cbs.gov.il/he/publications/Pages/2019/פסולת-שנאספה-ברשויות-המקומיות-2014-2017.aspx,"CBS - Household and Commercial Waste Collected, by Type of Treatment and Local Authority"
1268,מיתר,Metar,,11207.0,,2016,4492.28,1.659043801085956,32.914904013106934,67.08509598689307,,True,https://www.cbs.gov.il/he/publications/Pages/2019/פסולת-שנאספה-ברשויות-המקומיות-2014-2017.aspx,"CBS - Household and Commercial Waste Collected, by Type of Treatment and Local Authority"
,מנשה,Menashe,,21263.0,,2016,10562.986,1.5085718284584606,48.38315605076065,51.61684394923935,,True,https://www.cbs.gov.il/he/publications/Pages/2019/פסולת-שנאספה-ברשויות-המקומיות-2014-2017.aspx,"CBS - Household and Commercial Waste Collected, by Type of Treatment and Local Authority"
4203,מסעדה,Mas'ade,,4091.0,,2016,1707.14,1.3217736019248154,1.6811743617980948,98.3188256382019,,True,https://www.cbs.gov.il/he/publications/Pages/2019/פסולת-שנאספה-ברשויות-המקומיות-2014-2017.aspx,"CBS - Household and Commercial Waste Collected, by Type of Treatment and Local Authority"
518,מעיליא,Mi'elya,,3269.0,,2016,1466.649,1.253342619574599,1.8169991593080552,98.18300084069195,,True,https://www.cbs.gov.il/he/publications/Pages/2019/פסולת-שנאספה-ברשויות-המקומיות-2014-2017.aspx,"CBS - Household and Commercial Waste Collected, by Type of Treatment and Local Authority"
3616,מעלה אדומים,Ma'ale Adummim,,36664.0,,2016,23266.0,1.695391069976053,16.251181982291758,83.74881801770825,,True,https://www.cbs.gov.il/he/publications/Pages/2019/פסולת-שנאספה-ברשויות-המקומיות-2014-2017.aspx,"CBS - Household and Commercial Waste Collected, by Type of Treatment and Local Authority"
3608,מעלה אפרים,Ma'ale Efrayim,,1635.0,,2016,481.975,1.0935647636064552,1.3309818974013174,98.66901810259868,,True,https://www.cbs.gov.il/he/publications/Pages/2019/פסולת-שנאספה-ברשויות-המקומיות-2014-2017.aspx,"CBS - Household and Commercial Waste Collected, by Type of Treatment and Local Authority"
,מעלה יוסף,Ma'ale Yosef,,11929.0,,2016,7026.308,1.9026596396451287,3.047660307518543,96.95233969248146,,True,https://www.cbs.gov.il/he/publications/Pages/2019/פסולת-שנאספה-ברשויות-המקומיות-2014-2017.aspx,"CBS - Household and Commercial Waste Collected, by Type of Treatment and Local Authority"
1327,מעלה עירון,Ma'ale Iron,,14865.0,,2016,7220.0,1.3906652079448971,2.321329639889197,97.6786703601108,,True,https://www.cbs.gov.il/he/publications/Pages/2019/פסולת-שנאספה-ברשויות-המקומיות-2014-2017.aspx,"CBS - Household and Commercial Waste Collected, by Type of Treatment and Local Authority"
1063,מעלות-תרשיחא,Ma'alot-Tarshiha,,22720.0,,2016,12107.699999999999,1.5658514867907103,10.846981672819776,89.15301832718022,,True,https://www.cbs.gov.il/he/publications/Pages/2019/פסולת-שנאספה-ברשויות-המקומיות-2014-2017.aspx,"CBS - Household and Commercial Waste Collected, by Type of Treatment and Local Authority"
99,מצפה רמון,Mizpe Ramon,,5385.0,,2016,3731.0,2.019942260294275,4.734119538997588,95.26588046100241,,True,https://www.cbs.gov.il/he/publications/Pages/2019/פסולת-שנאספה-ברשויות-המקומיות-2014-2017.aspx,"CBS - Household and Commercial Waste Collected, by Type of Treatment and Local Authority"
,מרום הגליל,Merom HaGalil,,15541.0,,2016,16727.519,3.0506785939811745,0.7981996612886825,99.20180033871132,,True,https://www.cbs.gov.il/he/publications/Pages/2019/פסולת-שנאספה-ברשויות-המקומיות-2014-2017.aspx,"CBS - Household and Commercial Waste Collected, by Type of Treatment and Local Authority"
,מרחבים,Merhavim,,14544.0,,2016,6529.480000000001,1.370751028801185,4.084826816224261,95.91517318377574,,True,https://www.cbs.gov.il/he/publications/Pages/2019/פסולת-שנאספה-ברשויות-המקומיות-2014-2017.aspx,"CBS - Household and Commercial Waste Collected, by Type of Treatment and Local Authority"
,משגב,Misgav,,29181.0,,2016,13272.779999999999,1.3481048721701565,48.767326814729095,51.232673185270905,,True,https://www.cbs.gov.il/he/publications/Pages/2019/פסולת-שנאספה-ברשויות-המקומיות-2014-2017.aspx,"CBS - Household and Commercial Waste Collected, by Type of Treatment and Local Authority"
520,משהד,Meshhed,,8499.0,,2016,3373.47,1.169329904054129,34.94502693072711,65.05497306927288,,True,https://www.cbs.gov.il/he/publications/Pages/2019/פסולת-שנאספה-ברשויות-המקומיות-2014-2017.aspx,"CBS - Household and Commercial Waste Collected, by Type of Treatment and Local Authority"
9100,נהרייה,Nahariyya,,63318.0,,2016,38534.0,1.9334225100675049,10.791768308506773,89.20823169149322,,True,https://www.cbs.gov.il/he/publications/Pages/2019/פסולת-שנאספה-ברשויות-המקומיות-2014-2017.aspx,"CBS - Household and Commercial Waste Collected, by Type of Treatment and Local Authority"
,נווה מדבר,Neve Midbar,,13096.0,,2016,2350.0,0.8110803935983323,0.0,100.0,,True,https://www.cbs.gov.il/he/publications/Pages/2019/פסולת-שנאספה-ברשויות-המקומיות-2014-2017.aspx,"CBS - Household and Commercial Waste Collected, by Type of Treatment and Local Authority"
1061,נוף הגליל,Nazerat Illit,,43479.0,,2016,18763.48,1.2781083145756682,2.883260461279038,97.11673953872096,,True,https://www.cbs.gov.il/he/publications/Pages/2019/פסולת-שנאספה-ברשויות-המקומיות-2014-2017.aspx,"CBS - Household and Commercial Waste Collected, by Type of Treatment and Local Authority"
,נחל שורק,Nahal Soreq,,10204.0,,2016,4547.68,1.4289938364805566,44.872990184005914,55.127009815994086,,True,https://www.cbs.gov.il/he/publications/Pages/2019/פסולת-שנאספה-ברשויות-המקומיות-2014-2017.aspx,"CBS - Household and Commercial Waste Collected, by Type of Treatment and Local Authority"
522,נחף,Nahef,,13446.0,,2016,6530.935,1.4616650412726975,0.36648657504629883,99.63351342495369,,True,https://www.cbs.gov.il/he/publications/Pages/2019/פסולת-שנאספה-ברשויות-המקומיות-2014-2017.aspx,"CBS - Household and Commercial Waste Collected, by Type of Treatment and Local Authority"
7200,נס ציונה,Nes Ziyyona,,47620.0,,2016,23270.656000000003,1.3414809139798896,24.69920057260096,75.30079942739903,,True,https://www.cbs.gov.il/he/publications/Pages/2019/פסולת-שנאספה-ברשויות-המקומיות-2014-2017.aspx,"CBS - Household and Commercial Waste Collected, by Type of Treatment and Local Authority"
7300,נצרת,Nazareth,,77295.0,,2016,44068.899,1.5923284130228041,10.404727833114237,89.59527216688575,,True,https://www.cbs.gov.il/he/publications/Pages/2019/פסולת-שנאספה-ברשויות-המקומיות-2014-2017.aspx,"CBS - Household and Commercial Waste Collected, by Type of Treatment and Local Authority"
2500,נשר,Nesher,,22911.0,,2016,10663.268,1.24044892583115,6.04867100779986,93.95132899220013,,True,https://www.cbs.gov.il/he/publications/Pages/2019/פסולת-שנאספה-ברשויות-המקומיות-2014-2017.aspx,"CBS - Household and Commercial Waste Collected, by Type of Treatment and Local Authority"
246,נתיבות,Netivot,,45024.0,,2016,16022.0265,1.3754669031506614,7.487448295008125,92.51255170499188,,True,https://www.cbs.gov.il/he/publications/Pages/2019/פסולת-שנאספה-ברשויות-המקומיות-2014-2017.aspx,"CBS - Household and Commercial Waste Collected, by Type of Treatment and Local Authority"
7400,נתניה,Netanya,,223920.0,,2016,113332.19499999999,1.482874847812988,29.18414754077604,70.81585245922396,,True,https://www.cbs.gov.il/he/publications/Pages/2019/פסולת-שנאספה-ברשויות-המקומיות-2014-2017.aspx,"CBS - Household and Commercial Waste Collected, by Type of Treatment and Local Authority"
525,סאג'ור,Sajur,,4155.0,,2016,1497.73,1.013052675722429,1.831438243208055,98.16856175679195,,True,https://www.cbs.gov.il/he/publications/Pages/2019/פסולת-שנאספה-ברשויות-המקומיות-2014-2017.aspx,"CBS - Household and Commercial Waste Collected, by Type of Treatment and Local Authority"
587,סביון,Savyon,,4494.0,,2016,7143.3,5.224422031902523,52.45194797922529,47.54805202077471,,True,https://www.cbs.gov.il/he/publications/Pages/2019/פסולת-שנאספה-ברשויות-המקומיות-2014-2017.aspx,"CBS - Household and Commercial Waste Collected, by Type of Treatment and Local Authority"
7500,סח'נין,Sakhnin,,32355.0,,2016,14400.0,1.3334703844561802,8.680555555555555,91.31944444444444,,True,https://www.cbs.gov.il/he/publications/Pages/2019/פסולת-שנאספה-ברשויות-המקומיות-2014-2017.aspx,"CBS - Household and Commercial Waste Collected, by Type of Treatment and Local Authority"
4501,ע'ג'ר,Ghajar,,2629.0,,2016,987.0,1.081211351076008,0.0,100.0,,True,https://www.cbs.gov.il/he/publications/Pages/2019/פסולת-שנאספה-ברשויות-המקומיות-2014-2017.aspx,"CBS - Household and Commercial Waste Collected, by Type of Treatment and Local Authority"
666,עומר,Omer,,8250.0,,2016,5163.31,1.9048077552710627,31.543078955166354,68.45692104483365,,True,https://www.cbs.gov.il/he/publications/Pages/2019/פסולת-שנאספה-ברשויות-המקומיות-2014-2017.aspx,"CBS - Household and Commercial Waste Collected, by Type of Treatment and Local Authority"
530,עיילבון,Eilabun,,5777.0,,2016,2669.735,1.3180182837649201,0.1773584269599792,99.82264157304002,,True,https://www.cbs.gov.il/he/publications/Pages/2019/פסולת-שנאספה-ברשויות-המקומיות-2014-2017.aspx,"CBS - Household and Commercial Waste Collected, by Type of Treatment and Local Authority"
511,עילוט,Ilut,,8561.0,,2016,3211.0,1.1492926087886344,17.00404858299595,82.99595141700405,,True,https://www.cbs.gov.il/he/publications/Pages/2019/פסולת-שנאספה-ברשויות-המקומיות-2014-2017.aspx,"CBS - Household and Commercial Waste Collected, by Type of Treatment and Local Authority"
532,עין מאהל,Ein Mahel,,13485.0,,2016,5080.0,1.1084146234363144,0.0,100.0,,True,https://www.cbs.gov.il/he/publications/Pages/2019/פסולת-שנאספה-ברשויות-המקומיות-2014-2017.aspx,"CBS - Household and Commercial Waste Collected, by Type of Treatment and Local Authority"
4502,עין קנייא,Ein Qiniyye,,2361.0,,2016,631.9,0.8803625104054558,4.691406868175344,95.30859313182467,,True,https://www.cbs.gov.il/he/publications/Pages/2019/פסולת-שנאספה-ברשויות-המקומיות-2014-2017.aspx,"CBS - Household and Commercial Waste Collected, by Type of Treatment and Local Authority"
7600,עכו,Akko,,50555.0,,2016,29299.702,1.681412527138518,1.6544605129431007,98.3455394870569,,True,https://www.cbs.gov.il/he/publications/Pages/2019/פסולת-שנאספה-ברשויות-המקומיות-2014-2017.aspx,"CBS - Household and Commercial Waste Collected, by Type of Treatment and Local Authority"
3660,עמנואל,Immanu'el,,4860.0,,2016,1103.48,0.9214364147248791,31.76133686156523,68.23866313843477,,True,https://www.cbs.gov.il/he/publications/Pages/2019/פסולת-שנאספה-ברשויות-המקומיות-2014-2017.aspx,"CBS - Household and Commercial Waste Collected, by Type of Treatment and Local Authority"
,עמק הירדן,Emeq HaYarden,,15138.0,,2016,10051.095000000001,2.1287296363128068,27.480538190117592,72.5194618098824,,True,https://www.cbs.gov.il/he/publications/Pages/2019/פסולת-שנאספה-ברשויות-המקומיות-2014-2017.aspx,"CBS - Household and Commercial Waste Collected, by Type of Treatment and Local Authority"
,עמק המעיינות,Emeq HaMa'ayanot,,15012.0,,2016,9916.29,2.1778762922938135,25.637511609684665,74.36248839031533,,True,https://www.cbs.gov.il/he/publications/Pages/2019/פסולת-שנאספה-ברשויות-המקומיות-2014-2017.aspx,"CBS - Household and Commercial Waste Collected, by Type of Treatment and Local Authority"
,עמק חפר,Emeq Hefer,,41826.0,,2016,23752.61,1.5622903883328476,48.67570342796013,51.32429657203987,,True,https://www.cbs.gov.il/he/publications/Pages/2019/פסולת-שנאספה-ברשויות-המקומיות-2014-2017.aspx,"CBS - Household and Commercial Waste Collected, by Type of Treatment and Local Authority"
,עמק יזרעאל,Emeq Yizre'el,,40514.0,,2016,22136.100000000002,1.6343115274147029,51.071462452735574,48.928537547264426,,True,https://www.cbs.gov.il/he/publications/Pages/2019/פסולת-שנאספה-ברשויות-המקומיות-2014-2017.aspx,"CBS - Household and Commercial Waste Collected, by Type of Treatment and Local Authority"
534,עספיא,Isifya,,13060.0,,2016,9657.75,2.2303358234160147,0.881157619528358,99.11884238047163,,True,https://www.cbs.gov.il/he/publications/Pages/2019/פסולת-שנאספה-ברשויות-המקומיות-2014-2017.aspx,"CBS - Household and Commercial Waste Collected, by Type of Treatment and Local Authority"
7700,עפולה,Afula,,60828.0,,2016,34179.0,2.0369158594451178,30.39000555896896,69.60999444103105,,True,https://www.cbs.gov.il/he/publications/Pages/2019/פסולת-שנאספה-ברשויות-המקומיות-2014-2017.aspx,"CBS - Household and Commercial Waste Collected, by Type of Treatment and Local Authority"
531,עראבה,Arrabe,,26119.0,,2016,8314.966,0.9389855639554547,18.219749786108565,81.78025021389142,,True,https://www.cbs.gov.il/he/publications/Pages/2019/פסולת-שנאספה-ברשויות-המקומיות-2014-2017.aspx,"CBS - Household and Commercial Waste Collected, by Type of Treatment and Local Authority"
,ערבות הירדן,Arvot Hayarden,,6294.0,,2016,1910.54,1.152434206161066,0.0,100.0,,True,https://www.cbs.gov.il/he/publications/Pages/2019/פסולת-שנאספה-ברשויות-המקומיות-2014-2017.aspx,"CBS - Household and Commercial Waste Collected, by Type of Treatment and Local Authority"
2560,ערד,Arad,,27586.0,,2016,12523.829999999998,1.3962384998147928,12.082687165188286,87.91731283481171,,True,https://www.cbs.gov.il/he/publications/Pages/2019/פסולת-שנאספה-ברשויות-המקומיות-2014-2017.aspx,"CBS - Household and Commercial Waste Collected, by Type of Treatment and Local Authority"
637,ערערה,Ar'ara,,19919.0,,2016,9468.393333333333,1.0772311636961938,0.0,100.0,,True,https://www.cbs.gov.il/he/publications/Pages/2019/פסולת-שנאספה-ברשויות-המקומיות-2014-2017.aspx,"CBS - Household and Commercial Waste Collected, by Type of Treatment and Local Authority"
1192,ערערה-בנגב,Ar'ara-BaNegev,,19543.0,,2016,4133.04,0.7042570675295564,0.0,100.0,,True,https://www.cbs.gov.il/he/publications/Pages/2019/פסולת-שנאספה-ברשויות-המקומיות-2014-2017.aspx,"CBS - Household and Commercial Waste Collected, by Type of Treatment and Local Authority"
537,פוריידיס,Fureidis,,13108.0,,2016,1500.0,0.3288065800772805,0.0,100.0,,True,https://www.cbs.gov.il/he/publications/Pages/2019/פסולת-שנאספה-ברשויות-המקומיות-2014-2017.aspx,"CBS - Household and Commercial Waste Collected, by Type of Treatment and Local Authority"
535,פסוטה,Fassuta,,3358.0,,2016,1345.826,1.2126934782265895,1.918970208630239,98.08102979136976,,True,https://www.cbs.gov.il/he/publications/Pages/2019/פסולת-שנאספה-ברשויות-המקומיות-2014-2017.aspx,"CBS - Household and Commercial Waste Collected, by Type of Treatment and Local Authority"
536,פקיעין (בוקייעה),Peqi'in (Buqei'a),,5919.0,,2016,2711.66,1.3093418187261288,2.384517232986436,97.61548276701357,,True,https://www.cbs.gov.il/he/publications/Pages/2019/פסולת-שנאספה-ברשויות-המקומיות-2014-2017.aspx,"CBS - Household and Commercial Waste Collected, by Type of Treatment and Local Authority"
7800,פרדס חנה-כרכור,Pardes Hanna-Karkur,,44161.0,,2016,28301.600000000002,1.999191185689991,45.92005398988043,54.07994601011957,,True,https://www.cbs.gov.il/he/publications/Pages/2019/פסולת-שנאספה-ברשויות-המקומיות-2014-2017.aspx,"CBS - Household and Commercial Waste Collected, by Type of Treatment and Local Authority"
171,פרדסייה,Pardesiyya,,7743.0,,2016,3183.607,1.5419801925049252,9.532175296762444,90.46782470323755,,True,https://www.cbs.gov.il/he/publications/Pages/2019/פסולת-שנאספה-ברשויות-המקומיות-2014-2017.aspx,"CBS - Household and Commercial Waste Collected, by Type of Treatment and Local Authority"
7900,פתח תקווה,Petah Tiqwa,,264046.0,,2016,128475.125,1.5069437372150727,10.073117266863916,89.92688273313608,,True,https://www.cbs.gov.il/he/publications/Pages/2019/פסולת-שנאספה-ברשויות-המקומיות-2014-2017.aspx,"CBS - Household and Commercial Waste Collected, by Type of Treatment and Local Authority"
8000,צפת,Zefat,,37801.0,,2016,20660.03,1.6897877994390011,2.294430356587091,97.70556964341291,,True,https://www.cbs.gov.il/he/publications/Pages/2019/פסולת-שנאספה-ברשויות-המקומיות-2014-2017.aspx,"CBS - Household and Commercial Waste Collected, by Type of Treatment and Local Authority"
3557,קדומים,Qedumim,,4470.0,,2016,1465.71,0.9272933461762934,33.46978597403306,66.53021402596694,,True,https://www.cbs.gov.il/he/publications/Pages/2019/פסולת-שנאספה-ברשויות-המקומיות-2014-2017.aspx,"CBS - Household and Commercial Waste Collected, by Type of Treatment and Local Authority"
195,קדימה-צורן,Qadima- Zoran,,22153.0,,2016,13041.681,1.7048277728230707,9.469032404641704,90.53096759535829,,True,https://www.cbs.gov.il/he/publications/Pages/2019/פסולת-שנאספה-ברשויות-המקומיות-2014-2017.aspx,"CBS - Household and Commercial Waste Collected, by Type of Treatment and Local Authority"
638,קלנסווה,Qalansawe,,23951.0,,2016,9115.058,1.1523053545512927,38.17943890208927,61.82056109791074,,True,https://www.cbs.gov.il/he/publications/Pages/2019/פסולת-שנאספה-ברשויות-המקומיות-2014-2017.aspx,"CBS - Household and Commercial Waste Collected, by Type of Treatment and Local Authority"
4100,קצרין,Qazrin,,7633.0,,2016,3224.138,1.2699669031012217,13.09615159152617,86.90384840847383,,True,https://www.cbs.gov.il/he/publications/Pages/2019/פסולת-שנאספה-ברשויות-המקומיות-2014-2017.aspx,"CBS - Household and Commercial Waste Collected, by Type of Treatment and Local Authority"
2620,קריית אונו,Qiryat Ono,,41537.0,,2016,17330.65,1.2431757465723834,30.158418755211137,69.84158124478887,,True,https://www.cbs.gov.il/he/publications/Pages/2019/פסולת-שנאספה-ברשויות-המקומיות-2014-2017.aspx,"CBS - Household and Commercial Waste Collected, by Type of Treatment and Local Authority"
3611,קריית ארבע,Qiryat Arba,,7442.0,,2016,3124.22,1.1904738316154477,4.643078912496559,95.35692108750344,,True,https://www.cbs.gov.il/he/publications/Pages/2019/פסולת-שנאספה-ברשויות-המקומיות-2014-2017.aspx,"CBS - Household and Commercial Waste Collected, by Type of Treatment and Local Authority"
6800,קריית אתא,Qiryat Atta,,60465.0,,2016,36501.33,1.7842022468642262,6.449901962476434,93.55009803752355,,True,https://www.cbs.gov.il/he/publications/Pages/2019/פסולת-שנאספה-ברשויות-המקומיות-2014-2017.aspx,"CBS - Household and Commercial Waste Collected, by Type of Treatment and Local Authority"
9500,קריית ביאליק,Qiryat Bialik,,44806.0,,2016,24891.707000000002,1.7405269715107023,39.73908659619045,60.260913403809546,,True,https://www.cbs.gov.il/he/publications/Pages/2019/פסולת-שנאספה-ברשויות-המקומיות-2014-2017.aspx,"CBS - Household and Commercial Waste Collected, by Type of Treatment and Local Authority"
2630,קריית גת,Qiryat Gat,,63386.0,,2016,29656.23,1.5614779798877552,20.776916013937036,79.22308398606297,,True,https://www.cbs.gov.il/he/publications/Pages/2019/פסולת-שנאספה-ברשויות-המקומיות-2014-2017.aspx,"CBS - Household and Commercial Waste Collected, by Type of Treatment and Local Authority"
2300,קריית טבעון,Qiryat Tiv'on,,17944.0,,2016,9803.52,1.513436575427373,37.08720949210079,62.91279050789921,,True,https://www.cbs.gov.il/he/publications/Pages/2019/פסולת-שנאספה-ברשויות-המקומיות-2014-2017.aspx,"CBS - Household and Commercial Waste Collected, by Type of Treatment and Local Authority"
9600,קריית ים,Qiryat Yam,,38906.0,,2016,21525.368000000002,1.4989035559964956,37.581926590058764,62.41807340994123,,True,https://www.cbs.gov.il/he/publications/Pages/2019/פסולת-שנאספה-ברשויות-המקומיות-2014-2017.aspx,"CBS - Household and Commercial Waste Collected, by Type of Treatment and Local Authority"
1137,קריית יערים,Qiryat Ye'arim,,7161.0,,2016,2135.2599999999998,1.4370000975829704,7.410338787782285,92.5896612122177,,True,https://www.cbs.gov.il/he/publications/Pages/2019/פסולת-שנאספה-ברשויות-המקומיות-2014-2017.aspx,"CBS - Household and Commercial Waste Collected, by Type of Treatment and Local Authority"
8200,קריית מוצקין,Qiryat Motzkin,,49057.0,,2016,20180.99,1.3667132260942736,15.767264143136684,84.2327358568633,,True,https://www.cbs.gov.il/he/publications/Pages/2019/פסולת-שנאספה-ברשויות-המקומיות-2014-2017.aspx,"CBS - Household and Commercial Waste Collected, by Type of Treatment and Local Authority"
1034,קריית מלאכי,Qiryat Mal'akhi,,26362.0,,2016,14034.989999999998,1.7736174998736285,9.000431421753776,90.99956857824621,,True,https://www.cbs.gov.il/he/publications/Pages/2019/פסולת-שנאספה-ברשויות-המקומיות-2014-2017.aspx,"CBS - Household and Commercial Waste Collected, by Type of Treatment and Local Authority"
469,קריית עקרון,Qiryat Eqron,,11425.0,,2016,7649.291,1.9450518951074869,20.81226874490721,79.1877312550928,,True,https://www.cbs.gov.il/he/publications/Pages/2019/פסולת-שנאספה-ברשויות-המקומיות-2014-2017.aspx,"CBS - Household and Commercial Waste Collected, by Type of Treatment and Local Authority"
2800,קריית שמונה,Qiryat Shemona,,23083.0,,2016,14500.5,1.7263774230955142,4.5067411468570056,95.49325885314299,,True,https://www.cbs.gov.il/he/publications/Pages/2019/פסולת-שנאספה-ברשויות-המקומיות-2014-2017.aspx,"CBS - Household and Commercial Waste Collected, by Type of Treatment and Local Authority"
3640,קרני שומרון,Qarne Shomeron,,10102.0,,2016,3698.76,1.4469321112437912,28.81587342785149,71.18412657214851,,True,https://www.cbs.gov.il/he/publications/Pages/2019/פסולת-שנאספה-ברשויות-המקומיות-2014-2017.aspx,"CBS - Household and Commercial Waste Collected, by Type of Treatment and Local Authority"
543,ראמה,Rame,,8472.0,,2016,3708.0,1.3633367925369444,2.912621359223301,97.0873786407767,,True,https://www.cbs.gov.il/he/publications/Pages/2019/פסולת-שנאספה-ברשויות-המקומיות-2014-2017.aspx,"CBS - Household and Commercial Waste Collected, by Type of Treatment and Local Authority"
2640,ראש העין,Rosh HaAyin,,74572.0,,2016,23193.899999999998,1.4372454143995952,20.383807811536656,79.61619218846334,,True,https://www.cbs.gov.il/he/publications/Pages/2019/פסולת-שנאספה-ברשויות-המקומיות-2014-2017.aspx,"CBS - Household and Commercial Waste Collected, by Type of Treatment and Local Authority"
26,ראש פינה,Rosh Pinna,,3352.0,,2016,3090.2000000000003,2.8645919031849143,4.070933920134618,95.92906607986538,,True,https://www.cbs.gov.il/he/publications/Pages/2019/פסולת-שנאספה-ברשויות-המקומיות-2014-2017.aspx,"CBS - Household and Commercial Waste Collected, by Type of Treatment and Local Authority"
8300,ראשון לציון,Rishon LeZiyyon,,252413.0,,2016,171776.51,1.915833124399408,22.336191368656866,77.66380863134313,,True,https://www.cbs.gov.il/he/publications/Pages/2019/פסולת-שנאספה-ברשויות-המקומיות-2014-2017.aspx,"CBS - Household and Commercial Waste Collected, by Type of Treatment and Local Authority"
1161,רהט,Rahat,,71355.0,,2016,23063.662443999998,0.9960531268067735,0.4499521455101643,99.55004785448985,,True,https://www.cbs.gov.il/he/publications/Pages/2019/פסולת-שנאספה-ברשויות-המקומיות-2014-2017.aspx,"CBS - Household and Commercial Waste Collected, by Type of Treatment and Local Authority"
8400,רחובות,Rehovot,,150471.0,,2016,81930.23000000001,1.6726445046825702,17.540971140932957,82.45902885906705,,True,https://www.cbs.gov.il/he/publications/Pages/2019/פסולת-שנאספה-ברשויות-המקומיות-2014-2017.aspx,"CBS - Household and Commercial Waste Collected, by Type of Treatment and Local Authority"
542,ריינה,Reine,,17046.0,,2016,7645.88,1.130714479021708,25.17669646920956,74.82330353079043,,True,https://www.cbs.gov.il/he/publications/Pages/2019/פסולת-שנאספה-ברשויות-המקומיות-2014-2017.aspx,"CBS - Household and Commercial Waste Collected, by Type of Treatment and Local Authority"
922,רכסים,Rekhasim,,13910.0,,2016,4725.999,1.1745230828876474,1.1838555192246125,98.81614448077539,,True,https://www.cbs.gov.il/he/publications/Pages/2019/פסולת-שנאספה-ברשויות-המקומיות-2014-2017.aspx,"CBS - Household and Commercial Waste Collected, by Type of Treatment and Local Authority"
8500,רמלה,Ramla,,81126.0,,2016,44738.895000000004,1.6491397923779774,23.418493013741177,76.58150698625882,,True,https://www.cbs.gov.il/he/publications/Pages/2019/פסולת-שנאספה-ברשויות-המקומיות-2014-2017.aspx,"CBS - Household and Commercial Waste Collected, by Type of Treatment and Local Authority"
8600,רמת גן,Ramat Gan,,165155.0,,2016,91883.85,1.6438866055602295,20.707937249037776,79.29206275096222,,True,https://www.cbs.gov.il/he/publications/Pages/2019/פסולת-שנאספה-ברשויות-המקומיות-2014-2017.aspx,"CBS - Household and Commercial Waste Collected, by Type of Treatment and Local Authority"
2650,רמת השרון,Ramat HaSharon,,48986.0,,2016,35610.914,2.1803749554759695,28.22397088712747,71.77602911287254,,True,https://www.cbs.gov.il/he/publications/Pages/2019/פסולת-שנאספה-ברשויות-המקומיות-2014-2017.aspx,"CBS - Household and Commercial Waste Collected, by Type of Treatment and Local Authority"
122,רמת ישי,Ramat Yishay,,7880.0,,2016,5001.419,1.820690646853465,25.735246337089535,74.26475366291046,,True,https://www.cbs.gov.il/he/publications/Pages/2019/פסולת-שנאספה-ברשויות-המקומיות-2014-2017.aspx,"CBS - Household and Commercial Waste Collected, by Type of Treatment and Local Authority"
,רמת נגב,Ramat Negev,,8097.0,,2016,5026.200000000001,1.942093076497301,11.360471131272131,88.63952886872787,,True,https://www.cbs.gov.il/he/publications/Pages/2019/פסולת-שנאספה-ברשויות-המקומיות-2014-2017.aspx,"CBS - Household and Commercial Waste Collected, by Type of Treatment and Local Authority"
8700,רעננה,Ra'annana,,80155.0,,2016,47453.944,1.8251229115233183,44.50054562377365,55.49945437622635,,True,https://www.cbs.gov.il/he/publications/Pages/2019/פסולת-שנאספה-ברשויות-המקומיות-2014-2017.aspx,"CBS - Household and Commercial Waste Collected, by Type of Treatment and Local Authority"
913,שבלי-אום אל-גנם,Shibli-Umm Al-Ghanam,,6278.0,,2016,2164.948,1.0355035585826893,0.0,100.0,,True,https://www.cbs.gov.il/he/publications/Pages/2019/פסולת-שנאספה-ברשויות-המקומיות-2014-2017.aspx,"CBS - Household and Commercial Waste Collected, by Type of Treatment and Local Authority"
1286,שגב-שלום,Segev-Shalom,,14654.0,,2016,2703.09,0.7951603615608805,3.9029407085964576,96.09705929140354,,True,https://www.cbs.gov.il/he/publications/Pages/2019/פסולת-שנאספה-ברשויות-המקומיות-2014-2017.aspx,"CBS - Household and Commercial Waste Collected, by Type of Treatment and Local Authority"
,שדות דן,Sedot Dan,,,,2016,11298.64,2.1041483249289183,33.02202742984996,66.97797257015003,,True,https://www.cbs.gov.il/he/publications/Pages/2019/פסולת-שנאספה-ברשויות-המקומיות-2014-2017.aspx,"CBS - Household and Commercial Waste Collected, by Type of Treatment and Local Authority"
,שדות נגב,Sedot Negev,,11590.0,,2016,7473.7505,2.1140910399177417,15.882531133465053,84.11746886653495,,True,https://www.cbs.gov.il/he/publications/Pages/2019/פסולת-שנאספה-ברשויות-המקומיות-2014-2017.aspx,"CBS - Household and Commercial Waste Collected, by Type of Treatment and Local Authority"
1031,שדרות,Sederot,,31108.0,,2016,13726.756666666666,1.5967202696648208,9.395069532084175,90.60493046791582,,True,https://www.cbs.gov.il/he/publications/Pages/2019/פסולת-שנאספה-ברשויות-המקומיות-2014-2017.aspx,"CBS - Household and Commercial Waste Collected, by Type of Treatment and Local Authority"
1304,שוהם,Shoham,,21171.0,,2016,9324.95,1.2419030318245186,40.92193523825864,59.07806476174136,,True,https://www.cbs.gov.il/he/publications/Pages/2019/פסולת-שנאספה-ברשויות-המקומיות-2014-2017.aspx,"CBS - Household and Commercial Waste Collected, by Type of Treatment and Local Authority"
,שומרון,Shomron,,51691.0,,2016,21465.03,1.5682422797600772,12.451303352476097,87.54869664752391,,True,https://www.cbs.gov.il/he/publications/Pages/2019/פסולת-שנאספה-ברשויות-המקומיות-2014-2017.aspx,"CBS - Household and Commercial Waste Collected, by Type of Treatment and Local Authority"
812,שלומי,Shelomi,,7497.0,,2016,3037.15,1.3465424231911303,39.003012692820576,60.99698730717943,,True,https://www.cbs.gov.il/he/publications/Pages/2019/פסולת-שנאספה-ברשויות-המקומיות-2014-2017.aspx,"CBS - Household and Commercial Waste Collected, by Type of Treatment and Local Authority"
538,שעב,Sha'ab,,7445.0,,2016,2333.0,0.959582768641016,0.0,100.0,,True,https://www.cbs.gov.il/he/publications/Pages/2019/פסולת-שנאספה-ברשויות-המקומיות-2014-2017.aspx,"CBS - Household and Commercial Waste Collected, by Type of Treatment and Local Authority"
,שער הנגב,Sha'ar HaNegev,,8917.0,,2016,4074.52,1.500210790639791,9.754768659866683,90.24523134013332,,True,https://www.cbs.gov.il/he/publications/Pages/2019/פסולת-שנאספה-ברשויות-המקומיות-2014-2017.aspx,"CBS - Household and Commercial Waste Collected, by Type of Treatment and Local Authority"
692,שפיר,Shafir,,1030.0,,2016,6376.460000000001,1.6573146214455496,17.7541433648137,82.24585663518631,,True,https://www.cbs.gov.il/he/publications/Pages/2019/פסולת-שנאספה-ברשויות-המקומיות-2014-2017.aspx,"CBS - Household and Commercial Waste Collected, by Type of Treatment and Local Authority"
8800,שפרעם,Shefar'am,,42713.0,,2016,24809.600000000002,1.6876429349815045,12.326639687862764,87.67336031213723,,True,https://www.cbs.gov.il/he/publications/Pages/2019/פסולת-שנאספה-ברשויות-המקומיות-2014-2017.aspx,"CBS - Household and Commercial Waste Collected, by Type of Treatment and Local Authority"
5000,תל אביב-יפו,Tel Aviv - Yafo,,492872.0,,2016,410971.48,2.583311560665755,16.603872366033773,83.39612763396623,,True,https://www.cbs.gov.il/he/publications/Pages/2019/פסולת-שנאספה-ברשויות-המקומיות-2014-2017.aspx,"CBS - Household and Commercial Waste Collected, by Type of Treatment and Local Authority"
154,תל מונד,Tel Mond,,14115.0,,2016,,,,,,False,https://www.cbs.gov.il/he/publications/Pages/2019/פסולת-שנאספה-ברשויות-המקומיות-2014-2017.aspx,"CBS - Household and Commercial Waste Collected, by Type of Treatment and Local Authority"
1054,תל שבע,Tel Sheva,,22760.0,,2016,5100.0,0.7386267769586101,0.0,100.0,,True,https://www.cbs.gov.il/he/publications/Pages/2019/פסולת-שנאספה-ברשויות-המקומיות-2014-2017.aspx,"CBS - Household and Commercial Waste Collected, by Type of Treatment and Local Authority"
,תמר,Tamar,,1524.0,,2016,11821.983999999999,22.817187221045415,3.8298478495656907,96.17015215043432,,True,https://www.cbs.gov.il/he/publications/Pages/2019/פסולת-שנאספה-ברשויות-המקומיות-2014-2017.aspx,"CBS - Household and Commercial Waste Collected, by Type of Treatment and Local Authority"
472,אבו גוש,Abu Ghosh,,8657.0,,2017,4363.32,1.6520353656923183,24.449501755543945,75.55049824445605,,True,https://www.cbs.gov.il/he/publications/Pages/2019/פסולת-שנאספה-ברשויות-המקומיות-2014-2017.aspx,"CBS - Household and Commercial Waste Collected, by Type of Treatment and Local Authority"
473,אבו סנאן,Abu Snan,,13895.0,,2017,6561.0,1.3211223384304354,7.818930041152264,92.18106995884774,,True,https://www.cbs.gov.il/he/publications/Pages/2019/פסולת-שנאספה-ברשויות-המקומיות-2014-2017.aspx,"CBS - Household and Commercial Waste Collected, by Type of Treatment and Local Authority"
182,אבן יהודה,Even Yehuda,,14989.0,,2017,9671.087,1.9449583547155829,12.02175101930114,87.97824898069887,,True,https://www.cbs.gov.il/he/publications/Pages/2019/פסולת-שנאספה-ברשויות-המקומיות-2014-2017.aspx,"CBS - Household and Commercial Waste Collected, by Type of Treatment and Local Authority"
2710,אום אל-פחם,Umm Al-Fahm,,57560.0,,2017,27015.0,1.3764100688103136,6.671848972792893,93.32815102720711,,True,https://www.cbs.gov.il/he/publications/Pages/2019/פסולת-שנאספה-ברשויות-המקומיות-2014-2017.aspx,"CBS - Household and Commercial Waste Collected, by Type of Treatment and Local Authority"
31,אופקים,Ofaqim,,35355.0,,2017,16012.93,1.6130245273876906,14.158058518959365,85.84194148104064,,True,https://www.cbs.gov.il/he/publications/Pages/2019/פסולת-שנאספה-ברשויות-המקומיות-2014-2017.aspx,"CBS - Household and Commercial Waste Collected, by Type of Treatment and Local Authority"
2400,אור יהודה,Or Yehuda,,36850.0,,2017,30218.916,2.2607670649335496,24.698432960777932,75.30156703922208,,True,https://www.cbs.gov.il/he/publications/Pages/2019/פסולת-שנאספה-ברשויות-המקומיות-2014-2017.aspx,"CBS - Household and Commercial Waste Collected, by Type of Treatment and Local Authority"
1020,אור עקיבא,Or Aqiva,,22173.0,,2017,15161.0,2.3515716761326955,26.58136006859706,73.41863993140294,,True,https://www.cbs.gov.il/he/publications/Pages/2019/פסולת-שנאספה-ברשויות-המקומיות-2014-2017.aspx,"CBS - Household and Commercial Waste Collected, by Type of Treatment and Local Authority"
3760,אורנית,Oranit,,9979.0,,2017,5019.227000000001,1.5890667401591307,22.409157463663373,77.59084253633662,,True,https://www.cbs.gov.il/he/publications/Pages/2019/פסולת-שנאספה-ברשויות-המקומיות-2014-2017.aspx,"CBS - Household and Commercial Waste Collected, by Type of Treatment and Local Authority"
565,אזור,Azor,,13191.0,,2017,9577.453,2.076771872944089,37.047898959138536,62.95210104086147,,True,https://www.cbs.gov.il/he/publications/Pages/2019/פסולת-שנאספה-ברשויות-המקומיות-2014-2017.aspx,"CBS - Household and Commercial Waste Collected, by Type of Treatment and Local Authority"
2600,אילת,Eilat,,55213.0,,2017,65041.87,3.5357931685699637,7.504350659044705,92.4956493409553,,True,https://www.cbs.gov.il/he/publications/Pages/2019/פסולת-שנאספה-ברשויות-המקומיות-2014-2017.aspx,"CBS - Household and Commercial Waste Collected, by Type of Treatment and Local Authority"
478,אכסאל,Iksal,,14646.0,,2017,6562.973,1.2749753556526624,9.842688671734596,90.15731132826541,,True,https://www.cbs.gov.il/he/publications/Pages/2019/פסולת-שנאספה-ברשויות-המקומיות-2014-2017.aspx,"CBS - Household and Commercial Waste Collected, by Type of Treatment and Local Authority"
,אל קסום,El Kasum,,18954.0,,2017,4176.41,1.1727189892469194,2.3604004396120115,97.63959956038799,,True,https://www.cbs.gov.il/he/publications/Pages/2019/פסולת-שנאספה-ברשויות-המקומיות-2014-2017.aspx,"CBS - Household and Commercial Waste Collected, by Type of Treatment and Local Authority"
,אל-בטוף,El Batuf,,8903.0,,2017,,,,,,False,https://www.cbs.gov.il/he/publications/Pages/2019/פסולת-שנאספה-ברשויות-המקומיות-2014-2017.aspx,"CBS - Household and Commercial Waste Collected, by Type of Treatment and Local Authority"
,אלונה,Allona,,2195.0,,2017,1682.6399999999999,2.0056439428930717,53.04164883754101,46.95835116245899,,True,https://www.cbs.gov.il/he/publications/Pages/2019/פסולת-שנאספה-ברשויות-המקומיות-2014-2017.aspx,"CBS - Household and Commercial Waste Collected, by Type of Treatment and Local Authority"
41,אליכין,Elyakhin,,3926.0,,2017,2051.571,1.6291204392112344,9.292439793699561,90.70756020630043,,True,https://www.cbs.gov.il/he/publications/Pages/2019/פסולת-שנאספה-ברשויות-המקומיות-2014-2017.aspx,"CBS - Household and Commercial Waste Collected, by Type of Treatment and Local Authority"
1309,אלעד,El'ad,,48825.0,,2017,17014.409,1.005171303031422,11.08870134719343,88.91129865280656,,True,https://www.cbs.gov.il/he/publications/Pages/2019/פסולת-שנאספה-ברשויות-המקומיות-2014-2017.aspx,"CBS - Household and Commercial Waste Collected, by Type of Treatment and Local Authority"
3750,אלפי מנשה,Alfei Menashe,,8068.0,,2017,4624.58,1.62636180497787,30.40539897677195,69.59460102322805,,True,https://www.cbs.gov.il/he/publications/Pages/2019/פסולת-שנאספה-ברשויות-המקומיות-2014-2017.aspx,"CBS - Household and Commercial Waste Collected, by Type of Treatment and Local Authority"
3560,אלקנה,Elqana,,4144.0,,2017,1925.68315,1.3558904324342222,8.245333610568279,91.75466638943172,,True,https://www.cbs.gov.il/he/publications/Pages/2019/פסולת-שנאספה-ברשויות-המקומיות-2014-2017.aspx,"CBS - Household and Commercial Waste Collected, by Type of Treatment and Local Authority"
529,אעבלין,I'billin,,13357.0,,2017,5985.951999999999,1.2703081291193894,4.651256809276118,95.34874319072388,,True,https://www.cbs.gov.il/he/publications/Pages/2019/פסולת-שנאספה-ברשויות-המקומיות-2014-2017.aspx,"CBS - Household and Commercial Waste Collected, by Type of Treatment and Local Authority"
3650,אפרת,Efrat,,12082.0,,2017,3531.51,1.0887337371918266,7.391738944530808,92.60826105546919,,True,https://www.cbs.gov.il/he/publications/Pages/2019/פסולת-שנאספה-ברשויות-המקומיות-2014-2017.aspx,"CBS - Household and Commercial Waste Collected, by Type of Treatment and Local Authority"
3570,אריאל,Ariel,,21428.0,,2017,9243.305,1.3038214121233194,18.15350016627122,81.84649983372879,,True,https://www.cbs.gov.il/he/publications/Pages/2019/פסולת-שנאספה-ברשויות-המקומיות-2014-2017.aspx,"CBS - Household and Commercial Waste Collected, by Type of Treatment and Local Authority"
70,אשדוד,Ashdod,,227865.0,,2017,130589.82400000001,1.6099044701198606,9.190284994947232,90.80971500505277,,True,https://www.cbs.gov.il/he/publications/Pages/2019/פסולת-שנאספה-ברשויות-המקומיות-2014-2017.aspx,"CBS - Household and Commercial Waste Collected, by Type of Treatment and Local Authority"
,אשכול,Eshkol,,18228.0,,2017,9537.646,1.8991596036268166,30.922368056017174,69.07763194398284,,True,https://www.cbs.gov.il/he/publications/Pages/2019/פסולת-שנאספה-ברשויות-המקומיות-2014-2017.aspx,"CBS - Household and Commercial Waste Collected, by Type of Treatment and Local Authority"
7100,אשקלון,Ashqelon,,152370.0,,2017,106754.70899999999,2.1474282563043223,20.628025879401722,79.37197412059828,,True,https://www.cbs.gov.il/he/publications/Pages/2019/פסולת-שנאספה-ברשויות-המקומיות-2014-2017.aspx,"CBS - Household and Commercial Waste Collected, by Type of Treatment and Local Authority"
6000,באקה אל-גרביה,Baqa Al-Gharbiyye,,29868.0,,2017,18732.309999999998,1.7832003356534445,2.5364196941007275,97.46358030589927,,True,https://www.cbs.gov.il/he/publications/Pages/2019/פסולת-שנאספה-ברשויות-המקומיות-2014-2017.aspx,"CBS - Household and Commercial Waste Collected, by Type of Treatment and Local Authority"
155,באר טוביה,Be'er Toviyya,,1404.0,,2017,87531.36,10.449322231175575,4.617396096667526,95.38260390333248,,True,https://www.cbs.gov.il/he/publications/Pages/2019/פסולת-שנאספה-ברשויות-המקומיות-2014-2017.aspx,"CBS - Household and Commercial Waste Collected, by Type of Treatment and Local Authority"
2530,באר יעקב,Be'er Ya'aqov,,31439.0,,2017,18668.697,2.3663438835578936,24.853997866618982,75.14600213338102,,True,https://www.cbs.gov.il/he/publications/Pages/2019/פסולת-שנאספה-ברשויות-המקומיות-2014-2017.aspx,"CBS - Household and Commercial Waste Collected, by Type of Treatment and Local Authority"
9000,באר שבע,Be'er Sheva,,217577.0,,2017,146745.44136,1.9452357871008168,35.52794896851302,64.47205103148697,,True,https://www.cbs.gov.il/he/publications/Pages/2019/פסולת-שנאספה-ברשויות-המקומיות-2014-2017.aspx,"CBS - Household and Commercial Waste Collected, by Type of Treatment and Local Authority"
,בוסתן אל-מרג',Bustan El-Marj,,8111.0,,2017,3053.2999999999997,1.0966446617005838,0.3635410866930862,99.63645891330691,,True,https://www.cbs.gov.il/he/publications/Pages/2019/פסולת-שנאספה-ברשויות-המקומיות-2014-2017.aspx,"CBS - Household and Commercial Waste Collected, by Type of Treatment and Local Authority"
482,בועיינה-נוג'ידאת,Bu'eine-Nujeidat,,10087.0,,2017,3767.04,1.1015863149692067,30.446716785592937,69.55328321440707,,True,https://www.cbs.gov.il/he/publications/Pages/2019/פסולת-שנאספה-ברשויות-המקומיות-2014-2017.aspx,"CBS - Household and Commercial Waste Collected, by Type of Treatment and Local Authority"
4001,בוקעאתא,Buq'ata,,6720.0,,2017,2536.0,1.0758672320866542,4.8107255520504735,95.18927444794953,,True,https://www.cbs.gov.il/he/publications/Pages/2019/פסולת-שנאספה-ברשויות-המקומיות-2014-2017.aspx,"CBS - Household and Commercial Waste Collected, by Type of Treatment and Local Authority"
998,ביר אל-מכסור,Bir El-Maksur,,10510.0,,2017,3199.31,0.9727982079138421,29.2284898931332,70.77151010686678,,True,https://www.cbs.gov.il/he/publications/Pages/2019/פסולת-שנאספה-ברשויות-המקומיות-2014-2017.aspx,"CBS - Household and Commercial Waste Collected, by Type of Treatment and Local Authority"
3574,בית אל,Bet El,,5629.0,,2017,2415.995,1.0836584119063,4.099139278020028,95.90086072197998,,True,https://www.cbs.gov.il/he/publications/Pages/2019/פסולת-שנאספה-ברשויות-המקומיות-2014-2017.aspx,"CBS - Household and Commercial Waste Collected, by Type of Treatment and Local Authority"
3652,בית אריה-עופרים,Bet Arye,,5373.0,,2017,2702.9,1.5117245694770876,25.11746642495098,74.88253357504901,,True,https://www.cbs.gov.il/he/publications/Pages/2019/פסולת-שנאספה-ברשויות-המקומיות-2014-2017.aspx,"CBS - Household and Commercial Waste Collected, by Type of Treatment and Local Authority"
480,בית ג'ן,Beit Jann,,12038.0,,2017,5535.669999999999,1.3028362589813258,1.2735585755653789,98.72644142443463,,True,https://www.cbs.gov.il/he/publications/Pages/2019/פסולת-שנאספה-ברשויות-המקומיות-2014-2017.aspx,"CBS - Household and Commercial Waste Collected, by Type of Treatment and Local Authority"
466,בית דגן,Bet Dagan,,7616.0,,2017,4728.7880000000005,1.819438332405586,18.39053044060936,81.60946955939063,,True,https://www.cbs.gov.il/he/publications/Pages/2019/פסולת-שנאספה-ברשויות-המקומיות-2014-2017.aspx,"CBS - Household and Commercial Waste Collected, by Type of Treatment and Local Authority"
9200,בית שאן,Bet She'an,,19825.0,,2017,15125.369999999999,2.348438404296489,1.7602214028483272,98.23977859715167,,True,https://www.cbs.gov.il/he/publications/Pages/2019/פסולת-שנאספה-ברשויות-המקומיות-2014-2017.aspx,"CBS - Household and Commercial Waste Collected, by Type of Treatment and Local Authority"
2610,בית שמש,Bet Shemesh,,145554.0,,2017,64373.15,1.5737512505570168,4.4851774381089005,95.5148225618911,,True,https://www.cbs.gov.il/he/publications/Pages/2019/פסולת-שנאספה-ברשויות-המקומיות-2014-2017.aspx,"CBS - Household and Commercial Waste Collected, by Type of Treatment and Local Authority"
3780,ביתר עילית,Betar Illit,,65660.0,,2017,20667.693000000003,1.0664321836346309,3.593695725981607,96.4063042740184,,True,https://www.cbs.gov.il/he/publications/Pages/2019/פסולת-שנאספה-ברשויות-המקומיות-2014-2017.aspx,"CBS - Household and Commercial Waste Collected, by Type of Treatment and Local Authority"
6100,בני ברק,Bene Beraq,,216869.0,,2017,92393.23,1.3227436888226483,29.549456498505567,70.45054350149444,,True,https://www.cbs.gov.il/he/publications/Pages/2019/פסולת-שנאספה-ברשויות-המקומיות-2014-2017.aspx,"CBS - Household and Commercial Waste Collected, by Type of Treatment and Local Authority"
1066,"בני עי""ש",Bene Ayish,,6740.0,,2017,3202.1879999999996,1.2575458630721343,5.794225698178872,94.20577430182114,,True,https://www.cbs.gov.il/he/publications/Pages/2019/פסולת-שנאספה-ברשויות-המקומיות-2014-2017.aspx,"CBS - Household and Commercial Waste Collected, by Type of Treatment and Local Authority"
,בני שמעון,Bene Shim'on,,11508.0,,2017,8516.22,2.395739766818061,24.07684930638241,75.92315069361759,,True,https://www.cbs.gov.il/he/publications/Pages/2019/פסולת-שנאספה-ברשויות-המקומיות-2014-2017.aspx,"CBS - Household and Commercial Waste Collected, by Type of Treatment and Local Authority"
9800,בנימינה-גבעת עדה,Binyamina-Giv'at Ada,,15268.0,,2017,8067.644,1.4316688330752383,37.65404125417532,62.34595874582468,,True,https://www.cbs.gov.il/he/publications/Pages/2019/פסולת-שנאספה-ברשויות-המקומיות-2014-2017.aspx,"CBS - Household and Commercial Waste Collected, by Type of Treatment and Local Authority"
1326,"בסמ""ה",Basma,,11266.0,,2017,4387.0,1.28409679271068,7.339867791201277,92.66013220879873,,True,https://www.cbs.gov.il/he/publications/Pages/2019/פסולת-שנאספה-ברשויות-המקומיות-2014-2017.aspx,"CBS - Household and Commercial Waste Collected, by Type of Treatment and Local Authority"
944,בסמת טבעון,Basmat Tab'un,,8043.0,,2017,3333.194,1.1895422269648477,0.0,100.0,,True,https://www.cbs.gov.il/he/publications/Pages/2019/פסולת-שנאספה-ברשויות-המקומיות-2014-2017.aspx,"CBS - Household and Commercial Waste Collected, by Type of Treatment and Local Authority"
483,בענה,Bi'ne,,8518.0,,2017,5654.407,1.9240259758157066,0.8987149315569255,99.10128506844308,,True,https://www.cbs.gov.il/he/publications/Pages/2019/פסולת-שנאספה-ברשויות-המקומיות-2014-2017.aspx,"CBS - Household and Commercial Waste Collected, by Type of Treatment and Local Authority"
,ברנר,Brenner,,7758.0,,2017,5323.6759,1.852939519107862,36.54910510235982,63.450894897640175,,True,https://www.cbs.gov.il/he/publications/Pages/2019/פסולת-שנאספה-ברשויות-המקומיות-2014-2017.aspx,"CBS - Household and Commercial Waste Collected, by Type of Treatment and Local Authority"
6200,בת ים,Bat Yam,,128152.0,,2017,70230.866,1.4941301333430346,18.148075161954537,81.85192483804546,,True,https://www.cbs.gov.il/he/publications/Pages/2019/פסולת-שנאספה-ברשויות-המקומיות-2014-2017.aspx,"CBS - Household and Commercial Waste Collected, by Type of Treatment and Local Authority"
1292,ג'דיידה-מכר,Judeide-Maker,,19842.0,,2017,9003.34,1.2070876348158162,0.0,100.0,,True,https://www.cbs.gov.il/he/publications/Pages/2019/פסולת-שנאספה-ברשויות-המקומיות-2014-2017.aspx,"CBS - Household and Commercial Waste Collected, by Type of Treatment and Local Authority"
485,ג'ולס,Julis,,6543.0,,2017,3212.598,1.410318946137348,1.0146927813563975,98.9853072186436,,True,https://www.cbs.gov.il/he/publications/Pages/2019/פסולת-שנאספה-ברשויות-המקומיות-2014-2017.aspx,"CBS - Household and Commercial Waste Collected, by Type of Treatment and Local Authority"
627,ג'לג'וליה,Jaljulye,,10502.0,,2017,4338.695196925495,1.2220354058936762,6.15607192491337,93.84392807508664,,True,https://www.cbs.gov.il/he/publications/Pages/2019/פסולת-שנאספה-ברשויות-המקומיות-2014-2017.aspx,"CBS - Household and Commercial Waste Collected, by Type of Treatment and Local Authority"
541,ג'סר א-זרקא,Jisr Az-Zarqa,,15418.0,,2017,6103.68,1.167544767797454,1.1772569990563069,98.82274300094369,,True,https://www.cbs.gov.il/he/publications/Pages/2019/פסולת-שנאספה-ברשויות-המקומיות-2014-2017.aspx,"CBS - Household and Commercial Waste Collected, by Type of Treatment and Local Authority"
487,ג'ש (גוש חלב),Jish(Gush Halav),,3256.0,,2017,1415.825,1.25876913081028,4.584959299348436,95.41504070065156,,True,https://www.cbs.gov.il/he/publications/Pages/2019/פסולת-שנאספה-ברשויות-המקומיות-2014-2017.aspx,"CBS - Household and Commercial Waste Collected, by Type of Treatment and Local Authority"
628,ג'ת,Jatt,,12232.0,,2017,5692.95,1.3516981489301185,24.97738430866247,75.02261569133753,,True,https://www.cbs.gov.il/he/publications/Pages/2019/פסולת-שנאספה-ברשויות-המקומיות-2014-2017.aspx,"CBS - Household and Commercial Waste Collected, by Type of Treatment and Local Authority"
3730,גבעת זאב,Giv'at Ze'ev,,22117.0,,2017,8131.87,1.3033150702160798,37.600822443054305,62.39917755694569,,True,https://www.cbs.gov.il/he/publications/Pages/2019/פסולת-שנאספה-ברשויות-המקומיות-2014-2017.aspx,"CBS - Household and Commercial Waste Collected, by Type of Treatment and Local Authority"
681,גבעת שמואל,Giv'at Shemu'el,,27472.0,,2017,11321.109,1.2087582613523526,23.247801960037663,76.75219803996234,,True,https://www.cbs.gov.il/he/publications/Pages/2019/פסולת-שנאספה-ברשויות-המקומיות-2014-2017.aspx,"CBS - Household and Commercial Waste Collected, by Type of Treatment and Local Authority"
6300,גבעתיים,Giv'atayim,,58052.0,,2017,28568.335,1.3263079483995748,37.34899999560099,62.651000004399,,True,https://www.cbs.gov.il/he/publications/Pages/2019/פסולת-שנאספה-ברשויות-המקומיות-2014-2017.aspx,"CBS - Household and Commercial Waste Collected, by Type of Treatment and Local Authority"
2550,גדרה,Gedera,,29260.0,,2017,15437.85,1.5508832803350558,17.55522951706358,82.44477048293642,,True,https://www.cbs.gov.il/he/publications/Pages/2019/פסולת-שנאספה-ברשויות-המקומיות-2014-2017.aspx,"CBS - Household and Commercial Waste Collected, by Type of Treatment and Local Authority"
,גדרות,Gederot,,5008.0,,2017,2565.68,1.3568690809714512,24.757335287331234,75.24266471266876,,True,https://www.cbs.gov.il/he/publications/Pages/2019/פסולת-שנאספה-ברשויות-המקומיות-2014-2017.aspx,"CBS - Household and Commercial Waste Collected, by Type of Treatment and Local Authority"
,גולן,Golan,,20110.0,,2017,14965.012,2.4487865302939933,35.957284898936265,64.04271510106373,,True,https://www.cbs.gov.il/he/publications/Pages/2019/פסולת-שנאספה-ברשויות-המקומיות-2014-2017.aspx,"CBS - Household and Commercial Waste Collected, by Type of Treatment and Local Authority"
,גוש עציון,Gush Etzion,,26401.0,,2017,10964.099999999999,1.294043429844755,12.682025884477524,87.31797411552247,,True,https://www.cbs.gov.il/he/publications/Pages/2019/פסולת-שנאספה-ברשויות-המקומיות-2014-2017.aspx,"CBS - Household and Commercial Waste Collected, by Type of Treatment and Local Authority"
370,גזר,Gezer,,396.0,,2017,20764.75,2.1684667820620263,41.0935166568343,58.906483343165704,,True,https://www.cbs.gov.il/he/publications/Pages/2019/פסולת-שנאספה-ברשויות-המקומיות-2014-2017.aspx,"CBS - Household and Commercial Waste Collected, by Type of Treatment and Local Authority"
166,גן יבנה,Gan Yavne,,23688.0,,2017,13755.630000000001,1.6164665828085425,27.67761273020574,72.32238726979426,,True,https://www.cbs.gov.il/he/publications/Pages/2019/פסולת-שנאספה-ברשויות-המקומיות-2014-2017.aspx,"CBS - Household and Commercial Waste Collected, by Type of Treatment and Local Authority"
,גן רווה,Gan Rawe,,5976.0,,2017,5580.23350271456,2.5274113020898104,33.05058827919695,66.94941172080304,,True,https://www.cbs.gov.il/he/publications/Pages/2019/פסולת-שנאספה-ברשויות-המקומיות-2014-2017.aspx,"CBS - Household and Commercial Waste Collected, by Type of Treatment and Local Authority"
229,גני תקווה,Ganne Tiqwa,,23650.0,,2017,11086.0,1.7086932086658273,13.526839130179221,86.47316086982079,,True,https://www.cbs.gov.il/he/publications/Pages/2019/פסולת-שנאספה-ברשויות-המקומיות-2014-2017.aspx,"CBS - Household and Commercial Waste Collected, by Type of Treatment and Local Authority"
494,דאלית אל-כרמל,Daliyat Al-Karmel,,17672.0,,2017,18907.136,3.029312930028622,15.262258651971408,84.73774134802859,,True,https://www.cbs.gov.il/he/publications/Pages/2019/פסולת-שנאספה-ברשויות-המקומיות-2014-2017.aspx,"CBS - Household and Commercial Waste Collected, by Type of Treatment and Local Authority"
489,דבורייה,Daburiyya,,10480.0,,2017,4916.0,1.3339486972177008,5.777054515866558,94.22294548413345,,True,https://www.cbs.gov.il/he/publications/Pages/2019/פסולת-שנאספה-ברשויות-המקומיות-2014-2017.aspx,"CBS - Household and Commercial Waste Collected, by Type of Treatment and Local Authority"
490,דייר אל-אסד,Deir Al-Asad,,12176.0,,2017,4296.5599999999995,0.9807957050308322,6.888487534213418,93.11151246578659,,True,https://www.cbs.gov.il/he/publications/Pages/2019/פסולת-שנאספה-ברשויות-המקומיות-2014-2017.aspx,"CBS - Household and Commercial Waste Collected, by Type of Treatment and Local Authority"
492,דייר חנא,Deir Hanna,,10283.0,,2017,3491.471,0.9543956699133859,7.087872131832114,92.91212786816789,,True,https://www.cbs.gov.il/he/publications/Pages/2019/פסולת-שנאספה-ברשויות-המקומיות-2014-2017.aspx,"CBS - Household and Commercial Waste Collected, by Type of Treatment and Local Authority"
2200,דימונה,Dimona,,37213.0,,2017,20018.8,1.6343164992181016,16.28424281175695,83.71575718824306,,True,https://www.cbs.gov.il/he/publications/Pages/2019/פסולת-שנאספה-ברשויות-המקומיות-2014-2017.aspx,"CBS - Household and Commercial Waste Collected, by Type of Treatment and Local Authority"
,דרום השרון,Derom HaSharon,,34313.0,,2017,25946.571,2.201911036129691,29.23920467178495,70.76079532821504,,True,https://www.cbs.gov.il/he/publications/Pages/2019/פסולת-שנאספה-ברשויות-המקומיות-2014-2017.aspx,"CBS - Household and Commercial Waste Collected, by Type of Treatment and Local Authority"
,הגלבוע,HaGilbo'a,,32947.0,,2017,29369.89,2.713889005035313,19.987599544976163,80.01240045502384,,True,https://www.cbs.gov.il/he/publications/Pages/2019/פסולת-שנאספה-ברשויות-המקומיות-2014-2017.aspx,"CBS - Household and Commercial Waste Collected, by Type of Treatment and Local Authority"
,הגליל העליון,HaGalil HaElyon,,19674.0,,2017,17725.015,2.7658655806069685,29.893994447959564,70.10600555204043,,True,https://www.cbs.gov.il/he/publications/Pages/2019/פסולת-שנאספה-ברשויות-המקומיות-2014-2017.aspx,"CBS - Household and Commercial Waste Collected, by Type of Treatment and Local Authority"
,הגליל התחתון,HaGalil HaTahton,,12801.0,,2017,8692.372000000001,1.9870436218789471,42.64189337501891,57.35810662498109,,True,https://www.cbs.gov.il/he/publications/Pages/2019/פסולת-שנאספה-ברשויות-המקומיות-2014-2017.aspx,"CBS - Household and Commercial Waste Collected, by Type of Treatment and Local Authority"
9700,הוד השרון,Hod HaSharon,,65020.0,,2017,33833.767,1.5447149055924962,19.12774595864539,80.87225404135461,,True,https://www.cbs.gov.il/he/publications/Pages/2019/פסולת-שנאספה-ברשויות-המקומיות-2014-2017.aspx,"CBS - Household and Commercial Waste Collected, by Type of Treatment and Local Authority"
,הערבה התיכונה,HaArava HaTikhona,,6089.0,,2017,2762.092,2.3464729744079857,14.485107664770036,85.51489233522996,,True,https://www.cbs.gov.il/he/publications/Pages/2019/פסולת-שנאספה-ברשויות-המקומיות-2014-2017.aspx,"CBS - Household and Commercial Waste Collected, by Type of Treatment and Local Authority"
3769,הר אדר,Har Adar,,4405.0,,2017,2063.76,1.4068762049354853,24.818777377214403,75.1812226227856,,True,https://www.cbs.gov.il/he/publications/Pages/2019/פסולת-שנאספה-ברשויות-המקומיות-2014-2017.aspx,"CBS - Household and Commercial Waste Collected, by Type of Treatment and Local Authority"
,הר חברון,Har Hevron,,10631.0,,2017,3869.466,1.3017284764647308,15.026001003756075,84.97399899624392,,True,https://www.cbs.gov.il/he/publications/Pages/2019/פסולת-שנאספה-ברשויות-המקומיות-2014-2017.aspx,"CBS - Household and Commercial Waste Collected, by Type of Treatment and Local Authority"
6400,הרצלייה,Herzliyya,,105273.0,,2017,74844.24900000001,2.1918466848700078,17.886052273702415,82.11394772629758,,True,https://www.cbs.gov.il/he/publications/Pages/2019/פסולת-שנאספה-ברשויות-המקומיות-2014-2017.aspx,"CBS - Household and Commercial Waste Collected, by Type of Treatment and Local Authority"
,זבולון,Zevulun,,13401.0,,2017,9567.596,1.970056877292993,30.52444940191873,69.47555059808127,,True,https://www.cbs.gov.il/he/publications/Pages/2019/פסולת-שנאספה-ברשויות-המקומיות-2014-2017.aspx,"CBS - Household and Commercial Waste Collected, by Type of Treatment and Local Authority"
9300,זכרון יעקב,Zikhron Ya'aqov,,23513.0,,2017,12790.181,1.5354397836469909,46.29108993844575,53.70891006155425,,True,https://www.cbs.gov.il/he/publications/Pages/2019/פסולת-שנאספה-ברשויות-המקומיות-2014-2017.aspx,"CBS - Household and Commercial Waste Collected, by Type of Treatment and Local Authority"
1290,זמר,Zemer,,7482.0,,2017,3567.21,1.4646007199523716,6.552917176581967,93.44708282341804,,True,https://www.cbs.gov.il/he/publications/Pages/2019/פסולת-שנאספה-ברשויות-המקומיות-2014-2017.aspx,"CBS - Household and Commercial Waste Collected, by Type of Treatment and Local Authority"
975,זרזיר,Zarzir,,8836.0,,2017,3393.574,1.2067347702196052,0.0,100.0,,True,https://www.cbs.gov.il/he/publications/Pages/2019/פסולת-שנאספה-ברשויות-המקומיות-2014-2017.aspx,"CBS - Household and Commercial Waste Collected, by Type of Treatment and Local Authority"
,חבל אילות,Hevel Elot,,4678.0,,2017,3125.39,2.1048948694117806,22.78424985895094,77.21575014104906,,True,https://www.cbs.gov.il/he/publications/Pages/2019/פסולת-שנאספה-ברשויות-המקומיות-2014-2017.aspx,"CBS - Household and Commercial Waste Collected, by Type of Treatment and Local Authority"
,חבל יבנה,Hevel Yavne,,6388.0,,2017,4537.645,1.7943139365792078,32.7831948069979,67.21680519300209,,True,https://www.cbs.gov.il/he/publications/Pages/2019/פסולת-שנאספה-ברשויות-המקומיות-2014-2017.aspx,"CBS - Household and Commercial Waste Collected, by Type of Treatment and Local Authority"
,חבל מודיעין,Hevel Modi'in,,23646.0,,2017,19565.789,2.2986171552866796,28.545048707210324,71.45495129278967,,True,https://www.cbs.gov.il/he/publications/Pages/2019/פסולת-שנאספה-ברשויות-המקומיות-2014-2017.aspx,"CBS - Household and Commercial Waste Collected, by Type of Treatment and Local Authority"
6500,חדרה,Hadera,,103847.0,,2017,65468.577999999994,1.9319901672047355,11.408676082746139,88.59132391725386,,True,https://www.cbs.gov.il/he/publications/Pages/2019/פסולת-שנאספה-ברשויות-המקומיות-2014-2017.aspx,"CBS - Household and Commercial Waste Collected, by Type of Treatment and Local Authority"
6600,חולון,Holon,,192655.0,,2017,133079.385,1.901628087239521,29.95166827104976,70.04833172895025,,True,https://www.cbs.gov.il/he/publications/Pages/2019/פסולת-שנאספה-ברשויות-המקומיות-2014-2017.aspx,"CBS - Household and Commercial Waste Collected, by Type of Treatment and Local Authority"
,חוף אשקלון,Hof Ashqelon,,20100.0,,2017,11816.529,1.9262816204917454,33.56136984050054,66.43863015949947,,True,https://www.cbs.gov.il/he/publications/Pages/2019/פסולת-שנאספה-ברשויות-המקומיות-2014-2017.aspx,"CBS - Household and Commercial Waste Collected, by Type of Treatment and Local Authority"
,חוף הכרמל,Hof HaKarmel,,34463.0,,2017,30342.36,2.7358813040861456,24.695392843536233,75.30460715646376,,True,https://www.cbs.gov.il/he/publications/Pages/2019/פסולת-שנאספה-ברשויות-המקומיות-2014-2017.aspx,"CBS - Household and Commercial Waste Collected, by Type of Treatment and Local Authority"
,חוף השרון,Hof HaSharon,,12534.0,,2017,16349.01,2.990706297601528,10.422092836202316,89.57790716379769,,True,https://www.cbs.gov.il/he/publications/Pages/2019/פסולת-שנאספה-ברשויות-המקומיות-2014-2017.aspx,"CBS - Household and Commercial Waste Collected, by Type of Treatment and Local Authority"
1303,חורה,Hura,,20671.0,,2017,4896.9490000000005,0.6582552566462253,0.5527727570779274,99.44722724292207,,True,https://www.cbs.gov.il/he/publications/Pages/2019/פסולת-שנאספה-ברשויות-המקומיות-2014-2017.aspx,"CBS - Household and Commercial Waste Collected, by Type of Treatment and Local Authority"
496,חורפיש,Hurfeish,,6544.0,,2017,2968.5,1.3126636455946123,3.0149907360619843,96.98500926393801,,True,https://www.cbs.gov.il/he/publications/Pages/2019/פסולת-שנאספה-ברשויות-המקומיות-2014-2017.aspx,"CBS - Household and Commercial Waste Collected, by Type of Treatment and Local Authority"
4000,חיפה,Haifa,,289507.0,,2017,176810.63700000002,1.7279533140575842,25.75451781218343,74.24548218781656,,True,https://www.cbs.gov.il/he/publications/Pages/2019/פסולת-שנאספה-ברשויות-המקומיות-2014-2017.aspx,"CBS - Household and Commercial Waste Collected, by Type of Treatment and Local Authority"
2034,חצור הגלילית,Hazor HaGelilit,,10638.0,,2017,10156.6,3.0807769472188236,2.112911801193313,97.88708819880668,,True,https://www.cbs.gov.il/he/publications/Pages/2019/פסולת-שנאספה-ברשויות-המקומיות-2014-2017.aspx,"CBS - Household and Commercial Waste Collected, by Type of Treatment and Local Authority"
1247,חריש,Harish,,31733.0,,2017,1401.746,1.5492011754953197,10.816938304086475,89.18306169591352,,True,https://www.cbs.gov.il/he/publications/Pages/2019/פסולת-שנאספה-ברשויות-המקומיות-2014-2017.aspx,"CBS - Household and Commercial Waste Collected, by Type of Treatment and Local Authority"
6700,טבריה,Tiberias,,48509.0,,2017,39793.051,2.511681738336787,8.931747907442434,91.06825209255756,,True,https://www.cbs.gov.il/he/publications/Pages/2019/פסולת-שנאספה-ברשויות-המקומיות-2014-2017.aspx,"CBS - Household and Commercial Waste Collected, by Type of Treatment and Local Authority"
962,טובא-זנגרייה,Tuba-Zangariyye,,6935.0,,2017,3050.42,1.293568861486109,0.0,100.0,,True,https://www.cbs.gov.il/he/publications/Pages/2019/פסולת-שנאספה-ברשויות-המקומיות-2014-2017.aspx,"CBS - Household and Commercial Waste Collected, by Type of Treatment and Local Authority"
498,טורעאן,Tur'an,,14397.0,,2017,6128.19,1.2360239071842998,29.224958756174335,70.77504124382565,,True,https://www.cbs.gov.il/he/publications/Pages/2019/פסולת-שנאספה-ברשויות-המקומיות-2014-2017.aspx,"CBS - Household and Commercial Waste Collected, by Type of Treatment and Local Authority"
2730,טייבה,Tayibe,,45071.0,,2017,25172.890999999996,1.6424974316495804,14.216964590995925,85.78303540900407,,True,https://www.cbs.gov.il/he/publications/Pages/2019/פסולת-שנאספה-ברשויות-המקומיות-2014-2017.aspx,"CBS - Household and Commercial Waste Collected, by Type of Treatment and Local Authority"
2720,טירה,Tire,,26567.0,,2017,16294.947134717202,1.7511106623015604,6.967967587314957,93.03203241268506,,True,https://www.cbs.gov.il/he/publications/Pages/2019/פסולת-שנאספה-ברשויות-המקומיות-2014-2017.aspx,"CBS - Household and Commercial Waste Collected, by Type of Treatment and Local Authority"
2100,טירת כרמל,Tirat Karmel,,29069.0,,2017,12041.525,1.587263559482056,7.392202731796845,92.60779726820316,,True,https://www.cbs.gov.il/he/publications/Pages/2019/פסולת-שנאספה-ברשויות-המקומיות-2014-2017.aspx,"CBS - Household and Commercial Waste Collected, by Type of Treatment and Local Authority"
8900,טמרה,Tamra,,35349.0,,2017,23152.179,1.9167964280569405,24.304144331295987,75.695855668704,,True,https://www.cbs.gov.il/he/publications/Pages/2019/פסולת-שנאספה-ברשויות-המקומיות-2014-2017.aspx,"CBS - Household and Commercial Waste Collected, by Type of Treatment and Local Authority"
1295,יאנוח-ג'ת,Yanuh-Jat,,6759.0,,2017,3552.0,1.517056345210955,0.6193693693693694,99.38063063063063,,True,https://www.cbs.gov.il/he/publications/Pages/2019/פסולת-שנאספה-ברשויות-המקומיות-2014-2017.aspx,"CBS - Household and Commercial Waste Collected, by Type of Treatment and Local Authority"
46,יבנאל,Yavne'el,,4557.0,,2017,2843.0,1.8395999843863713,38.93774182201899,61.06225817798101,,True,https://www.cbs.gov.il/he/publications/Pages/2019/פסולת-שנאספה-ברשויות-המקומיות-2014-2017.aspx,"CBS - Household and Commercial Waste Collected, by Type of Treatment and Local Authority"
2660,יבנה,Yavne,,54981.0,,2017,27653.632,1.692412302558068,14.696268468460127,85.30373153153987,,True,https://www.cbs.gov.il/he/publications/Pages/2019/פסולת-שנאספה-ברשויות-המקומיות-2014-2017.aspx,"CBS - Household and Commercial Waste Collected, by Type of Treatment and Local Authority"
9400,יהוד-מונוסון,Yehud,,30977.0,,2017,19878.690000000002,1.8461437732771193,29.463191532972306,70.5368084670277,,True,https://www.cbs.gov.il/he/publications/Pages/2019/פסולת-שנאספה-ברשויות-המקומיות-2014-2017.aspx,"CBS - Household and Commercial Waste Collected, by Type of Treatment and Local Authority"
,יואב,Yo'av,,9133.0,,2017,6029.73,1.9376937680110353,42.792463344129835,57.207536655870165,,True,https://www.cbs.gov.il/he/publications/Pages/2019/פסולת-שנאספה-ברשויות-המקומיות-2014-2017.aspx,"CBS - Household and Commercial Waste Collected, by Type of Treatment and Local Authority"
29,יסוד המעלה,Yesud HaMa'ala,,1969.0,,2017,2010.66,3.2582400235683027,33.703361085414734,66.29663891458526,,True,https://www.cbs.gov.il/he/publications/Pages/2019/פסולת-שנאספה-ברשויות-המקומיות-2014-2017.aspx,"CBS - Household and Commercial Waste Collected, by Type of Treatment and Local Authority"
499,יפיע,Yafi,,18113.0,,2017,9494.1,1.4028973973852832,8.395740512528834,91.60425948747117,,True,https://www.cbs.gov.il/he/publications/Pages/2019/פסולת-שנאספה-ברשויות-המקומיות-2014-2017.aspx,"CBS - Household and Commercial Waste Collected, by Type of Treatment and Local Authority"
240,יקנעם עילית,Yoqne'am Illit,,23729.0,,2017,17112.000999999997,2.0948254924284155,27.366705974362677,72.63329402563731,,True,https://www.cbs.gov.il/he/publications/Pages/2019/פסולת-שנאספה-ברשויות-המקומיות-2014-2017.aspx,"CBS - Household and Commercial Waste Collected, by Type of Treatment and Local Authority"
831,ירוחם,Yeroham,,11403.0,,2017,4064.08,1.1882682630627373,4.301834609554931,95.69816539044507,,True,https://www.cbs.gov.il/he/publications/Pages/2019/פסולת-שנאספה-ברשויות-המקומיות-2014-2017.aspx,"CBS - Household and Commercial Waste Collected, by Type of Treatment and Local Authority"
3000,ירושלים,Jerusalem,,1005919.0,,2017,477736.728,1.4673783605913668,39.464775670335314,60.535224329664686,,True,https://www.cbs.gov.il/he/publications/Pages/2019/פסולת-שנאספה-ברשויות-המקומיות-2014-2017.aspx,"CBS - Household and Commercial Waste Collected, by Type of Treatment and Local Authority"
502,ירכא,Yirka,,16194.0,,2017,12730.16,2.09242147288578,1.3542642040634212,98.64573579593659,,True,https://www.cbs.gov.il/he/publications/Pages/2019/פסולת-שנאספה-ברשויות-המקומיות-2014-2017.aspx,"CBS - Household and Commercial Waste Collected, by Type of Treatment and Local Authority"
504,כאבול,Kabul,,11993.0,,2017,6561.0,1.3279999457546128,0.0,100.0,,True,https://www.cbs.gov.il/he/publications/Pages/2019/פסולת-שנאספה-ברשויות-המקומיות-2014-2017.aspx,"CBS - Household and Commercial Waste Collected, by Type of Treatment and Local Authority"
505,כאוכב אבו אל-היג'א,Kaokab Abu Al-Hija,,3984.0,,2017,1206.1,0.9654924891252513,4.381062930105299,95.6189370698947,,True,https://www.cbs.gov.il/he/publications/Pages/2019/פסולת-שנאספה-ברשויות-המקומיות-2014-2017.aspx,"CBS - Household and Commercial Waste Collected, by Type of Treatment and Local Authority"
1224,כוכב יאיר,Kokhav Ya'ir,,9176.0,,2017,6629.887000000001,2.029936408019886,32.48496090506519,67.5150390949348,,True,https://www.cbs.gov.il/he/publications/Pages/2019/פסולת-שנאספה-ברשויות-המקומיות-2014-2017.aspx,"CBS - Household and Commercial Waste Collected, by Type of Treatment and Local Authority"
1059,כסיפה,Kuseife,,18867.0,,2017,4540.903,0.6225467034992047,3.831836971633175,96.16816302836682,,True,https://www.cbs.gov.il/he/publications/Pages/2019/פסולת-שנאספה-ברשויות-המקומיות-2014-2017.aspx,"CBS - Household and Commercial Waste Collected, by Type of Treatment and Local Authority"
1296,כסרא-סמיע,Kisra-Sumei,,8930.0,,2017,3946.31,1.282795934795755,21.394923358783267,78.60507664121673,,True,https://www.cbs.gov.il/he/publications/Pages/2019/פסולת-שנאספה-ברשויות-המקומיות-2014-2017.aspx,"CBS - Household and Commercial Waste Collected, by Type of Treatment and Local Authority"
978,כעביה-טבאש-חג'אג'רה,Ka'abiyye-Tabbash-Hajajre,,6170.0,,2017,1713.81,0.9107470084004603,0.6891078941072816,99.31089210589272,,True,https://www.cbs.gov.il/he/publications/Pages/2019/פסולת-שנאספה-ברשויות-המקומיות-2014-2017.aspx,"CBS - Household and Commercial Waste Collected, by Type of Treatment and Local Authority"
633,כפר ברא,Kafar Bara,,3710.0,,2017,1484.103202859518,1.1807310164818412,14.067027310315675,85.93297268968432,,True,https://www.cbs.gov.il/he/publications/Pages/2019/פסולת-שנאספה-ברשויות-המקומיות-2014-2017.aspx,"CBS - Household and Commercial Waste Collected, by Type of Treatment and Local Authority"
1263,כפר ורדים,Kefar Weradim,,5656.0,,2017,3161.12,1.5602131433811803,43.328946702434585,56.67105329756542,,True,https://www.cbs.gov.il/he/publications/Pages/2019/פסולת-שנאספה-ברשויות-המקומיות-2014-2017.aspx,"CBS - Household and Commercial Waste Collected, by Type of Treatment and Local Authority"
507,כפר יאסיף,Kafar Yasif,,10574.0,,2017,6014.6,1.6842671571817764,1.113956040301932,98.88604395969807,,True,https://www.cbs.gov.il/he/publications/Pages/2019/פסולת-שנאספה-ברשויות-המקומיות-2014-2017.aspx,"CBS - Household and Commercial Waste Collected, by Type of Treatment and Local Authority"
168,כפר יונה,Kefar Yona,,28135.0,,2017,15197.374999999998,1.859152233065412,10.261870882306981,89.73812911769302,,True,https://www.cbs.gov.il/he/publications/Pages/2019/פסולת-שנאספה-ברשויות-המקומיות-2014-2017.aspx,"CBS - Household and Commercial Waste Collected, by Type of Treatment and Local Authority"
508,כפר כמא,Kafar Kama,,3412.0,,2017,1888.94,1.5864511258638676,4.814340317850223,95.18565968214978,,True,https://www.cbs.gov.il/he/publications/Pages/2019/פסולת-שנאספה-ברשויות-המקומיות-2014-2017.aspx,"CBS - Household and Commercial Waste Collected, by Type of Treatment and Local Authority"
509,כפר כנא,Kafar Kanna,,24262.0,,2017,9831.01405,1.2379708904109588,31.01456253131893,68.98543746868107,,True,https://www.cbs.gov.il/he/publications/Pages/2019/פסולת-שנאספה-ברשויות-המקומיות-2014-2017.aspx,"CBS - Household and Commercial Waste Collected, by Type of Treatment and Local Authority"
510,כפר מנדא,Kafar Manda,,21041.0,,2017,8005.38,1.149200143526203,10.155670311715372,89.84432968828463,,True,https://www.cbs.gov.il/he/publications/Pages/2019/פסולת-שנאספה-ברשויות-המקומיות-2014-2017.aspx,"CBS - Household and Commercial Waste Collected, by Type of Treatment and Local Authority"
6900,כפר סבא,Kefar Sava,,100262.0,,2017,55726.725,1.5342775490313494,48.28447212715265,51.71552787284735,,True,https://www.cbs.gov.il/he/publications/Pages/2019/פסולת-שנאספה-ברשויות-המקומיות-2014-2017.aspx,"CBS - Household and Commercial Waste Collected, by Type of Treatment and Local Authority"
634,כפר קאסם,Kafar Qasem,,26389.0,,2017,12397.719907492328,1.509347489821271,13.412836553013218,86.58716344698678,,True,https://www.cbs.gov.il/he/publications/Pages/2019/פסולת-שנאספה-ברשויות-המקומיות-2014-2017.aspx,"CBS - Household and Commercial Waste Collected, by Type of Treatment and Local Authority"
654,כפר קרע,Kafar Qara,,19890.0,,2017,14453.23,2.182887204647973,13.388010846018503,86.6119891539815,,True,https://www.cbs.gov.il/he/publications/Pages/2019/פסולת-שנאספה-ברשויות-המקומיות-2014-2017.aspx,"CBS - Household and Commercial Waste Collected, by Type of Treatment and Local Authority"
267,כפר שמריהו,Kefar Shemaryahu,,2077.0,,2017,4031.8500000000004,5.840050957499085,23.374381487406527,76.62561851259348,,True,https://www.cbs.gov.il/he/publications/Pages/2019/פסולת-שנאספה-ברשויות-המקומיות-2014-2017.aspx,"CBS - Household and Commercial Waste Collected, by Type of Treatment and Local Authority"
47,כפר תבור,Kefar Tavor,,4363.0,,2017,3496.423,2.370442128887638,44.801873228725476,55.198126771274524,,True,https://www.cbs.gov.il/he/publications/Pages/2019/פסולת-שנאספה-ברשויות-המקומיות-2014-2017.aspx,"CBS - Household and Commercial Waste Collected, by Type of Treatment and Local Authority"
1139,כרמיאל,Karmi'el,,47450.0,,2017,24144.49,1.450340119300428,11.550467622219394,88.44953237778061,,True,https://www.cbs.gov.il/he/publications/Pages/2019/פסולת-שנאספה-ברשויות-המקומיות-2014-2017.aspx,"CBS - Household and Commercial Waste Collected, by Type of Treatment and Local Authority"
,לב השרון,Lev HaSharon,,23813.0,,2017,20257.47,2.3585873022064163,4.922628541471368,95.07737145852863,,True,https://www.cbs.gov.il/he/publications/Pages/2019/פסולת-שנאספה-ברשויות-המקומיות-2014-2017.aspx,"CBS - Household and Commercial Waste Collected, by Type of Treatment and Local Authority"
1271,להבים,Lehavim,,7686.0,,2017,3549.01,1.5150471527748712,15.943601173284943,84.05639882671505,,True,https://www.cbs.gov.il/he/publications/Pages/2019/פסולת-שנאספה-ברשויות-המקומיות-2014-2017.aspx,"CBS - Household and Commercial Waste Collected, by Type of Treatment and Local Authority"
7000,לוד,Lod,,87430.0,,2017,49662.96799999999,1.8360581603027724,24.770525192936518,75.22947480706348,,True,https://www.cbs.gov.il/he/publications/Pages/2019/פסולת-שנאספה-ברשויות-המקומיות-2014-2017.aspx,"CBS - Household and Commercial Waste Collected, by Type of Treatment and Local Authority"
24,לכיש,Lakhish,,1170.0,,2017,6146.584,1.5057185411644816,2.1220567391578804,97.87794326084212,,True,https://www.cbs.gov.il/he/publications/Pages/2019/פסולת-שנאספה-ברשויות-המקומיות-2014-2017.aspx,"CBS - Household and Commercial Waste Collected, by Type of Treatment and Local Authority"
1060,לקיה,Laqye,,17074.0,,2017,3170.5,0.6909691783123876,3.5483362245702574,96.45166377542974,,True,https://www.cbs.gov.il/he/publications/Pages/2019/פסולת-שנאספה-ברשויות-המקומיות-2014-2017.aspx,"CBS - Household and Commercial Waste Collected, by Type of Treatment and Local Authority"
,מבואות החרמון,Mevo'ot HaHermon,,8021.0,,2017,5653.0,2.1597645004708843,13.426499203962496,86.57350079603751,,True,https://www.cbs.gov.il/he/publications/Pages/2019/פסולת-שנאספה-ברשויות-המקומיות-2014-2017.aspx,"CBS - Household and Commercial Waste Collected, by Type of Treatment and Local Authority"
1015,מבשרת ציון,Mevasseret Ziyyon,,25476.0,,2017,13450.76,1.5078652449328431,10.874924539579919,89.12507546042008,,True,https://www.cbs.gov.il/he/publications/Pages/2019/פסולת-שנאספה-ברשויות-המקומיות-2014-2017.aspx,"CBS - Household and Commercial Waste Collected, by Type of Treatment and Local Authority"
516,מג'ד אל-כרום,Majd Al-Kurum,,14852.0,,2017,7317.71,1.3406825914026952,1.530533459237931,98.46946654076207,,True,https://www.cbs.gov.il/he/publications/Pages/2019/פסולת-שנאספה-ברשויות-המקומיות-2014-2017.aspx,"CBS - Household and Commercial Waste Collected, by Type of Treatment and Local Authority"
4201,מג'דל שמס,Majdal Shams,,11103.0,,2017,5205.0,1.312242218383161,3.9385206532180597,96.06147934678194,,True,https://www.cbs.gov.il/he/publications/Pages/2019/פסולת-שנאספה-ברשויות-המקומיות-2014-2017.aspx,"CBS - Household and Commercial Waste Collected, by Type of Treatment and Local Authority"
481,מגאר,Mughar,,22564.0,,2017,13393.206,1.6615407461230405,2.2399416539997965,97.7600583460002,,True,https://www.cbs.gov.il/he/publications/Pages/2019/פסולת-שנאספה-ברשויות-המקומיות-2014-2017.aspx,"CBS - Household and Commercial Waste Collected, by Type of Treatment and Local Authority"
65,מגדל,Migdal,,2045.0,,2017,2178.437,3.168495416039225,8.754763162763027,91.24523683723696,,True,https://www.cbs.gov.il/he/publications/Pages/2019/פסולת-שנאספה-ברשויות-המקומיות-2014-2017.aspx,"CBS - Household and Commercial Waste Collected, by Type of Treatment and Local Authority"
874,מגדל העמק,Migdal HaEmeq,,27045.0,,2017,19075.239999999998,2.071585829227997,12.693103730280718,87.30689626971929,,True,https://www.cbs.gov.il/he/publications/Pages/2019/פסולת-שנאספה-ברשויות-המקומיות-2014-2017.aspx,"CBS - Household and Commercial Waste Collected, by Type of Treatment and Local Authority"
586,מגידו,Megiddo,,953.0,,2017,7844.4400000000005,1.8498550902355109,35.253504392920334,64.74649560707965,,True,https://www.cbs.gov.il/he/publications/Pages/2019/פסולת-שנאספה-ברשויות-המקומיות-2014-2017.aspx,"CBS - Household and Commercial Waste Collected, by Type of Treatment and Local Authority"
,מגילות ים המלח,Megilot,,2243.0,,2017,1804.54,3.314747036861852,0.3435778647189866,99.656422135281,,True,https://www.cbs.gov.il/he/publications/Pages/2019/פסולת-שנאספה-ברשויות-המקומיות-2014-2017.aspx,"CBS - Household and Commercial Waste Collected, by Type of Treatment and Local Authority"
3797,מודיעין עילית,Modi'in Illit,,83133.0,,2017,20976.785,0.8394286608380527,34.57220270231417,65.42779729768583,,True,https://www.cbs.gov.il/he/publications/Pages/2019/פסולת-שנאספה-ברשויות-המקומיות-2014-2017.aspx,"CBS - Household and Commercial Waste Collected, by Type of Treatment and Local Authority"
1200,מודיעין-מכבים-רעות,Modi'in-Makkabbim-Re'ut,,92307.0,,2017,42773.71,1.2924627808972318,26.49711469966014,73.50288530033986,,True,https://www.cbs.gov.il/he/publications/Pages/2019/פסולת-שנאספה-ברשויות-המקומיות-2014-2017.aspx,"CBS - Household and Commercial Waste Collected, by Type of Treatment and Local Authority"
28,מזכרת בתיה,Mazkeret Batya,,15858.0,,2017,8577.621,1.7042001055754705,31.925148010153404,68.0748519898466,,True,https://www.cbs.gov.il/he/publications/Pages/2019/פסולת-שנאספה-ברשויות-המקומיות-2014-2017.aspx,"CBS - Household and Commercial Waste Collected, by Type of Treatment and Local Authority"
517,מזרעה,Mazra'a,,3772.0,,2017,2539.69,1.857735330740111,0.5634545948521277,99.43654540514787,,True,https://www.cbs.gov.il/he/publications/Pages/2019/פסולת-שנאספה-ברשויות-המקומיות-2014-2017.aspx,"CBS - Household and Commercial Waste Collected, by Type of Treatment and Local Authority"
,מטה אשר,Matte Asher,,30980.0,,2017,20361.600000000002,1.9751170329787588,29.263908533710513,70.73609146628948,,True,https://www.cbs.gov.il/he/publications/Pages/2019/פסולת-שנאספה-ברשויות-המקומיות-2014-2017.aspx,"CBS - Household and Commercial Waste Collected, by Type of Treatment and Local Authority"
,מטה בנימין,Mate Binyamin,,76014.0,,2017,30608.02,1.299191104655531,5.207197329327412,94.7928026706726,,True,https://www.cbs.gov.il/he/publications/Pages/2019/פסולת-שנאספה-ברשויות-המקומיות-2014-2017.aspx,"CBS - Household and Commercial Waste Collected, by Type of Treatment and Local Authority"
,מטה יהודה,Matte Yehuda,,59780.0,,2017,34523.478,1.693946150990861,13.257401238658515,86.74259876134148,,True,https://www.cbs.gov.il/he/publications/Pages/2019/פסולת-שנאספה-ברשויות-המקומיות-2014-2017.aspx,"CBS - Household and Commercial Waste Collected, by Type of Treatment and Local Authority"
43,מטולה,Metula,,1873.0,,2017,1047.6599999999999,1.7962847531231507,4.644636618750359,95.35536338124965,,True,https://www.cbs.gov.il/he/publications/Pages/2019/פסולת-שנאספה-ברשויות-המקומיות-2014-2017.aspx,"CBS - Household and Commercial Waste Collected, by Type of Treatment and Local Authority"
1268,מיתר,Metar,,11207.0,,2017,4544.085000000001,1.6332438115136039,38.47639575404069,61.523604245959305,,True,https://www.cbs.gov.il/he/publications/Pages/2019/פסולת-שנאספה-ברשויות-המקומיות-2014-2017.aspx,"CBS - Household and Commercial Waste Collected, by Type of Treatment and Local Authority"
,מנשה,Menashe,,21263.0,,2017,11645.855666666666,1.6284618935986594,46.631658695638414,53.368341304361586,,True,https://www.cbs.gov.il/he/publications/Pages/2019/פסולת-שנאספה-ברשויות-המקומיות-2014-2017.aspx,"CBS - Household and Commercial Waste Collected, by Type of Treatment and Local Authority"
4203,מסעדה,Mas'ade,,4091.0,,2017,1948.3200000000002,1.4933905041367619,1.4740904984807421,98.52590950151927,,True,https://www.cbs.gov.il/he/publications/Pages/2019/פסולת-שנאספה-ברשויות-המקומיות-2014-2017.aspx,"CBS - Household and Commercial Waste Collected, by Type of Treatment and Local Authority"
518,מעיליא,Mi'elya,,3269.0,,2017,1472.09,1.2614370458539252,2.179893892357125,97.82010610764289,,True,https://www.cbs.gov.il/he/publications/Pages/2019/פסולת-שנאספה-ברשויות-המקומיות-2014-2017.aspx,"CBS - Household and Commercial Waste Collected, by Type of Treatment and Local Authority"
3616,מעלה אדומים,Ma'ale Adummim,,36664.0,,2017,23837.61,1.7303249711326507,28.603245040085813,71.39675495991418,,True,https://www.cbs.gov.il/he/publications/Pages/2019/פסולת-שנאספה-ברשויות-המקומיות-2014-2017.aspx,"CBS - Household and Commercial Waste Collected, by Type of Treatment and Local Authority"
3608,מעלה אפרים,Ma'ale Efrayim,,1635.0,,2017,466.69,1.059248304573437,0.45212025113030063,99.54787974886969,,True,https://www.cbs.gov.il/he/publications/Pages/2019/פסולת-שנאספה-ברשויות-המקומיות-2014-2017.aspx,"CBS - Household and Commercial Waste Collected, by Type of Treatment and Local Authority"
,מעלה יוסף,Ma'ale Yosef,,11929.0,,2017,7839.005,2.0680525784686816,3.170619230374263,96.82938076962574,,True,https://www.cbs.gov.il/he/publications/Pages/2019/פסולת-שנאספה-ברשויות-המקומיות-2014-2017.aspx,"CBS - Household and Commercial Waste Collected, by Type of Treatment and Local Authority"
1327,מעלה עירון,Ma'ale Iron,,14865.0,,2017,8688.0,1.6477729745128136,2.578268876611418,97.42173112338858,,True,https://www.cbs.gov.il/he/publications/Pages/2019/פסולת-שנאספה-ברשויות-המקומיות-2014-2017.aspx,"CBS - Household and Commercial Waste Collected, by Type of Treatment and Local Authority"
1063,מעלות-תרשיחא,Ma'alot-Tarshiha,,22720.0,,2017,12062.204,1.5584962742142159,13.686255016081638,86.31374498391835,,True,https://www.cbs.gov.il/he/publications/Pages/2019/פסולת-שנאספה-ברשויות-המקומיות-2014-2017.aspx,"CBS - Household and Commercial Waste Collected, by Type of Treatment and Local Authority"
99,מצפה רמון,Mizpe Ramon,,5385.0,,2017,3267.57,1.7277776368471371,5.4037097904559035,94.5962902095441,,True,https://www.cbs.gov.il/he/publications/Pages/2019/פסולת-שנאספה-ברשויות-המקומיות-2014-2017.aspx,"CBS - Household and Commercial Waste Collected, by Type of Treatment and Local Authority"
,מרום הגליל,Merom HaGalil,,15541.0,,2017,18351.21,3.292661034823202,0.7095444932513987,99.29045550674861,,True,https://www.cbs.gov.il/he/publications/Pages/2019/פסולת-שנאספה-ברשויות-המקומיות-2014-2017.aspx,"CBS - Household and Commercial Waste Collected, by Type of Treatment and Local Authority"
,מרחבים,Merhavim,,14544.0,,2017,6087.8,1.2374451244269795,3.958503367390519,96.0414966326095,,True,https://www.cbs.gov.il/he/publications/Pages/2019/פסולת-שנאספה-ברשויות-המקומיות-2014-2017.aspx,"CBS - Household and Commercial Waste Collected, by Type of Treatment and Local Authority"
,משגב,Misgav,,29181.0,,2017,14913.774,1.4764102906782492,51.13242295343888,48.867577046561124,,True,https://www.cbs.gov.il/he/publications/Pages/2019/פסולת-שנאספה-ברשויות-המקומיות-2014-2017.aspx,"CBS - Household and Commercial Waste Collected, by Type of Treatment and Local Authority"
520,משהד,Meshhed,,8499.0,,2017,3448.526,1.1779665821581218,25.085500297808398,74.9144997021916,,True,https://www.cbs.gov.il/he/publications/Pages/2019/פסולת-שנאספה-ברשויות-המקומיות-2014-2017.aspx,"CBS - Household and Commercial Waste Collected, by Type of Treatment and Local Authority"
9100,נהרייה,Nahariyya,,63318.0,,2017,38511.0,1.901519077281091,12.28955363402664,87.71044636597335,,True,https://www.cbs.gov.il/he/publications/Pages/2019/פסולת-שנאספה-ברשויות-המקומיות-2014-2017.aspx,"CBS - Household and Commercial Waste Collected, by Type of Treatment and Local Authority"
,נווה מדבר,Neve Midbar,,13096.0,,2017,2071.0,0.6426153918953198,0.14485755673587639,99.85514244326413,,True,https://www.cbs.gov.il/he/publications/Pages/2019/פסולת-שנאספה-ברשויות-המקומיות-2014-2017.aspx,"CBS - Household and Commercial Waste Collected, by Type of Treatment and Local Authority"
1061,נוף הגליל,Nazerat Illit,,43479.0,,2017,19035.81,1.2902747181986403,38.59539573046799,61.404604269532015,,True,https://www.cbs.gov.il/he/publications/Pages/2019/פסולת-שנאספה-ברשויות-המקומיות-2014-2017.aspx,"CBS - Household and Commercial Waste Collected, by Type of Treatment and Local Authority"
,נחל שורק,Nahal Soreq,,10204.0,,2017,4795.47,1.450140615077565,40.69402999080382,59.30597000919617,,True,https://www.cbs.gov.il/he/publications/Pages/2019/פסולת-שנאספה-ברשויות-המקומיות-2014-2017.aspx,"CBS - Household and Commercial Waste Collected, by Type of Treatment and Local Authority"
522,נחף,Nahef,,13446.0,,2017,6924.023999999999,1.519619041781132,1.3982476086160303,98.60175239138398,,True,https://www.cbs.gov.il/he/publications/Pages/2019/פסולת-שנאספה-ברשויות-המקומיות-2014-2017.aspx,"CBS - Household and Commercial Waste Collected, by Type of Treatment and Local Authority"
7200,נס ציונה,Nes Ziyyona,,47620.0,,2017,22955.05,1.2931262364207605,16.814426455180886,83.18557354481912,,True,https://www.cbs.gov.il/he/publications/Pages/2019/פסולת-שנאספה-ברשויות-המקומיות-2014-2017.aspx,"CBS - Household and Commercial Waste Collected, by Type of Treatment and Local Authority"
7300,נצרת,Nazareth,,77295.0,,2017,,,,,,False,https://www.cbs.gov.il/he/publications/Pages/2019/פסולת-שנאספה-ברשויות-המקומיות-2014-2017.aspx,"CBS - Household and Commercial Waste Collected, by Type of Treatment and Local Authority"
2500,נשר,Nesher,,22911.0,,2017,11835.851,1.3672754850461026,26.811340561823567,73.18865943817644,,True,https://www.cbs.gov.il/he/publications/Pages/2019/פסולת-שנאספה-ברשויות-המקומיות-2014-2017.aspx,"CBS - Household and Commercial Waste Collected, by Type of Treatment and Local Authority"
246,נתיבות,Netivot,,45024.0,,2017,16276.520499999999,1.345357112451429,4.786652184046339,95.21334781595367,,True,https://www.cbs.gov.il/he/publications/Pages/2019/פסולת-שנאספה-ברשויות-המקומיות-2014-2017.aspx,"CBS - Household and Commercial Waste Collected, by Type of Treatment and Local Authority"
7400,נתניה,Netanya,,223920.0,,2017,128956.225,1.6628647959212457,12.526021186716518,87.47397881328348,,True,https://www.cbs.gov.il/he/publications/Pages/2019/פסולת-שנאספה-ברשויות-המקומיות-2014-2017.aspx,"CBS - Household and Commercial Waste Collected, by Type of Treatment and Local Authority"
525,סאג'ור,Sajur,,4155.0,,2017,1491.309,0.9923259557829396,2.8370377969957934,97.16296220300421,,True,https://www.cbs.gov.il/he/publications/Pages/2019/פסולת-שנאספה-ברשויות-המקומיות-2014-2017.aspx,"CBS - Household and Commercial Waste Collected, by Type of Treatment and Local Authority"
587,סביון,Savyon,,4494.0,,2017,6500.771000000001,4.647329207137423,69.40365959617984,30.59634040382016,,True,https://www.cbs.gov.il/he/publications/Pages/2019/פסולת-שנאספה-ברשויות-המקומיות-2014-2017.aspx,"CBS - Household and Commercial Waste Collected, by Type of Treatment and Local Authority"
7500,סח'נין,Sakhnin,,32355.0,,2017,14400.0,1.306272922141598,8.680555555555555,91.31944444444444,,True,https://www.cbs.gov.il/he/publications/Pages/2019/פסולת-שנאספה-ברשויות-המקומיות-2014-2017.aspx,"CBS - Household and Commercial Waste Collected, by Type of Treatment and Local Authority"
4501,ע'ג'ר,Ghajar,,2629.0,,2017,1031.982,1.1140545670637731,0.6765621881001801,99.32343781189982,,True,https://www.cbs.gov.il/he/publications/Pages/2019/פסולת-שנאספה-ברשויות-המקומיות-2014-2017.aspx,"CBS - Household and Commercial Waste Collected, by Type of Treatment and Local Authority"
666,עומר,Omer,,8250.0,,2017,5306.094,1.9220882854824328,28.545956705629415,71.45404329437058,,True,https://www.cbs.gov.il/he/publications/Pages/2019/פסולת-שנאספה-ברשויות-המקומיות-2014-2017.aspx,"CBS - Household and Commercial Waste Collected, by Type of Treatment and Local Authority"
530,עיילבון,Eilabun,,5777.0,,2017,2918.368,1.4369334448400135,2.102819109858661,97.89718089014134,,True,https://www.cbs.gov.il/he/publications/Pages/2019/פסולת-שנאספה-ברשויות-המקומיות-2014-2017.aspx,"CBS - Household and Commercial Waste Collected, by Type of Treatment and Local Authority"
511,עילוט,Ilut,,8561.0,,2017,3798.71,1.3284087070637194,6.257650623501136,93.74234937649886,,True,https://www.cbs.gov.il/he/publications/Pages/2019/פסולת-שנאספה-ברשויות-המקומיות-2014-2017.aspx,"CBS - Household and Commercial Waste Collected, by Type of Treatment and Local Authority"
532,עין מאהל,Ein Mahel,,13485.0,,2017,5220.0,1.1229562377984392,0.0,100.0,,True,https://www.cbs.gov.il/he/publications/Pages/2019/פסולת-שנאספה-ברשויות-המקומיות-2014-2017.aspx,"CBS - Household and Commercial Waste Collected, by Type of Treatment and Local Authority"
4502,עין קנייא,Ein Qiniyye,,2361.0,,2017,692.0070000000001,0.9430227853531512,4.3940306962212805,95.60596930377872,,True,https://www.cbs.gov.il/he/publications/Pages/2019/פסולת-שנאספה-ברשויות-המקומיות-2014-2017.aspx,"CBS - Household and Commercial Waste Collected, by Type of Treatment and Local Authority"
7600,עכו,Akko,,50555.0,,2017,30577.001,1.7432469848290426,2.3394871197472895,97.6605128802527,,True,https://www.cbs.gov.il/he/publications/Pages/2019/פסולת-שנאספה-ברשויות-המקומיות-2014-2017.aspx,"CBS - Household and Commercial Waste Collected, by Type of Treatment and Local Authority"
3660,עמנואל,Immanu'el,,4860.0,,2017,1177.2,0.9557070535434633,0.18688413183826028,99.81311586816174,,True,https://www.cbs.gov.il/he/publications/Pages/2019/פסולת-שנאספה-ברשויות-המקומיות-2014-2017.aspx,"CBS - Household and Commercial Waste Collected, by Type of Treatment and Local Authority"
,עמק הירדן,Emeq HaYarden,,15138.0,,2017,10741.845000000001,2.2004345828828837,27.703294918144877,72.29670508185512,,True,https://www.cbs.gov.il/he/publications/Pages/2019/פסולת-שנאספה-ברשויות-המקומיות-2014-2017.aspx,"CBS - Household and Commercial Waste Collected, by Type of Treatment and Local Authority"
,עמק המעיינות,Emeq HaMa'ayanot,,15012.0,,2017,10375.286,2.201389436274185,27.33665365947503,72.66334634052497,,True,https://www.cbs.gov.il/he/publications/Pages/2019/פסולת-שנאספה-ברשויות-המקומיות-2014-2017.aspx,"CBS - Household and Commercial Waste Collected, by Type of Treatment and Local Authority"
,עמק חפר,Emeq Hefer,,41826.0,,2017,26103.445,1.7001375887610335,43.27374030515895,56.72625969484104,,True,https://www.cbs.gov.il/he/publications/Pages/2019/פסולת-שנאספה-ברשויות-המקומיות-2014-2017.aspx,"CBS - Household and Commercial Waste Collected, by Type of Treatment and Local Authority"
,עמק יזרעאל,Emeq Yizre'el,,40514.0,,2017,24168.226000000002,1.7516783589693043,45.70648255275335,54.29351744724665,,True,https://www.cbs.gov.il/he/publications/Pages/2019/פסולת-שנאספה-ברשויות-המקומיות-2014-2017.aspx,"CBS - Household and Commercial Waste Collected, by Type of Treatment and Local Authority"
534,עספיא,Isifya,,13060.0,,2017,6636.072,1.5101536506069297,2.1809540342539986,97.819045965746,,True,https://www.cbs.gov.il/he/publications/Pages/2019/פסולת-שנאספה-ברשויות-המקומיות-2014-2017.aspx,"CBS - Household and Commercial Waste Collected, by Type of Treatment and Local Authority"
7700,עפולה,Afula,,60828.0,,2017,35299.0,2.010949732096023,31.080200572254174,68.91979942774583,,True,https://www.cbs.gov.il/he/publications/Pages/2019/פסולת-שנאספה-ברשויות-המקומיות-2014-2017.aspx,"CBS - Household and Commercial Waste Collected, by Type of Treatment and Local Authority"
531,עראבה,Arrabe,,26119.0,,2017,9139.39,1.013290625937204,21.767207658279165,78.23279234172084,,True,https://www.cbs.gov.il/he/publications/Pages/2019/פסולת-שנאספה-ברשויות-המקומיות-2014-2017.aspx,"CBS - Household and Commercial Waste Collected, by Type of Treatment and Local Authority"
,ערבות הירדן,Arvot Hayarden,,6294.0,,2017,2311.6,1.3195438451779367,0.0,100.0,,True,https://www.cbs.gov.il/he/publications/Pages/2019/פסולת-שנאספה-ברשויות-המקומיות-2014-2017.aspx,"CBS - Household and Commercial Waste Collected, by Type of Treatment and Local Authority"
2560,ערד,Arad,,27586.0,,2017,12671.711,1.3819643109828699,12.688016638005713,87.31198336199428,,True,https://www.cbs.gov.il/he/publications/Pages/2019/פסולת-שנאספה-ברשויות-המקומיות-2014-2017.aspx,"CBS - Household and Commercial Waste Collected, by Type of Treatment and Local Authority"
637,ערערה,Ar'ara,,19919.0,,2017,9836.0,1.106837479244371,15.46939812932086,84.53060187067915,,True,https://www.cbs.gov.il/he/publications/Pages/2019/פסולת-שנאספה-ברשויות-המקומיות-2014-2017.aspx,"CBS - Household and Commercial Waste Collected, by Type of Treatment and Local Authority"
1192,ערערה-בנגב,Ar'ara-BaNegev,,19543.0,,2017,4607.557000000001,0.7574298832344019,0.0,100.0,,True,https://www.cbs.gov.il/he/publications/Pages/2019/פסולת-שנאספה-ברשויות-המקומיות-2014-2017.aspx,"CBS - Household and Commercial Waste Collected, by Type of Treatment and Local Authority"
537,פוריידיס,Fureidis,,13108.0,,2017,1700.0,0.3653439401848586,0.0,100.0,,True,https://www.cbs.gov.il/he/publications/Pages/2019/פסולת-שנאספה-ברשויות-המקומיות-2014-2017.aspx,"CBS - Household and Commercial Waste Collected, by Type of Treatment and Local Authority"
535,פסוטה,Fassuta,,3358.0,,2017,1376.918,1.2262133996192948,2.7538313828419705,97.24616861715803,,True,https://www.cbs.gov.il/he/publications/Pages/2019/פסולת-שנאספה-ברשויות-המקומיות-2014-2017.aspx,"CBS - Household and Commercial Waste Collected, by Type of Treatment and Local Authority"
536,פקיעין (בוקייעה),Peqi'in (Buqei'a),,5919.0,,2017,3906.06,1.868044908094953,1.2032585264947286,98.79674147350526,,True,https://www.cbs.gov.il/he/publications/Pages/2019/פסולת-שנאספה-ברשויות-המקומיות-2014-2017.aspx,"CBS - Household and Commercial Waste Collected, by Type of Treatment and Local Authority"
7800,פרדס חנה-כרכור,Pardes Hanna-Karkur,,44161.0,,2017,23881.228,1.621446814361854,43.22867902772839,56.77132097227161,,True,https://www.cbs.gov.il/he/publications/Pages/2019/פסולת-שנאספה-ברשויות-המקומיות-2014-2017.aspx,"CBS - Household and Commercial Waste Collected, by Type of Treatment and Local Authority"
171,פרדסייה,Pardesiyya,,7743.0,,2017,3207.2,1.517910391320536,12.456036418059368,87.54396358194064,,True,https://www.cbs.gov.il/he/publications/Pages/2019/פסולת-שנאספה-ברשויות-המקומיות-2014-2017.aspx,"CBS - Household and Commercial Waste Collected, by Type of Treatment and Local Authority"
7900,פתח תקווה,Petah Tiqwa,,264046.0,,2017,136027.696,1.5641481017954202,9.220505359437979,90.77949464056202,,True,https://www.cbs.gov.il/he/publications/Pages/2019/פסולת-שנאספה-ברשויות-המקומיות-2014-2017.aspx,"CBS - Household and Commercial Waste Collected, by Type of Treatment and Local Authority"
8000,צפת,Zefat,,37801.0,,2017,20709.26,1.6466710770297477,2.188682743854682,97.81131725614533,,True,https://www.cbs.gov.il/he/publications/Pages/2019/פסולת-שנאספה-ברשויות-המקומיות-2014-2017.aspx,"CBS - Household and Commercial Waste Collected, by Type of Treatment and Local Authority"
3557,קדומים,Qedumim,,4470.0,,2017,1545.34,0.9618192745541575,8.758988248540774,91.24101175145924,,True,https://www.cbs.gov.il/he/publications/Pages/2019/פסולת-שנאספה-ברשויות-המקומיות-2014-2017.aspx,"CBS - Household and Commercial Waste Collected, by Type of Treatment and Local Authority"
195,קדימה-צורן,Qadima- Zoran,,22153.0,,2017,11715.81,1.4795110038331776,9.871788634332583,90.12821136566743,,True,https://www.cbs.gov.il/he/publications/Pages/2019/פסולת-שנאספה-ברשויות-המקומיות-2014-2017.aspx,"CBS - Household and Commercial Waste Collected, by Type of Treatment and Local Authority"
638,קלנסווה,Qalansawe,,23951.0,,2017,9002.979558005456,1.1145063560623107,31.07505176458784,68.92494823541216,,True,https://www.cbs.gov.il/he/publications/Pages/2019/פסולת-שנאספה-ברשויות-המקומיות-2014-2017.aspx,"CBS - Household and Commercial Waste Collected, by Type of Treatment and Local Authority"
4100,קצרין,Qazrin,,7633.0,,2017,3261.17,1.26513142055641,15.367797446928558,84.63220255307145,,True,https://www.cbs.gov.il/he/publications/Pages/2019/פסולת-שנאספה-ברשויות-המקומיות-2014-2017.aspx,"CBS - Household and Commercial Waste Collected, by Type of Treatment and Local Authority"
2620,קריית אונו,Qiryat Ono,,41537.0,,2017,17164.782000000003,1.205908146780522,34.99691206869653,65.00308793130345,,True,https://www.cbs.gov.il/he/publications/Pages/2019/פסולת-שנאספה-ברשויות-המקומיות-2014-2017.aspx,"CBS - Household and Commercial Waste Collected, by Type of Treatment and Local Authority"
3611,קריית ארבע,Qiryat Arba,,7442.0,,2017,3308.46,1.2407423111416003,3.6597087466676337,96.34029125333237,,True,https://www.cbs.gov.il/he/publications/Pages/2019/פסולת-שנאספה-ברשויות-המקומיות-2014-2017.aspx,"CBS - Household and Commercial Waste Collected, by Type of Treatment and Local Authority"
6800,קריית אתא,Qiryat Atta,,60465.0,,2017,39040.765,1.8739936751552742,11.364441757224789,88.63555824277522,,True,https://www.cbs.gov.il/he/publications/Pages/2019/פסולת-שנאספה-ברשויות-המקומיות-2014-2017.aspx,"CBS - Household and Commercial Waste Collected, by Type of Treatment and Local Authority"
9500,קריית ביאליק,Qiryat Bialik,,44806.0,,2017,23601.63,1.6395861859120644,35.54555342152216,64.45444657847784,,True,https://www.cbs.gov.il/he/publications/Pages/2019/פסולת-שנאספה-ברשויות-המקומיות-2014-2017.aspx,"CBS - Household and Commercial Waste Collected, by Type of Treatment and Local Authority"
2630,קריית גת,Qiryat Gat,,63386.0,,2017,28200.84,1.4567949193465903,3.527972925629166,96.47202707437083,,True,https://www.cbs.gov.il/he/publications/Pages/2019/פסולת-שנאספה-ברשויות-המקומיות-2014-2017.aspx,"CBS - Household and Commercial Waste Collected, by Type of Treatment and Local Authority"
2300,קריית טבעון,Qiryat Tiv'on,,17944.0,,2017,10411.98,1.6138223686393227,11.7251665869508,88.27483341304921,,True,https://www.cbs.gov.il/he/publications/Pages/2019/פסולת-שנאספה-ברשויות-המקומיות-2014-2017.aspx,"CBS - Household and Commercial Waste Collected, by Type of Treatment and Local Authority"
9600,קריית ים,Qiryat Yam,,38906.0,,2017,21391.335,1.481343610451027,31.43490109429823,68.56509890570177,,True,https://www.cbs.gov.il/he/publications/Pages/2019/פסולת-שנאספה-ברשויות-המקומיות-2014-2017.aspx,"CBS - Household and Commercial Waste Collected, by Type of Treatment and Local Authority"
1137,קריית יערים,Qiryat Ye'arim,,7161.0,,2017,2280.6040000000003,1.381422701763925,8.943858732160425,91.05614126783956,,True,https://www.cbs.gov.il/he/publications/Pages/2019/פסולת-שנאספה-ברשויות-המקומיות-2014-2017.aspx,"CBS - Household and Commercial Waste Collected, by Type of Treatment and Local Authority"
8200,קריית מוצקין,Qiryat Motzkin,,49057.0,,2017,21045.861,1.4030878002356717,6.5978119878298145,93.40218801217017,,True,https://www.cbs.gov.il/he/publications/Pages/2019/פסולת-שנאספה-ברשויות-המקומיות-2014-2017.aspx,"CBS - Household and Commercial Waste Collected, by Type of Treatment and Local Authority"
1034,קריית מלאכי,Qiryat Mal'akhi,,26362.0,,2017,16439.43,2.040480870138873,11.399524192748776,88.60047580725123,,True,https://www.cbs.gov.il/he/publications/Pages/2019/פסולת-שנאספה-ברשויות-המקומיות-2014-2017.aspx,"CBS - Household and Commercial Waste Collected, by Type of Treatment and Local Authority"
469,קריית עקרון,Qiryat Eqron,,11425.0,,2017,7916.2609999999995,1.997926046489999,20.36424771745146,79.63575228254854,,True,https://www.cbs.gov.il/he/publications/Pages/2019/פסולת-שנאספה-ברשויות-המקומיות-2014-2017.aspx,"CBS - Household and Commercial Waste Collected, by Type of Treatment and Local Authority"
2800,קריית שמונה,Qiryat Shemona,,23083.0,,2017,16077.89,1.9238737639164105,3.8120051822720518,96.18799481772795,,True,https://www.cbs.gov.il/he/publications/Pages/2019/פסולת-שנאספה-ברשויות-המקומיות-2014-2017.aspx,"CBS - Household and Commercial Waste Collected, by Type of Treatment and Local Authority"
3640,קרני שומרון,Qarne Shomeron,,10102.0,,2017,4058.362,1.5366755025830543,24.50545318529988,75.49454681470012,,True,https://www.cbs.gov.il/he/publications/Pages/2019/פסולת-שנאספה-ברשויות-המקומיות-2014-2017.aspx,"CBS - Household and Commercial Waste Collected, by Type of Treatment and Local Authority"
543,ראמה,Rame,,8472.0,,2017,3607.549,1.3134348681456278,2.981220767895322,97.01877923210468,,True,https://www.cbs.gov.il/he/publications/Pages/2019/פסולת-שנאספה-ברשויות-המקומיות-2014-2017.aspx,"CBS - Household and Commercial Waste Collected, by Type of Treatment and Local Authority"
2640,ראש העין,Rosh HaAyin,,74572.0,,2017,28923.995000000003,1.6519454225100738,23.10350281833474,76.89649718166527,,True,https://www.cbs.gov.il/he/publications/Pages/2019/פסולת-שנאספה-ברשויות-המקומיות-2014-2017.aspx,"CBS - Household and Commercial Waste Collected, by Type of Treatment and Local Authority"
26,ראש פינה,Rosh Pinna,,3352.0,,2017,3199.58,2.8910422601846326,20.489564255308508,79.51043574469149,,True,https://www.cbs.gov.il/he/publications/Pages/2019/פסולת-שנאספה-ברשויות-המקומיות-2014-2017.aspx,"CBS - Household and Commercial Waste Collected, by Type of Treatment and Local Authority"
8300,ראשון לציון,Rishon LeZiyyon,,252413.0,,2017,176240.89,1.9423502148088632,24.160482848219843,75.83951715178017,,True,https://www.cbs.gov.il/he/publications/Pages/2019/פסולת-שנאספה-ברשויות-המקומיות-2014-2017.aspx,"CBS - Household and Commercial Waste Collected, by Type of Treatment and Local Authority"
1161,רהט,Rahat,,71355.0,,2017,26425.375999999997,1.1031868286585282,0.3743371522887698,99.62566284771124,,True,https://www.cbs.gov.il/he/publications/Pages/2019/פסולת-שנאספה-ברשויות-המקומיות-2014-2017.aspx,"CBS - Household and Commercial Waste Collected, by Type of Treatment and Local Authority"
8400,רחובות,Rehovot,,150471.0,,2017,90191.58899999999,1.8029604993386947,17.325737325683445,82.67426267431655,,True,https://www.cbs.gov.il/he/publications/Pages/2019/פסולת-שנאספה-ברשויות-המקומיות-2014-2017.aspx,"CBS - Household and Commercial Waste Collected, by Type of Treatment and Local Authority"
542,ריינה,Reine,,17046.0,,2017,8013.759999999999,1.1779109824218785,24.6862895819191,75.31371041808089,,True,https://www.cbs.gov.il/he/publications/Pages/2019/פסולת-שנאספה-ברשויות-המקומיות-2014-2017.aspx,"CBS - Household and Commercial Waste Collected, by Type of Treatment and Local Authority"
922,רכסים,Rekhasim,,13910.0,,2017,5030.1,1.1878376041730434,15.003836901850857,84.99616309814914,,True,https://www.cbs.gov.il/he/publications/Pages/2019/פסולת-שנאספה-ברשויות-המקומיות-2014-2017.aspx,"CBS - Household and Commercial Waste Collected, by Type of Treatment and Local Authority"
8500,רמלה,Ramla,,81126.0,,2017,45402.951,1.6515965608282765,26.76885694059842,73.23114305940159,,True,https://www.cbs.gov.il/he/publications/Pages/2019/פסולת-שנאספה-ברשויות-המקומיות-2014-2017.aspx,"CBS - Household and Commercial Waste Collected, by Type of Treatment and Local Authority"
8600,רמת גן,Ramat Gan,,165155.0,,2017,93898.198,1.6599742345486956,38.58845327708245,61.41154672291756,,True,https://www.cbs.gov.il/he/publications/Pages/2019/פסולת-שנאספה-ברשויות-המקומיות-2014-2017.aspx,"CBS - Household and Commercial Waste Collected, by Type of Treatment and Local Authority"
2650,רמת השרון,Ramat HaSharon,,48986.0,,2017,34957.3,2.1029461416815995,41.871524488217794,58.128475511782206,,True,https://www.cbs.gov.il/he/publications/Pages/2019/פסולת-שנאספה-ברשויות-המקומיות-2014-2017.aspx,"CBS - Household and Commercial Waste Collected, by Type of Treatment and Local Authority"
122,רמת ישי,Ramat Yishay,,7880.0,,2017,5607.2970000000005,2.011930507072923,8.327131592993913,91.67286840700609,,True,https://www.cbs.gov.il/he/publications/Pages/2019/פסולת-שנאספה-ברשויות-המקומיות-2014-2017.aspx,"CBS - Household and Commercial Waste Collected, by Type of Treatment and Local Authority"
,רמת נגב,Ramat Negev,,8097.0,,2017,5650.440000000001,2.0701601409797514,17.939275525445805,82.06072447455419,,True,https://www.cbs.gov.il/he/publications/Pages/2019/פסולת-שנאספה-ברשויות-המקומיות-2014-2017.aspx,"CBS - Household and Commercial Waste Collected, by Type of Treatment and Local Authority"
8700,רעננה,Ra'annana,,80155.0,,2017,45670.58,1.7318801449497394,25.18851304275093,74.81148695724907,,True,https://www.cbs.gov.il/he/publications/Pages/2019/פסולת-שנאספה-ברשויות-המקומיות-2014-2017.aspx,"CBS - Household and Commercial Waste Collected, by Type of Treatment and Local Authority"
913,שבלי-אום אל-גנם,Shibli-Umm Al-Ghanam,,6278.0,,2017,2347.85,1.1035139800782556,0.5651979470579467,99.43480205294205,,True,https://www.cbs.gov.il/he/publications/Pages/2019/פסולת-שנאספה-ברשויות-המקומיות-2014-2017.aspx,"CBS - Household and Commercial Waste Collected, by Type of Treatment and Local Authority"
1286,שגב-שלום,Segev-Shalom,,14654.0,,2017,3067.8399999999997,0.8662865292732721,3.363930322311464,96.63606967768854,,True,https://www.cbs.gov.il/he/publications/Pages/2019/פסולת-שנאספה-ברשויות-המקומיות-2014-2017.aspx,"CBS - Household and Commercial Waste Collected, by Type of Treatment and Local Authority"
,שדות דן,Sedot Dan,,,,2017,13368.613000000001,2.4600421121201848,35.95603845203313,64.04396154796687,,True,https://www.cbs.gov.il/he/publications/Pages/2019/פסולת-שנאספה-ברשויות-המקומיות-2014-2017.aspx,"CBS - Household and Commercial Waste Collected, by Type of Treatment and Local Authority"
,שדות נגב,Sedot Negev,,11590.0,,2017,8580.3,2.3291064334565257,16.659291633159683,83.34070836684032,,True,https://www.cbs.gov.il/he/publications/Pages/2019/פסולת-שנאספה-ברשויות-המקומיות-2014-2017.aspx,"CBS - Household and Commercial Waste Collected, by Type of Treatment and Local Authority"
1031,שדרות,Sederot,,31108.0,,2017,14765.699999999999,1.6460093828677105,6.813618372308798,93.1863816276912,,True,https://www.cbs.gov.il/he/publications/Pages/2019/פסולת-שנאספה-ברשויות-המקומיות-2014-2017.aspx,"CBS - Household and Commercial Waste Collected, by Type of Treatment and Local Authority"
1304,שוהם,Shoham,,21171.0,,2017,10265.720000000001,1.3499673502424931,45.68859559725074,54.31140440274926,,True,https://www.cbs.gov.il/he/publications/Pages/2019/פסולת-שנאספה-ברשויות-המקומיות-2014-2017.aspx,"CBS - Household and Commercial Waste Collected, by Type of Treatment and Local Authority"
,שומרון,Shomron,,51691.0,,2017,20166.780000000002,1.387669581444508,9.94544206674756,90.05455793325243,,True,https://www.cbs.gov.il/he/publications/Pages/2019/פסולת-שנאספה-ברשויות-המקומיות-2014-2017.aspx,"CBS - Household and Commercial Waste Collected, by Type of Treatment and Local Authority"
812,שלומי,Shelomi,,7497.0,,2017,3364.48,1.4897475579086628,36.71640194027012,63.283598059729876,,True,https://www.cbs.gov.il/he/publications/Pages/2019/פסולת-שנאספה-ברשויות-המקומיות-2014-2017.aspx,"CBS - Household and Commercial Waste Collected, by Type of Treatment and Local Authority"
538,שעב,Sha'ab,,7445.0,,2017,2302.14,0.934616024614795,0.0,100.0,,True,https://www.cbs.gov.il/he/publications/Pages/2019/פסולת-שנאספה-ברשויות-המקומיות-2014-2017.aspx,"CBS - Household and Commercial Waste Collected, by Type of Treatment and Local Authority"
,שער הנגב,Sha'ar HaNegev,,8917.0,,2017,4194.91,1.4894899053381339,13.04535239135047,86.95464760864952,,True,https://www.cbs.gov.il/he/publications/Pages/2019/פסולת-שנאספה-ברשויות-המקומיות-2014-2017.aspx,"CBS - Household and Commercial Waste Collected, by Type of Treatment and Local Authority"
692,שפיר,Shafir,,1030.0,,2017,6351.962,1.6076337751906105,16.17237319744671,83.82762680255328,,True,https://www.cbs.gov.il/he/publications/Pages/2019/פסולת-שנאספה-ברשויות-המקומיות-2014-2017.aspx,"CBS - Household and Commercial Waste Collected, by Type of Treatment and Local Authority"
8800,שפרעם,Shefar'am,,42713.0,,2017,24128.686999999998,1.6210593994733113,6.273337625043585,93.72666237495642,,True,https://www.cbs.gov.il/he/publications/Pages/2019/פסולת-שנאספה-ברשויות-המקומיות-2014-2017.aspx,"CBS - Household and Commercial Waste Collected, by Type of Treatment and Local Authority"
5000,תל אביב-יפו,Tel Aviv - Yafo,,492872.0,,2017,420397.771,2.6094943796956422,32.72755423251257,67.27244576748743,,True,https://www.cbs.gov.il/he/publications/Pages/2019/פסולת-שנאספה-ברשויות-המקומיות-2014-2017.aspx,"CBS - Household and Commercial Waste Collected, by Type of Treatment and Local Authority"
154,תל מונד,Tel Mond,,14115.0,,2017,6767.51,1.4942017193296189,5.732581111812173,94.26741888818783,,True,https://www.cbs.gov.il/he/publications/Pages/2019/פסולת-שנאספה-ברשויות-המקומיות-2014-2017.aspx,"CBS - Household and Commercial Waste Collected, by Type of Treatment and Local Authority"
1054,תל שבע,Tel Sheva,,22760.0,,2017,5444.63,0.7667162597047685,0.0,100.0,,True,https://www.cbs.gov.il/he/publications/Pages/2019/פסולת-שנאספה-ברשויות-המקומיות-2014-2017.aspx,"CBS - Household and Commercial Waste Collected, by Type of Treatment and Local Authority"
,תמר,Tamar,,1524.0,,2017,11893.71,22.3878439363209,3.755850781631636,96.24414921836836,,True,https://www.cbs.gov.il/he/publications/Pages/2019/פסולת-שנאספה-ברשויות-המקומיות-2014-2017.aspx,"CBS - Household and Commercial Waste Collected, by Type of Treatment and Local Authority"
472,אבו גוש,Abu Ghosh,,8657.0,,2018,4583.281,1.6883034587848296,2.605578841882049,97.39442115811795,,True,https://www.cbs.gov.il/he/publications/Pages/2019/פסולת-שנאספה-ברשויות-המקומיות-2014-2017.aspx,"CBS - Household and Commercial Waste Collected, by Type of Treatment and Local Authority"
473,אבו סנאן,Abu Snan,,13895.0,,2018,5932.0,1.177291419899834,3.870532703978422,96.12946729602157,,True,https://www.cbs.gov.il/he/publications/Pages/2019/פסולת-שנאספה-ברשויות-המקומיות-2014-2017.aspx,"CBS - Household and Commercial Waste Collected, by Type of Treatment and Local Authority"
182,אבן יהודה,Even Yehuda,,14989.0,,2018,9737.256000000001,1.9469750867122957,10.679466576620765,89.32053342337923,,True,https://www.cbs.gov.il/he/publications/Pages/2019/פסולת-שנאספה-ברשויות-המקומיות-2014-2017.aspx,"CBS - Household and Commercial Waste Collected, by Type of Treatment and Local Authority"
2710,אום אל-פחם,Umm Al-Fahm,,57560.0,,2018,34009.016,1.7030311050029676,1.4836536287906712,98.51634637120932,,True,https://www.cbs.gov.il/he/publications/Pages/2019/פסולת-שנאספה-ברשויות-המקומיות-2014-2017.aspx,"CBS - Household and Commercial Waste Collected, by Type of Treatment and Local Authority"
31,אופקים,Ofaqim,,35355.0,,2018,16651.449999999997,1.6065787772539828,14.38216371547223,85.61783628452777,,True,https://www.cbs.gov.il/he/publications/Pages/2019/פסולת-שנאספה-ברשויות-המקומיות-2014-2017.aspx,"CBS - Household and Commercial Waste Collected, by Type of Treatment and Local Authority"
2400,אור יהודה,Or Yehuda,,36850.0,,2018,32393.849,2.412675580613748,37.56036832795016,62.439631672049835,,True,https://www.cbs.gov.il/he/publications/Pages/2019/פסולת-שנאספה-ברשויות-המקומיות-2014-2017.aspx,"CBS - Household and Commercial Waste Collected, by Type of Treatment and Local Authority"
1020,אור עקיבא,Or Aqiva,,22173.0,,2018,15583.371,2.372161747043431,32.883584687806,67.11641531219401,,True,https://www.cbs.gov.il/he/publications/Pages/2019/פסולת-שנאספה-ברשויות-המקומיות-2014-2017.aspx,"CBS - Household and Commercial Waste Collected, by Type of Treatment and Local Authority"
3760,אורנית,Oranit,,9979.0,,2018,,,,,,False,https://www.cbs.gov.il/he/publications/Pages/2019/פסולת-שנאספה-ברשויות-המקומיות-2014-2017.aspx,"CBS - Household and Commercial Waste Collected, by Type of Treatment and Local Authority"
565,אזור,Azor,,13191.0,,2018,10655.448,2.284845048774191,40.42296485328444,59.57703514671556,,True,https://www.cbs.gov.il/he/publications/Pages/2019/פסולת-שנאספה-ברשויות-המקומיות-2014-2017.aspx,"CBS - Household and Commercial Waste Collected, by Type of Treatment and Local Authority"
2600,אילת,Eilat,,55213.0,,2018,66661.249,3.558062301485687,7.727471472969253,92.27252852703074,,True,https://www.cbs.gov.il/he/publications/Pages/2019/פסולת-שנאספה-ברשויות-המקומיות-2014-2017.aspx,"CBS - Household and Commercial Waste Collected, by Type of Treatment and Local Authority"
478,אכסאל,Iksal,,14646.0,,2018,6450.247,1.22957946866206,7.318432922026087,92.68156707797391,,True,https://www.cbs.gov.il/he/publications/Pages/2019/פסולת-שנאספה-ברשויות-המקומיות-2014-2017.aspx,"CBS - Household and Commercial Waste Collected, by Type of Treatment and Local Authority"
,אל קסום,El Kasum,,18954.0,,2018,4096.52,0.9004246031331722,3.3970296739671717,96.60297032603283,,True,https://www.cbs.gov.il/he/publications/Pages/2019/פסולת-שנאספה-ברשויות-המקומיות-2014-2017.aspx,"CBS - Household and Commercial Waste Collected, by Type of Treatment and Local Authority"
,אל-בטוף,El Batuf,,8903.0,,2018,2218.147,0.7780201086279799,1.0011509606892601,98.99884903931074,,True,https://www.cbs.gov.il/he/publications/Pages/2019/פסולת-שנאספה-ברשויות-המקומיות-2014-2017.aspx,"CBS - Household and Commercial Waste Collected, by Type of Treatment and Local Authority"
,אלונה,Allona,,2195.0,,2018,1956.24,2.343490006049679,54.72232445916656,45.277675540833435,,True,https://www.cbs.gov.il/he/publications/Pages/2019/פסולת-שנאספה-ברשויות-המקומיות-2014-2017.aspx,"CBS - Household and Commercial Waste Collected, by Type of Treatment and Local Authority"
41,אליכין,Elyakhin,,3926.0,,2018,2104.83,1.6548647459433965,11.047448012428559,88.95255198757145,,True,https://www.cbs.gov.il/he/publications/Pages/2019/פסולת-שנאספה-ברשויות-המקומיות-2014-2017.aspx,"CBS - Household and Commercial Waste Collected, by Type of Treatment and Local Authority"
1309,אלעד,El'ad,,48825.0,,2018,18161.576,1.0501734356064927,6.6384987734544625,93.36150122654554,,True,https://www.cbs.gov.il/he/publications/Pages/2019/פסולת-שנאספה-ברשויות-המקומיות-2014-2017.aspx,"CBS - Household and Commercial Waste Collected, by Type of Treatment and Local Authority"
3750,אלפי מנשה,Alfei Menashe,,8068.0,,2018,4936.58,1.7265553932310456,21.83709960134344,78.16290039865656,,True,https://www.cbs.gov.il/he/publications/Pages/2019/פסולת-שנאספה-ברשויות-המקומיות-2014-2017.aspx,"CBS - Household and Commercial Waste Collected, by Type of Treatment and Local Authority"
3560,אלקנה,Elqana,,4144.0,,2018,2030.4299999999998,1.4456191290946252,17.43911388228109,82.56088611771891,,True,https://www.cbs.gov.il/he/publications/Pages/2019/פסולת-שנאספה-ברשויות-המקומיות-2014-2017.aspx,"CBS - Household and Commercial Waste Collected, by Type of Treatment and Local Authority"
529,אעבלין,I'billin,,13357.0,,2018,6495.1,1.3626303795076973,4.350972271404598,95.6490277285954,,True,https://www.cbs.gov.il/he/publications/Pages/2019/פסולת-שנאספה-ברשויות-המקומיות-2014-2017.aspx,"CBS - Household and Commercial Waste Collected, by Type of Treatment and Local Authority"
3650,אפרת,Efrat,,12082.0,,2018,3736.9840000000004,1.0662898275186785,7.3715595250073305,92.62844047499267,,True,https://www.cbs.gov.il/he/publications/Pages/2019/פסולת-שנאספה-ברשויות-המקומיות-2014-2017.aspx,"CBS - Household and Commercial Waste Collected, by Type of Treatment and Local Authority"
3570,אריאל,Ariel,,21428.0,,2018,10363.511999999999,1.4167901779717986,23.817331422012153,76.18266857798784,,True,https://www.cbs.gov.il/he/publications/Pages/2019/פסולת-שנאספה-ברשויות-המקומיות-2014-2017.aspx,"CBS - Household and Commercial Waste Collected, by Type of Treatment and Local Authority"
70,אשדוד,Ashdod,,227865.0,,2018,130869.40724000002,1.6023986896685654,8.815709067010822,91.18429093298917,,True,https://www.cbs.gov.il/he/publications/Pages/2019/פסולת-שנאספה-ברשויות-המקומיות-2014-2017.aspx,"CBS - Household and Commercial Waste Collected, by Type of Treatment and Local Authority"
,אשכול,Eshkol,,18228.0,,2018,13548.567333333334,2.6440175622962907,24.626716989658586,75.37328301034141,,True,https://www.cbs.gov.il/he/publications/Pages/2019/פסולת-שנאספה-ברשויות-המקומיות-2014-2017.aspx,"CBS - Household and Commercial Waste Collected, by Type of Treatment and Local Authority"
7100,אשקלון,Ashqelon,,152370.0,,2018,106263.08699999998,2.0876243776207506,17.901368703884916,82.09863129611507,,True,https://www.cbs.gov.il/he/publications/Pages/2019/פסולת-שנאספה-ברשויות-המקומיות-2014-2017.aspx,"CBS - Household and Commercial Waste Collected, by Type of Treatment and Local Authority"
6000,באקה אל-גרביה,Baqa Al-Gharbiyye,,29868.0,,2018,,,,,,False,https://www.cbs.gov.il/he/publications/Pages/2019/פסולת-שנאספה-ברשויות-המקומיות-2014-2017.aspx,"CBS - Household and Commercial Waste Collected, by Type of Treatment and Local Authority"
155,באר טוביה,Be'er Toviyya,,1404.0,,2018,69559.49,8.173701838068215,3.27617065622534,96.72382934377465,,True,https://www.cbs.gov.il/he/publications/Pages/2019/פסולת-שנאספה-ברשויות-המקומיות-2014-2017.aspx,"CBS - Household and Commercial Waste Collected, by Type of Treatment and Local Authority"
2530,באר יעקב,Be'er Ya'aqov,,31439.0,,2018,18312.52,2.0489027776778195,25.020654186316243,74.97934581368375,,True,https://www.cbs.gov.il/he/publications/Pages/2019/פסולת-שנאספה-ברשויות-המקומיות-2014-2017.aspx,"CBS - Household and Commercial Waste Collected, by Type of Treatment and Local Authority"
9000,באר שבע,Be'er Sheva,,217577.0,,2018,155524.623,2.04581341406374,26.218558973777423,73.78144102622258,,True,https://www.cbs.gov.il/he/publications/Pages/2019/פסולת-שנאספה-ברשויות-המקומיות-2014-2017.aspx,"CBS - Household and Commercial Waste Collected, by Type of Treatment and Local Authority"
,בוסתן אל-מרג',Bustan El-Marj,,8111.0,,2018,3146.8250000000003,1.1103661995188852,1.3367441786562648,98.66325582134372,,True,https://www.cbs.gov.il/he/publications/Pages/2019/פסולת-שנאספה-ברשויות-המקומיות-2014-2017.aspx,"CBS - Household and Commercial Waste Collected, by Type of Treatment and Local Authority"
482,בועיינה-נוג'ידאת,Bu'eine-Nujeidat,,10087.0,,2018,3963.2654799999996,1.1362881473854225,38.90896251542554,61.091037484574464,,True,https://www.cbs.gov.il/he/publications/Pages/2019/פסולת-שנאספה-ברשויות-המקומיות-2014-2017.aspx,"CBS - Household and Commercial Waste Collected, by Type of Treatment and Local Authority"
4001,בוקעאתא,Buq'ata,,6720.0,,2018,2581.0,1.0867960210085967,0.0,100.0,,True,https://www.cbs.gov.il/he/publications/Pages/2019/פסולת-שנאספה-ברשויות-המקומיות-2014-2017.aspx,"CBS - Household and Commercial Waste Collected, by Type of Treatment and Local Authority"
998,ביר אל-מכסור,Bir El-Maksur,,10510.0,,2018,4086.81,1.2147487098788259,37.49476975929882,62.505230240701195,,True,https://www.cbs.gov.il/he/publications/Pages/2019/פסולת-שנאספה-ברשויות-המקומיות-2014-2017.aspx,"CBS - Household and Commercial Waste Collected, by Type of Treatment and Local Authority"
3574,בית אל,Bet El,,5629.0,,2018,2380.7239999999997,1.074257474160599,4.099761249099014,95.900238750901,,True,https://www.cbs.gov.il/he/publications/Pages/2019/פסולת-שנאספה-ברשויות-המקומיות-2014-2017.aspx,"CBS - Household and Commercial Waste Collected, by Type of Treatment and Local Authority"
3652,בית אריה-עופרים,Bet Arye,,5373.0,,2018,2869.066,1.5574462914258327,10.354101299865532,89.64589870013448,,True,https://www.cbs.gov.il/he/publications/Pages/2019/פסולת-שנאספה-ברשויות-המקומיות-2014-2017.aspx,"CBS - Household and Commercial Waste Collected, by Type of Treatment and Local Authority"
480,בית ג'ן,Beit Jann,,12038.0,,2018,5301.84,1.2320863011636185,0.8112278001599443,99.18877219984005,,True,https://www.cbs.gov.il/he/publications/Pages/2019/פסולת-שנאספה-ברשויות-המקומיות-2014-2017.aspx,"CBS - Household and Commercial Waste Collected, by Type of Treatment and Local Authority"
466,בית דגן,Bet Dagan,,7616.0,,2018,4775.848,1.823079504886083,10.853008294011111,89.14699170598888,,True,https://www.cbs.gov.il/he/publications/Pages/2019/פסולת-שנאספה-ברשויות-המקומיות-2014-2017.aspx,"CBS - Household and Commercial Waste Collected, by Type of Treatment and Local Authority"
9200,בית שאן,Bet She'an,,19825.0,,2018,15716.77,2.396863002260865,1.6337326308140923,98.3662673691859,,True,https://www.cbs.gov.il/he/publications/Pages/2019/פסולת-שנאספה-ברשויות-המקומיות-2014-2017.aspx,"CBS - Household and Commercial Waste Collected, by Type of Treatment and Local Authority"
2610,בית שמש,Bet Shemesh,,145554.0,,2018,67384.033,1.5843481275544922,5.127504018644891,94.87249598135512,,True,https://www.cbs.gov.il/he/publications/Pages/2019/פסולת-שנאספה-ברשויות-המקומיות-2014-2017.aspx,"CBS - Household and Commercial Waste Collected, by Type of Treatment and Local Authority"
3780,ביתר עילית,Betar Illit,,65660.0,,2018,22023.016,1.0841941391873768,3.8478293799541348,96.15217062004587,,True,https://www.cbs.gov.il/he/publications/Pages/2019/פסולת-שנאספה-ברשויות-המקומיות-2014-2017.aspx,"CBS - Household and Commercial Waste Collected, by Type of Treatment and Local Authority"
6100,בני ברק,Bene Beraq,,216869.0,,2018,99895.33,1.3940909064425326,34.773227136844135,65.22677286315587,,True,https://www.cbs.gov.il/he/publications/Pages/2019/פסולת-שנאספה-ברשויות-המקומיות-2014-2017.aspx,"CBS - Household and Commercial Waste Collected, by Type of Treatment and Local Authority"
1066,"בני עי""ש",Bene Ayish,,6740.0,,2018,3617.5119999999997,1.4143648240600504,4.31821649796877,95.68178350203122,,True,https://www.cbs.gov.il/he/publications/Pages/2019/פסולת-שנאספה-ברשויות-המקומיות-2014-2017.aspx,"CBS - Household and Commercial Waste Collected, by Type of Treatment and Local Authority"
,בני שמעון,Bene Shim'on,,11508.0,,2018,8769.259999999998,2.336189212661775,22.694161194901284,77.30583880509872,,True,https://www.cbs.gov.il/he/publications/Pages/2019/פסולת-שנאספה-ברשויות-המקומיות-2014-2017.aspx,"CBS - Household and Commercial Waste Collected, by Type of Treatment and Local Authority"
9800,בנימינה-גבעת עדה,Binyamina-Giv'at Ada,,15268.0,,2018,8105.418,1.4207038868033106,33.863003734045556,66.13699626595445,,True,https://www.cbs.gov.il/he/publications/Pages/2019/פסולת-שנאספה-ברשויות-המקומיות-2014-2017.aspx,"CBS - Household and Commercial Waste Collected, by Type of Treatment and Local Authority"
1326,"בסמ""ה",Basma,,11266.0,,2018,4344.266,1.2324170664986098,3.9193272235171603,96.08067277648284,,True,https://www.cbs.gov.il/he/publications/Pages/2019/פסולת-שנאספה-ברשויות-המקומיות-2014-2017.aspx,"CBS - Household and Commercial Waste Collected, by Type of Treatment and Local Authority"
944,בסמת טבעון,Basmat Tab'un,,8043.0,,2018,3200.0,1.1261652522045764,0.0,100.0,,True,https://www.cbs.gov.il/he/publications/Pages/2019/פסולת-שנאספה-ברשויות-המקומיות-2014-2017.aspx,"CBS - Household and Commercial Waste Collected, by Type of Treatment and Local Authority"
483,בענה,Bi'ne,,8518.0,,2018,6931.343000000001,2.314406227077461,0.7767470171365057,99.2232529828635,,True,https://www.cbs.gov.il/he/publications/Pages/2019/פסולת-שנאספה-ברשויות-המקומיות-2014-2017.aspx,"CBS - Household and Commercial Waste Collected, by Type of Treatment and Local Authority"
,ברנר,Brenner,,7758.0,,2018,5094.385,1.7481486946495732,36.74924843725002,63.250751562749976,,True,https://www.cbs.gov.il/he/publications/Pages/2019/פסולת-שנאספה-ברשויות-המקומיות-2014-2017.aspx,"CBS - Household and Commercial Waste Collected, by Type of Treatment and Local Authority"
6200,בת ים,Bat Yam,,128152.0,,2018,73769.944,1.5702149766843547,39.1812551735162,60.818744826483794,,True,https://www.cbs.gov.il/he/publications/Pages/2019/פסולת-שנאספה-ברשויות-המקומיות-2014-2017.aspx,"CBS - Household and Commercial Waste Collected, by Type of Treatment and Local Authority"
1292,ג'דיידה-מכר,Judeide-Maker,,19842.0,,2018,8571.955,1.1309055248775042,0.0,100.0,,True,https://www.cbs.gov.il/he/publications/Pages/2019/פסולת-שנאספה-ברשויות-המקומיות-2014-2017.aspx,"CBS - Household and Commercial Waste Collected, by Type of Treatment and Local Authority"
485,ג'ולס,Julis,,6543.0,,2018,3360.7729999999997,1.456003273347629,15.90351386422112,84.09648613577887,,True,https://www.cbs.gov.il/he/publications/Pages/2019/פסולת-שנאספה-ברשויות-המקומיות-2014-2017.aspx,"CBS - Household and Commercial Waste Collected, by Type of Treatment and Local Authority"
627,ג'לג'וליה,Jaljulye,,10502.0,,2018,4618.8249399999995,1.2769779248070643,9.923150280729194,90.0768497192708,,True,https://www.cbs.gov.il/he/publications/Pages/2019/פסולת-שנאספה-ברשויות-המקומיות-2014-2017.aspx,"CBS - Household and Commercial Waste Collected, by Type of Treatment and Local Authority"
541,ג'סר א-זרקא,Jisr Az-Zarqa,,15418.0,,2018,6913.491,1.300431969790814,19.303865442220147,80.69613455777986,,True,https://www.cbs.gov.il/he/publications/Pages/2019/פסולת-שנאספה-ברשויות-המקומיות-2014-2017.aspx,"CBS - Household and Commercial Waste Collected, by Type of Treatment and Local Authority"
487,ג'ש (גוש חלב),Jish(Gush Halav),,3256.0,,2018,1435.42,1.2737104814956066,5.53287539535467,94.46712460464532,,True,https://www.cbs.gov.il/he/publications/Pages/2019/פסולת-שנאספה-ברשויות-המקומיות-2014-2017.aspx,"CBS - Household and Commercial Waste Collected, by Type of Treatment and Local Authority"
628,ג'ת,Jatt,,12232.0,,2018,5744.509999999999,1.34270395469861,35.695134659004864,64.30486534099514,,True,https://www.cbs.gov.il/he/publications/Pages/2019/פסולת-שנאספה-ברשויות-המקומיות-2014-2017.aspx,"CBS - Household and Commercial Waste Collected, by Type of Treatment and Local Authority"
3730,גבעת זאב,Giv'at Ze'ev,,22117.0,,2018,8891.481,1.3823225995944555,40.64127224699688,59.358727753003116,,True,https://www.cbs.gov.il/he/publications/Pages/2019/פסולת-שנאספה-ברשויות-המקומיות-2014-2017.aspx,"CBS - Household and Commercial Waste Collected, by Type of Treatment and Local Authority"
681,גבעת שמואל,Giv'at Shemu'el,,27472.0,,2018,12265.673,1.297499317038701,38.14770701941915,61.85229298058085,,True,https://www.cbs.gov.il/he/publications/Pages/2019/פסולת-שנאספה-ברשויות-המקומיות-2014-2017.aspx,"CBS - Household and Commercial Waste Collected, by Type of Treatment and Local Authority"
6300,גבעתיים,Giv'atayim,,58052.0,,2018,29104.0,1.331946651655723,42.29659153380979,57.70340846619021,,True,https://www.cbs.gov.il/he/publications/Pages/2019/פסולת-שנאספה-ברשויות-המקומיות-2014-2017.aspx,"CBS - Household and Commercial Waste Collected, by Type of Treatment and Local Authority"
2550,גדרה,Gedera,,29260.0,,2018,16008.233,1.5778951851411098,26.933409827305738,73.06659017269426,,True,https://www.cbs.gov.il/he/publications/Pages/2019/פסולת-שנאספה-ברשויות-המקומיות-2014-2017.aspx,"CBS - Household and Commercial Waste Collected, by Type of Treatment and Local Authority"
,גדרות,Gederot,,5008.0,,2018,2442.35,1.2866781776778577,27.406620672712762,72.59337932728724,,True,https://www.cbs.gov.il/he/publications/Pages/2019/פסולת-שנאספה-ברשויות-המקומיות-2014-2017.aspx,"CBS - Household and Commercial Waste Collected, by Type of Treatment and Local Authority"
,גולן,Golan,,20110.0,,2018,13105.276,2.0819846193746,27.128585464358018,72.87141453564199,,True,https://www.cbs.gov.il/he/publications/Pages/2019/פסולת-שנאספה-ברשויות-המקומיות-2014-2017.aspx,"CBS - Household and Commercial Waste Collected, by Type of Treatment and Local Authority"
,גוש עציון,Gush Etzion,,26401.0,,2018,11666.789,1.3494524509510504,13.631946459304267,86.36805354069573,,True,https://www.cbs.gov.il/he/publications/Pages/2019/פסולת-שנאספה-ברשויות-המקומיות-2014-2017.aspx,"CBS - Household and Commercial Waste Collected, by Type of Treatment and Local Authority"
370,גזר,Gezer,,396.0,,2018,20724.974,2.1289321992025614,39.62997685787206,60.370023142127934,,True,https://www.cbs.gov.il/he/publications/Pages/2019/פסולת-שנאספה-ברשויות-המקומיות-2014-2017.aspx,"CBS - Household and Commercial Waste Collected, by Type of Treatment and Local Authority"
166,גן יבנה,Gan Yavne,,23688.0,,2018,13920.21,1.6131807767888295,18.77932876012646,81.22067123987354,,True,https://www.cbs.gov.il/he/publications/Pages/2019/פסולת-שנאספה-ברשויות-המקומיות-2014-2017.aspx,"CBS - Household and Commercial Waste Collected, by Type of Treatment and Local Authority"
,גן רווה,Gan Rawe,,5976.0,,2018,5182.83,2.2906169134659367,36.94738202873719,63.052617971262826,,True,https://www.cbs.gov.il/he/publications/Pages/2019/פסולת-שנאספה-ברשויות-המקומיות-2014-2017.aspx,"CBS - Household and Commercial Waste Collected, by Type of Treatment and Local Authority"
229,גני תקווה,Ganne Tiqwa,,23650.0,,2018,11517.256,1.6827664597515304,35.92744660707377,64.07255339292624,,True,https://www.cbs.gov.il/he/publications/Pages/2019/פסולת-שנאספה-ברשויות-המקומיות-2014-2017.aspx,"CBS - Household and Commercial Waste Collected, by Type of Treatment and Local Authority"
494,דאלית אל-כרמל,Daliyat Al-Karmel,,17672.0,,2018,11289.799,1.786500765253869,15.38830558453698,84.61169441546302,,True,https://www.cbs.gov.il/he/publications/Pages/2019/פסולת-שנאספה-ברשויות-המקומיות-2014-2017.aspx,"CBS - Household and Commercial Waste Collected, by Type of Treatment and Local Authority"
489,דבורייה,Daburiyya,,10480.0,,2018,4587.0,1.2226362342814647,38.612600828428164,61.38739917157183,,True,https://www.cbs.gov.il/he/publications/Pages/2019/פסולת-שנאספה-ברשויות-המקומיות-2014-2017.aspx,"CBS - Household and Commercial Waste Collected, by Type of Treatment and Local Authority"
490,דייר אל-אסד,Deir Al-Asad,,12176.0,,2018,5333.055,1.1949496633205787,6.457649508583728,93.54235049141626,,True,https://www.cbs.gov.il/he/publications/Pages/2019/פסולת-שנאספה-ברשויות-המקומיות-2014-2017.aspx,"CBS - Household and Commercial Waste Collected, by Type of Treatment and Local Authority"
492,דייר חנא,Deir Hanna,,10283.0,,2018,4095.306,1.1021351074561652,2.3272009466447683,97.67279905335523,,True,https://www.cbs.gov.il/he/publications/Pages/2019/פסולת-שנאספה-ברשויות-המקומיות-2014-2017.aspx,"CBS - Household and Commercial Waste Collected, by Type of Treatment and Local Authority"
2200,דימונה,Dimona,,37213.0,,2018,21276.49,1.719495388700979,12.119762235218309,87.88023776478168,,True,https://www.cbs.gov.il/he/publications/Pages/2019/פסולת-שנאספה-ברשויות-המקומיות-2014-2017.aspx,"CBS - Household and Commercial Waste Collected, by Type of Treatment and Local Authority"
,דרום השרון,Derom HaSharon,,34313.0,,2018,26111.237999999998,2.1617804410783386,28.299071840255145,71.70092815974485,,True,https://www.cbs.gov.il/he/publications/Pages/2019/פסולת-שנאספה-ברשויות-המקומיות-2014-2017.aspx,"CBS - Household and Commercial Waste Collected, by Type of Treatment and Local Authority"
,הגלבוע,HaGilbo'a,,32947.0,,2018,23313.659999999996,2.1295627751309585,26.95612786666701,73.04387213333298,,True,https://www.cbs.gov.il/he/publications/Pages/2019/פסולת-שנאספה-ברשויות-המקומיות-2014-2017.aspx,"CBS - Household and Commercial Waste Collected, by Type of Treatment and Local Authority"
,הגליל העליון,HaGalil HaElyon,,19674.0,,2018,18353.0,2.7926793546693647,33.32861112624639,66.67138887375361,,True,https://www.cbs.gov.il/he/publications/Pages/2019/פסולת-שנאספה-ברשויות-המקומיות-2014-2017.aspx,"CBS - Household and Commercial Waste Collected, by Type of Treatment and Local Authority"
,הגליל התחתון,HaGalil HaTahton,,12801.0,,2018,9297.897,2.090749377130573,46.62180060716955,53.37819939283045,,True,https://www.cbs.gov.il/he/publications/Pages/2019/פסולת-שנאספה-ברשויות-המקומיות-2014-2017.aspx,"CBS - Household and Commercial Waste Collected, by Type of Treatment and Local Authority"
9700,הוד השרון,Hod HaSharon,,65020.0,,2018,40709.844,1.8072839683064839,45.94259314774088,54.05740685225913,,True,https://www.cbs.gov.il/he/publications/Pages/2019/פסולת-שנאספה-ברשויות-המקומיות-2014-2017.aspx,"CBS - Household and Commercial Waste Collected, by Type of Treatment and Local Authority"
,הערבה התיכונה,HaArava HaTikhona,,6089.0,,2018,2864.197,2.353663787790387,9.786931555336452,90.21306844466355,,True,https://www.cbs.gov.il/he/publications/Pages/2019/פסולת-שנאספה-ברשויות-המקומיות-2014-2017.aspx,"CBS - Household and Commercial Waste Collected, by Type of Treatment and Local Authority"
3769,הר אדר,Har Adar,,4405.0,,2018,2151.489,1.4529435831919466,28.737725361366014,71.262274638634,,True,https://www.cbs.gov.il/he/publications/Pages/2019/פסולת-שנאספה-ברשויות-המקומיות-2014-2017.aspx,"CBS - Household and Commercial Waste Collected, by Type of Treatment and Local Authority"
,הר חברון,Har Hevron,,10631.0,,2018,4170.27,1.3252983714504087,9.118594239701505,90.88140576029849,,True,https://www.cbs.gov.il/he/publications/Pages/2019/פסולת-שנאספה-ברשויות-המקומיות-2014-2017.aspx,"CBS - Household and Commercial Waste Collected, by Type of Treatment and Local Authority"
6400,הרצלייה,Herzliyya,,105273.0,,2018,76163.16,2.206578422160533,20.090303501062717,79.90969649893728,,True,https://www.cbs.gov.il/he/publications/Pages/2019/פסולת-שנאספה-ברשויות-המקומיות-2014-2017.aspx,"CBS - Household and Commercial Waste Collected, by Type of Treatment and Local Authority"
,זבולון,Zevulun,,13401.0,,2018,9847.16,2.0076291522507224,30.435089914249392,69.56491008575061,,True,https://www.cbs.gov.il/he/publications/Pages/2019/פסולת-שנאספה-ברשויות-המקומיות-2014-2017.aspx,"CBS - Household and Commercial Waste Collected, by Type of Treatment and Local Authority"
9300,זכרון יעקב,Zikhron Ya'aqov,,23513.0,,2018,13238.947,1.5749932986080757,42.207446559005035,57.792553440994965,,True,https://www.cbs.gov.il/he/publications/Pages/2019/פסולת-שנאספה-ברשויות-המקומיות-2014-2017.aspx,"CBS - Household and Commercial Waste Collected, by Type of Treatment and Local Authority"
1290,זמר,Zemer,,7482.0,,2018,3839.67,1.5337150015551169,8.256230353129308,91.74376964687069,,True,https://www.cbs.gov.il/he/publications/Pages/2019/פסולת-שנאספה-ברשויות-המקומיות-2014-2017.aspx,"CBS - Household and Commercial Waste Collected, by Type of Treatment and Local Authority"
975,זרזיר,Zarzir,,8836.0,,2018,3362.14,1.1708621699172221,1.2932239585502092,98.7067760414498,,True,https://www.cbs.gov.il/he/publications/Pages/2019/פסולת-שנאספה-ברשויות-המקומיות-2014-2017.aspx,"CBS - Household and Commercial Waste Collected, by Type of Treatment and Local Authority"
,חבל אילות,Hevel Elot,,4678.0,,2018,9857.349999999999,6.430104370515328,11.841823613851595,88.1581763861484,,True,https://www.cbs.gov.il/he/publications/Pages/2019/פסולת-שנאספה-ברשויות-המקומיות-2014-2017.aspx,"CBS - Household and Commercial Waste Collected, by Type of Treatment and Local Authority"
,חבל יבנה,Hevel Yavne,,6388.0,,2018,4919.985000000001,1.9401814982229741,33.664879059590625,66.33512094040938,,True,https://www.cbs.gov.il/he/publications/Pages/2019/פסולת-שנאספה-ברשויות-המקומיות-2014-2017.aspx,"CBS - Household and Commercial Waste Collected, by Type of Treatment and Local Authority"
,חבל מודיעין,Hevel Modi'in,,23646.0,,2018,20410.284,2.3712904735224587,37.73764637473931,62.26235362526068,,True,https://www.cbs.gov.il/he/publications/Pages/2019/פסולת-שנאספה-ברשויות-המקומיות-2014-2017.aspx,"CBS - Household and Commercial Waste Collected, by Type of Treatment and Local Authority"
6500,חדרה,Hadera,,103847.0,,2018,66972.66399999999,1.9349427456545694,13.328589109132647,86.67141089086735,,True,https://www.cbs.gov.il/he/publications/Pages/2019/פסולת-שנאספה-ברשויות-המקומיות-2014-2017.aspx,"CBS - Household and Commercial Waste Collected, by Type of Treatment and Local Authority"
6600,חולון,Holon,,192655.0,,2018,130713.967,1.8512444269883022,37.89532223438678,62.104677765613225,,True,https://www.cbs.gov.il/he/publications/Pages/2019/פסולת-שנאספה-ברשויות-המקומיות-2014-2017.aspx,"CBS - Household and Commercial Waste Collected, by Type of Treatment and Local Authority"
,חוף אשקלון,Hof Ashqelon,,20100.0,,2018,12376.58,1.9545458314070026,31.88118203898008,68.11881796101991,,True,https://www.cbs.gov.il/he/publications/Pages/2019/פסולת-שנאספה-ברשויות-המקומיות-2014-2017.aspx,"CBS - Household and Commercial Waste Collected, by Type of Treatment and Local Authority"
,חוף הכרמל,Hof HaKarmel,,34463.0,,2018,31937.520000000004,2.792718343983549,30.32968120254797,69.67031879745204,,True,https://www.cbs.gov.il/he/publications/Pages/2019/פסולת-שנאספה-ברשויות-המקומיות-2014-2017.aspx,"CBS - Household and Commercial Waste Collected, by Type of Treatment and Local Authority"
,חוף השרון,Hof HaSharon,,12534.0,,2018,19436.249,3.6215865107133656,14.743323158702076,85.25667684129793,,True,https://www.cbs.gov.il/he/publications/Pages/2019/פסולת-שנאספה-ברשויות-המקומיות-2014-2017.aspx,"CBS - Household and Commercial Waste Collected, by Type of Treatment and Local Authority"
1303,חורה,Hura,,20671.0,,2018,4905.235,0.6347952739187189,0.9698821768987623,99.03011782310124,,True,https://www.cbs.gov.il/he/publications/Pages/2019/פסולת-שנאספה-ברשויות-המקומיות-2014-2017.aspx,"CBS - Household and Commercial Waste Collected, by Type of Treatment and Local Authority"
496,חורפיש,Hurfeish,,6544.0,,2018,3374.9,1.4739357903755756,2.219325017037542,97.78067498296245,,True,https://www.cbs.gov.il/he/publications/Pages/2019/פסולת-שנאספה-ברשויות-המקומיות-2014-2017.aspx,"CBS - Household and Commercial Waste Collected, by Type of Treatment and Local Authority"
4000,חיפה,Haifa,,289507.0,,2018,181355.423,1.7596614739608332,22.591124832258252,77.40887516774175,,True,https://www.cbs.gov.il/he/publications/Pages/2019/פסולת-שנאספה-ברשויות-המקומיות-2014-2017.aspx,"CBS - Household and Commercial Waste Collected, by Type of Treatment and Local Authority"
2034,חצור הגלילית,Hazor HaGelilit,,10638.0,,2018,11543.658,3.4705782922440522,3.36685303739941,96.63314696260059,,True,https://www.cbs.gov.il/he/publications/Pages/2019/פסולת-שנאספה-ברשויות-המקומיות-2014-2017.aspx,"CBS - Household and Commercial Waste Collected, by Type of Treatment and Local Authority"
1247,חריש,Harish,,31733.0,,2018,3422.5369999999994,1.6818024176735595,5.892324904011265,94.10767509598874,,True,https://www.cbs.gov.il/he/publications/Pages/2019/פסולת-שנאספה-ברשויות-המקומיות-2014-2017.aspx,"CBS - Household and Commercial Waste Collected, by Type of Treatment and Local Authority"
6700,טבריה,Tiberias,,48509.0,,2018,36553.21,2.2787075968899466,3.7521191709291744,96.24788082907084,,True,https://www.cbs.gov.il/he/publications/Pages/2019/פסולת-שנאספה-ברשויות-המקומיות-2014-2017.aspx,"CBS - Household and Commercial Waste Collected, by Type of Treatment and Local Authority"
962,טובא-זנגרייה,Tuba-Zangariyye,,6935.0,,2018,3094.42,1.2847845759253773,0.0,100.0,,True,https://www.cbs.gov.il/he/publications/Pages/2019/פסולת-שנאספה-ברשויות-המקומיות-2014-2017.aspx,"CBS - Household and Commercial Waste Collected, by Type of Treatment and Local Authority"
498,טורעאן,Tur'an,,14397.0,,2018,6505.483,1.285064996522261,38.153523727600245,61.84647627239976,,True,https://www.cbs.gov.il/he/publications/Pages/2019/פסולת-שנאספה-ברשויות-המקומיות-2014-2017.aspx,"CBS - Household and Commercial Waste Collected, by Type of Treatment and Local Authority"
2730,טייבה,Tayibe,,45071.0,,2018,30290.059,1.9405456164271446,10.281670299816847,89.71832970018315,,True,https://www.cbs.gov.il/he/publications/Pages/2019/פסולת-שנאספה-ברשויות-המקומיות-2014-2017.aspx,"CBS - Household and Commercial Waste Collected, by Type of Treatment and Local Authority"
2720,טירה,Tire,,26567.0,,2018,18359.186840000002,1.9389076411763653,8.433144961664325,91.56685503833566,,True,https://www.cbs.gov.il/he/publications/Pages/2019/פסולת-שנאספה-ברשויות-המקומיות-2014-2017.aspx,"CBS - Household and Commercial Waste Collected, by Type of Treatment and Local Authority"
2100,טירת כרמל,Tirat Karmel,,29069.0,,2018,12613.28,1.5901038309835185,15.097310089049001,84.902689910951,,True,https://www.cbs.gov.il/he/publications/Pages/2019/פסולת-שנאספה-ברשויות-המקומיות-2014-2017.aspx,"CBS - Household and Commercial Waste Collected, by Type of Treatment and Local Authority"
8900,טמרה,Tamra,,35349.0,,2018,19914.320000000003,1.6230542702597854,3.9074394706924456,96.09256052930756,,True,https://www.cbs.gov.il/he/publications/Pages/2019/פסולת-שנאספה-ברשויות-המקומיות-2014-2017.aspx,"CBS - Household and Commercial Waste Collected, by Type of Treatment and Local Authority"
1295,יאנוח-ג'ת,Yanuh-Jat,,6759.0,,2018,3960.29,1.6589798201349335,0.5123362178022317,99.48766378219777,,True,https://www.cbs.gov.il/he/publications/Pages/2019/פסולת-שנאספה-ברשויות-המקומיות-2014-2017.aspx,"CBS - Household and Commercial Waste Collected, by Type of Treatment and Local Authority"
46,יבנאל,Yavne'el,,4557.0,,2018,2041.056,1.3042123256919889,2.3054732452220814,97.69452675477793,,True,https://www.cbs.gov.il/he/publications/Pages/2019/פסולת-שנאספה-ברשויות-המקומיות-2014-2017.aspx,"CBS - Household and Commercial Waste Collected, by Type of Treatment and Local Authority"
2660,יבנה,Yavne,,54981.0,,2018,33338.28088,1.9815541249537127,14.876924511651666,85.12307548834835,,True,https://www.cbs.gov.il/he/publications/Pages/2019/פסולת-שנאספה-ברשויות-המקומיות-2014-2017.aspx,"CBS - Household and Commercial Waste Collected, by Type of Treatment and Local Authority"
9400,יהוד-מונוסון,Yehud,,30977.0,,2018,19295.29,1.7734176999959101,40.150160997839365,59.849839002160635,,True,https://www.cbs.gov.il/he/publications/Pages/2019/פסולת-שנאספה-ברשויות-המקומיות-2014-2017.aspx,"CBS - Household and Commercial Waste Collected, by Type of Treatment and Local Authority"
,יואב,Yo'av,,9133.0,,2018,6032.9130000000005,1.885849594058222,38.48651555227135,61.51348444772865,,True,https://www.cbs.gov.il/he/publications/Pages/2019/פסולת-שנאספה-ברשויות-המקומיות-2014-2017.aspx,"CBS - Household and Commercial Waste Collected, by Type of Treatment and Local Authority"
29,יסוד המעלה,Yesud HaMa'ala,,1969.0,,2018,2068.5699999999997,3.3177408000264315,44.79277955302456,55.20722044697545,,True,https://www.cbs.gov.il/he/publications/Pages/2019/פסולת-שנאספה-ברשויות-המקומיות-2014-2017.aspx,"CBS - Household and Commercial Waste Collected, by Type of Treatment and Local Authority"
499,יפיע,Yafi,,18113.0,,2018,7803.779,1.137815673510672,6.148034176775123,93.85196582322487,,True,https://www.cbs.gov.il/he/publications/Pages/2019/פסולת-שנאספה-ברשויות-המקומיות-2014-2017.aspx,"CBS - Household and Commercial Waste Collected, by Type of Treatment and Local Authority"
240,יקנעם עילית,Yoqne'am Illit,,23729.0,,2018,16122.82,1.9181496662414441,23.282589522180363,76.71741047781964,,True,https://www.cbs.gov.il/he/publications/Pages/2019/פסולת-שנאספה-ברשויות-המקומיות-2014-2017.aspx,"CBS - Household and Commercial Waste Collected, by Type of Treatment and Local Authority"
831,ירוחם,Yeroham,,11403.0,,2018,4312.3654,1.2126558429149843,5.5251672318862415,94.47483276811376,,True,https://www.cbs.gov.il/he/publications/Pages/2019/פסולת-שנאספה-ברשויות-המקומיות-2014-2017.aspx,"CBS - Household and Commercial Waste Collected, by Type of Treatment and Local Authority"
3000,ירושלים,Jerusalem,,1005919.0,,2018,498329.86600000004,1.4997059482513584,42.71808103911637,57.28191896088364,,True,https://www.cbs.gov.il/he/publications/Pages/2019/פסולת-שנאספה-ברשויות-המקומיות-2014-2017.aspx,"CBS - Household and Commercial Waste Collected, by Type of Treatment and Local Authority"
502,ירכא,Yirka,,16194.0,,2018,16119.22,2.6171274798239255,0.9487431773994028,99.05125682260059,,True,https://www.cbs.gov.il/he/publications/Pages/2019/פסולת-שנאספה-ברשויות-המקומיות-2014-2017.aspx,"CBS - Household and Commercial Waste Collected, by Type of Treatment and Local Authority"
504,כאבול,Kabul,,11993.0,,2018,6657.049999999999,1.3262767122988826,0.0,100.0,,True,https://www.cbs.gov.il/he/publications/Pages/2019/פסולת-שנאספה-ברשויות-המקומיות-2014-2017.aspx,"CBS - Household and Commercial Waste Collected, by Type of Treatment and Local Authority"
505,כאוכב אבו אל-היג'א,Kaokab Abu Al-Hija,,3984.0,,2018,1266.681,0.9938069333372248,3.834351348129482,96.16564865187051,,True,https://www.cbs.gov.il/he/publications/Pages/2019/פסולת-שנאספה-ברשויות-המקומיות-2014-2017.aspx,"CBS - Household and Commercial Waste Collected, by Type of Treatment and Local Authority"
1224,כוכב יאיר,Kokhav Ya'ir,,9176.0,,2018,6157.321,1.910331416069092,24.682640388571595,75.3173596114284,,True,https://www.cbs.gov.il/he/publications/Pages/2019/פסולת-שנאספה-ברשויות-המקומיות-2014-2017.aspx,"CBS - Household and Commercial Waste Collected, by Type of Treatment and Local Authority"
1059,כסיפה,Kuseife,,18867.0,,2018,4273.4400000000005,0.5665844859034725,4.223763525403421,95.77623647459657,,True,https://www.cbs.gov.il/he/publications/Pages/2019/פסולת-שנאספה-ברשויות-המקומיות-2014-2017.aspx,"CBS - Household and Commercial Waste Collected, by Type of Treatment and Local Authority"
1296,כסרא-סמיע,Kisra-Sumei,,8930.0,,2018,4277.038,1.3654352055791374,1.1368147769554537,98.86318522304454,,True,https://www.cbs.gov.il/he/publications/Pages/2019/פסולת-שנאספה-ברשויות-המקומיות-2014-2017.aspx,"CBS - Household and Commercial Waste Collected, by Type of Treatment and Local Authority"
978,כעביה-טבאש-חג'אג'רה,Ka'abiyye-Tabbash-Hajajre,,6170.0,,2018,1826.41,0.9428771190016668,1.1366560629869524,98.86334393701304,,True,https://www.cbs.gov.il/he/publications/Pages/2019/פסולת-שנאספה-ברשויות-המקומיות-2014-2017.aspx,"CBS - Household and Commercial Waste Collected, by Type of Treatment and Local Authority"
633,כפר ברא,Kafar Bara,,3710.0,,2018,1763.33862,1.3640678981971075,20.18430356842068,79.81569643157933,,True,https://www.cbs.gov.il/he/publications/Pages/2019/פסולת-שנאספה-ברשויות-המקומיות-2014-2017.aspx,"CBS - Household and Commercial Waste Collected, by Type of Treatment and Local Authority"
1263,כפר ורדים,Kefar Weradim,,5656.0,,2018,3232.34,1.5920663934153112,33.11656570781539,66.8834342921846,,True,https://www.cbs.gov.il/he/publications/Pages/2019/פסולת-שנאספה-ברשויות-המקומיות-2014-2017.aspx,"CBS - Household and Commercial Waste Collected, by Type of Treatment and Local Authority"
507,כפר יאסיף,Kafar Yasif,,10574.0,,2018,6794.204,1.8711190858488977,1.1127720039021496,98.88722799609785,,True,https://www.cbs.gov.il/he/publications/Pages/2019/פסולת-שנאספה-ברשויות-המקומיות-2014-2017.aspx,"CBS - Household and Commercial Waste Collected, by Type of Treatment and Local Authority"
168,כפר יונה,Kefar Yona,,28135.0,,2018,13755.8,1.653016504569114,18.116262231204292,81.88373776879571,,True,https://www.cbs.gov.il/he/publications/Pages/2019/פסולת-שנאספה-ברשויות-המקומיות-2014-2017.aspx,"CBS - Household and Commercial Waste Collected, by Type of Treatment and Local Authority"
508,כפר כמא,Kafar Kama,,3412.0,,2018,2057.1800000000003,1.7037249635112184,15.187781331725953,84.81221866827404,,True,https://www.cbs.gov.il/he/publications/Pages/2019/פסולת-שנאספה-ברשויות-המקומיות-2014-2017.aspx,"CBS - Household and Commercial Waste Collected, by Type of Treatment and Local Authority"
509,כפר כנא,Kafar Kanna,,24262.0,,2018,10250.03265,1.2659484480262504,28.551219297823405,71.44878070217659,,True,https://www.cbs.gov.il/he/publications/Pages/2019/פסולת-שנאספה-ברשויות-המקומיות-2014-2017.aspx,"CBS - Household and Commercial Waste Collected, by Type of Treatment and Local Authority"
510,כפר מנדא,Kafar Manda,,21041.0,,2018,8847.1,1.237640075916267,17.03374213018955,82.96625786981046,,True,https://www.cbs.gov.il/he/publications/Pages/2019/פסולת-שנאספה-ברשויות-המקומיות-2014-2017.aspx,"CBS - Household and Commercial Waste Collected, by Type of Treatment and Local Authority"
6900,כפר סבא,Kefar Sava,,100262.0,,2018,58684.918000000005,1.601376446171362,47.43931992884441,52.56068007115559,,True,https://www.cbs.gov.il/he/publications/Pages/2019/פסולת-שנאספה-ברשויות-המקומיות-2014-2017.aspx,"CBS - Household and Commercial Waste Collected, by Type of Treatment and Local Authority"
634,כפר קאסם,Kafar Qasem,,26389.0,,2018,12488.31768,1.4880751978384852,8.033809722880145,91.96619027711986,,True,https://www.cbs.gov.il/he/publications/Pages/2019/פסולת-שנאספה-ברשויות-המקומיות-2014-2017.aspx,"CBS - Household and Commercial Waste Collected, by Type of Treatment and Local Authority"
654,כפר קרע,Kafar Qara,,19890.0,,2018,12789.297,1.8946087998668604,7.63644006390656,92.36355993609344,,True,https://www.cbs.gov.il/he/publications/Pages/2019/פסולת-שנאספה-ברשויות-המקומיות-2014-2017.aspx,"CBS - Household and Commercial Waste Collected, by Type of Treatment and Local Authority"
267,כפר שמריהו,Kefar Shemaryahu,,2077.0,,2018,4134.9890000000005,6.022880452059529,37.960253340456276,62.039746659543724,,True,https://www.cbs.gov.il/he/publications/Pages/2019/פסולת-שנאספה-ברשויות-המקומיות-2014-2017.aspx,"CBS - Household and Commercial Waste Collected, by Type of Treatment and Local Authority"
47,כפר תבור,Kefar Tavor,,4363.0,,2018,3894.749,2.552383427692412,37.77159965892539,62.22840034107461,,True,https://www.cbs.gov.il/he/publications/Pages/2019/פסולת-שנאספה-ברשויות-המקומיות-2014-2017.aspx,"CBS - Household and Commercial Waste Collected, by Type of Treatment and Local Authority"
1139,כרמיאל,Karmi'el,,47450.0,,2018,24864.679999999997,1.4802301306759689,10.031619148124973,89.96838085187504,,True,https://www.cbs.gov.il/he/publications/Pages/2019/פסולת-שנאספה-ברשויות-המקומיות-2014-2017.aspx,"CBS - Household and Commercial Waste Collected, by Type of Treatment and Local Authority"
,לב השרון,Lev HaSharon,,23813.0,,2018,18987.873,2.202297477425807,3.7384650718908854,96.26153492810911,,True,https://www.cbs.gov.il/he/publications/Pages/2019/פסולת-שנאספה-ברשויות-המקומיות-2014-2017.aspx,"CBS - Household and Commercial Waste Collected, by Type of Treatment and Local Authority"
1271,להבים,Lehavim,,7686.0,,2018,3568.977,1.5348108767746418,26.76264655109854,73.23735344890146,,True,https://www.cbs.gov.il/he/publications/Pages/2019/פסולת-שנאספה-ברשויות-המקומיות-2014-2017.aspx,"CBS - Household and Commercial Waste Collected, by Type of Treatment and Local Authority"
7000,לוד,Lod,,87430.0,,2018,51136.43,1.8638968698087952,10.555977411798203,89.4440225882018,,True,https://www.cbs.gov.il/he/publications/Pages/2019/פסולת-שנאספה-ברשויות-המקומיות-2014-2017.aspx,"CBS - Household and Commercial Waste Collected, by Type of Treatment and Local Authority"
24,לכיש,Lakhish,,1170.0,,2018,6519.601000000001,1.5222362832746894,2.0387919444763565,97.96120805552366,,True,https://www.cbs.gov.il/he/publications/Pages/2019/פסולת-שנאספה-ברשויות-המקומיות-2014-2017.aspx,"CBS - Household and Commercial Waste Collected, by Type of Treatment and Local Authority"
1060,לקיה,Laqye,,17074.0,,2018,3319.19,0.6928149832086258,2.8470801611236474,97.15291983887636,,True,https://www.cbs.gov.il/he/publications/Pages/2019/פסולת-שנאספה-ברשויות-המקומיות-2014-2017.aspx,"CBS - Household and Commercial Waste Collected, by Type of Treatment and Local Authority"
,מבואות החרמון,Mevo'ot HaHermon,,8021.0,,2018,5037.139999999999,1.9122050106199022,2.7027241649031,97.2972758350969,,True,https://www.cbs.gov.il/he/publications/Pages/2019/פסולת-שנאספה-ברשויות-המקומיות-2014-2017.aspx,"CBS - Household and Commercial Waste Collected, by Type of Treatment and Local Authority"
1015,מבשרת ציון,Mevasseret Ziyyon,,25476.0,,2018,12639.85,1.4307764400280645,14.884963033580304,85.1150369664197,,True,https://www.cbs.gov.il/he/publications/Pages/2019/פסולת-שנאספה-ברשויות-המקומיות-2014-2017.aspx,"CBS - Household and Commercial Waste Collected, by Type of Treatment and Local Authority"
516,מג'ד אל-כרום,Majd Al-Kurum,,14852.0,,2018,8120.853999999999,1.465772868472465,0.716303974926775,99.28369602507323,,True,https://www.cbs.gov.il/he/publications/Pages/2019/פסולת-שנאספה-ברשויות-המקומיות-2014-2017.aspx,"CBS - Household and Commercial Waste Collected, by Type of Treatment and Local Authority"
4201,מג'דל שמס,Majdal Shams,,11103.0,,2018,6573.464,1.639073338635572,3.0800199103547232,96.91998008964528,,True,https://www.cbs.gov.il/he/publications/Pages/2019/פסולת-שנאספה-ברשויות-המקומיות-2014-2017.aspx,"CBS - Household and Commercial Waste Collected, by Type of Treatment and Local Authority"
481,מגאר,Mughar,,22564.0,,2018,13666.2,1.6688831514661784,1.93323674466933,98.06676325533067,,True,https://www.cbs.gov.il/he/publications/Pages/2019/פסולת-שנאספה-ברשויות-המקומיות-2014-2017.aspx,"CBS - Household and Commercial Waste Collected, by Type of Treatment and Local Authority"
65,מגדל,Migdal,,2045.0,,2018,2535.532,3.629120580571812,11.306976208543217,88.69302379145678,,True,https://www.cbs.gov.il/he/publications/Pages/2019/פסולת-שנאספה-ברשויות-המקומיות-2014-2017.aspx,"CBS - Household and Commercial Waste Collected, by Type of Treatment and Local Authority"
874,מגדל העמק,Migdal HaEmeq,,27045.0,,2018,18408.98,1.977593728070093,1.8542037635979831,98.14579623640202,,True,https://www.cbs.gov.il/he/publications/Pages/2019/פסולת-שנאספה-ברשויות-המקומיות-2014-2017.aspx,"CBS - Household and Commercial Waste Collected, by Type of Treatment and Local Authority"
586,מגידו,Megiddo,,953.0,,2018,9372.630000000001,2.203874038206616,39.99390992709623,60.00609007290376,,True,https://www.cbs.gov.il/he/publications/Pages/2019/פסולת-שנאספה-ברשויות-המקומיות-2014-2017.aspx,"CBS - Household and Commercial Waste Collected, by Type of Treatment and Local Authority"
,מגילות ים המלח,Megilot,,2243.0,,2018,2095.1000000000004,3.558586484810912,3.3124910505465124,96.68750894945349,,True,https://www.cbs.gov.il/he/publications/Pages/2019/פסולת-שנאספה-ברשויות-המקומיות-2014-2017.aspx,"CBS - Household and Commercial Waste Collected, by Type of Treatment and Local Authority"
3797,מודיעין עילית,Modi'in Illit,,83133.0,,2018,23107.625999999997,0.8844387002544217,38.01942267890263,61.98057732109737,,True,https://www.cbs.gov.il/he/publications/Pages/2019/פסולת-שנאספה-ברשויות-המקומיות-2014-2017.aspx,"CBS - Household and Commercial Waste Collected, by Type of Treatment and Local Authority"
1200,מודיעין-מכבים-רעות,Modi'in-Makkabbim-Re'ut,,92307.0,,2018,46075.193,1.3740886877709302,23.980706494273395,76.01929350572661,,True,https://www.cbs.gov.il/he/publications/Pages/2019/פסולת-שנאספה-ברשויות-המקומיות-2014-2017.aspx,"CBS - Household and Commercial Waste Collected, by Type of Treatment and Local Authority"
28,מזכרת בתיה,Mazkeret Batya,,15858.0,,2018,9290.68,1.7652237732608154,26.739984586704097,73.2600154132959,,True,https://www.cbs.gov.il/he/publications/Pages/2019/פסולת-שנאספה-ברשויות-המקומיות-2014-2017.aspx,"CBS - Household and Commercial Waste Collected, by Type of Treatment and Local Authority"
517,מזרעה,Mazra'a,,3772.0,,2018,2802.726,2.011473986525826,0.4961598101277114,99.50384018987229,,True,https://www.cbs.gov.il/he/publications/Pages/2019/פסולת-שנאספה-ברשויות-המקומיות-2014-2017.aspx,"CBS - Household and Commercial Waste Collected, by Type of Treatment and Local Authority"
,מטה אשר,Matte Asher,,30980.0,,2018,19929.174,1.885343026271258,36.1161681863985,63.88383181360151,,True,https://www.cbs.gov.il/he/publications/Pages/2019/פסולת-שנאספה-ברשויות-המקומיות-2014-2017.aspx,"CBS - Household and Commercial Waste Collected, by Type of Treatment and Local Authority"
,מטה בנימין,Mate Binyamin,,76014.0,,2018,35435.748,1.4648807776126627,4.361141184320422,95.63885881567958,,True,https://www.cbs.gov.il/he/publications/Pages/2019/פסולת-שנאספה-ברשויות-המקומיות-2014-2017.aspx,"CBS - Household and Commercial Waste Collected, by Type of Treatment and Local Authority"
,מטה יהודה,Matte Yehuda,,59780.0,,2018,38958.1962,1.8554342701860747,21.065868034208425,78.93413196579158,,True,https://www.cbs.gov.il/he/publications/Pages/2019/פסולת-שנאספה-ברשויות-המקומיות-2014-2017.aspx,"CBS - Household and Commercial Waste Collected, by Type of Treatment and Local Authority"
43,מטולה,Metula,,1873.0,,2018,1011.46,1.7288077856343982,6.8574140351571,93.1425859648429,,True,https://www.cbs.gov.il/he/publications/Pages/2019/פסולת-שנאספה-ברשויות-המקומיות-2014-2017.aspx,"CBS - Household and Commercial Waste Collected, by Type of Treatment and Local Authority"
1268,מיתר,Metar,,11207.0,,2018,4932.374,1.6696365178687744,6.262501586457152,93.73749841354284,,True,https://www.cbs.gov.il/he/publications/Pages/2019/פסולת-שנאספה-ברשויות-המקומיות-2014-2017.aspx,"CBS - Household and Commercial Waste Collected, by Type of Treatment and Local Authority"
,מנשה,Menashe,,21263.0,,2018,12130.795333333333,1.658725611147783,39.781359760253146,60.218640239746854,,True,https://www.cbs.gov.il/he/publications/Pages/2019/פסולת-שנאספה-ברשויות-המקומיות-2014-2017.aspx,"CBS - Household and Commercial Waste Collected, by Type of Treatment and Local Authority"
4203,מסעדה,Mas'ade,,4091.0,,2018,1775.8000000000002,1.3436731903508332,1.4641288433382136,98.5358711566618,,True,https://www.cbs.gov.il/he/publications/Pages/2019/פסולת-שנאספה-ברשויות-המקומיות-2014-2017.aspx,"CBS - Household and Commercial Waste Collected, by Type of Treatment and Local Authority"
518,מעיליא,Mi'elya,,3269.0,,2018,1830.83,1.5566701485267962,1.6839357012939487,98.31606429870605,,True,https://www.cbs.gov.il/he/publications/Pages/2019/פסולת-שנאספה-ברשויות-המקומיות-2014-2017.aspx,"CBS - Household and Commercial Waste Collected, by Type of Treatment and Local Authority"
3616,מעלה אדומים,Ma'ale Adummim,,36664.0,,2018,25545.7,1.8415529319321717,28.370567257894674,71.62943274210532,,True,https://www.cbs.gov.il/he/publications/Pages/2019/פסולת-שנאספה-ברשויות-המקומיות-2014-2017.aspx,"CBS - Household and Commercial Waste Collected, by Type of Treatment and Local Authority"
3608,מעלה אפרים,Ma'ale Efrayim,,1635.0,,2018,498.84000000000003,1.1174079736950822,1.096543982038329,98.90345601796167,,True,https://www.cbs.gov.il/he/publications/Pages/2019/פסולת-שנאספה-ברשויות-המקומיות-2014-2017.aspx,"CBS - Household and Commercial Waste Collected, by Type of Treatment and Local Authority"
,מעלה יוסף,Ma'ale Yosef,,11929.0,,2018,9149.57,2.3724507920209303,9.343171318433544,90.65682868156645,,True,https://www.cbs.gov.il/he/publications/Pages/2019/פסולת-שנאספה-ברשויות-המקומיות-2014-2017.aspx,"CBS - Household and Commercial Waste Collected, by Type of Treatment and Local Authority"
1327,מעלה עירון,Ma'ale Iron,,14865.0,,2018,6770.9,1.2612549010330578,5.012598029804014,94.98740197019599,,True,https://www.cbs.gov.il/he/publications/Pages/2019/פסולת-שנאספה-ברשויות-המקומיות-2014-2017.aspx,"CBS - Household and Commercial Waste Collected, by Type of Treatment and Local Authority"
1063,מעלות-תרשיחא,Ma'alot-Tarshiha,,22720.0,,2018,10662.16,1.3685358285441074,5.908934024625404,94.09106597537459,,True,https://www.cbs.gov.il/he/publications/Pages/2019/פסולת-שנאספה-ברשויות-המקומיות-2014-2017.aspx,"CBS - Household and Commercial Waste Collected, by Type of Treatment and Local Authority"
99,מצפה רמון,Mizpe Ramon,,5385.0,,2018,4002.07,2.0965312378934744,5.0391422438887865,94.96085775611121,,True,https://www.cbs.gov.il/he/publications/Pages/2019/פסולת-שנאספה-ברשויות-המקומיות-2014-2017.aspx,"CBS - Household and Commercial Waste Collected, by Type of Treatment and Local Authority"
,מרום הגליל,Merom HaGalil,,15541.0,,2018,22005.114,3.9188756865343106,0.6549113992320148,99.34508860076798,,True,https://www.cbs.gov.il/he/publications/Pages/2019/פסולת-שנאספה-ברשויות-המקומיות-2014-2017.aspx,"CBS - Household and Commercial Waste Collected, by Type of Treatment and Local Authority"
,מרחבים,Merhavim,,14544.0,,2018,6731.030000000001,1.335736497333897,3.6413446381905885,96.35865536180941,,True,https://www.cbs.gov.il/he/publications/Pages/2019/פסולת-שנאספה-ברשויות-המקומיות-2014-2017.aspx,"CBS - Household and Commercial Waste Collected, by Type of Treatment and Local Authority"
,משגב,Misgav,,29181.0,,2018,15821.264,1.534151934845448,53.17061898467783,46.82938101532216,,True,https://www.cbs.gov.il/he/publications/Pages/2019/פסולת-שנאספה-ברשויות-המקומיות-2014-2017.aspx,"CBS - Household and Commercial Waste Collected, by Type of Treatment and Local Authority"
520,משהד,Meshhed,,8499.0,,2018,3627.9999999999995,1.218833336795037,28.22739801543551,71.77260198456449,,True,https://www.cbs.gov.il/he/publications/Pages/2019/פסולת-שנאספה-ברשויות-המקומיות-2014-2017.aspx,"CBS - Household and Commercial Waste Collected, by Type of Treatment and Local Authority"
9100,נהרייה,Nahariyya,,63318.0,,2018,39951.05,1.9380958381395352,8.317753851275498,91.6822461487245,,True,https://www.cbs.gov.il/he/publications/Pages/2019/פסולת-שנאספה-ברשויות-המקומיות-2014-2017.aspx,"CBS - Household and Commercial Waste Collected, by Type of Treatment and Local Authority"
,נווה מדבר,Neve Midbar,,13096.0,,2018,2243.792727272727,0.5916059411985153,0.0,100.0,,True,https://www.cbs.gov.il/he/publications/Pages/2019/פסולת-שנאספה-ברשויות-המקומיות-2014-2017.aspx,"CBS - Household and Commercial Waste Collected, by Type of Treatment and Local Authority"
1061,נוף הגליל,Nazerat Illit,,43479.0,,2018,24605.93,1.6489575453877594,42.414775625225296,57.585224374774704,,True,https://www.cbs.gov.il/he/publications/Pages/2019/פסולת-שנאספה-ברשויות-המקומיות-2014-2017.aspx,"CBS - Household and Commercial Waste Collected, by Type of Treatment and Local Authority"
,נחל שורק,Nahal Soreq,,10204.0,,2018,6323.566,1.8505488523995282,30.045800107091473,69.95419989290852,,True,https://www.cbs.gov.il/he/publications/Pages/2019/פסולת-שנאספה-ברשויות-המקומיות-2014-2017.aspx,"CBS - Household and Commercial Waste Collected, by Type of Treatment and Local Authority"
522,נחף,Nahef,,13446.0,,2018,8190.535,1.7618037997485418,0.9368740869796662,99.06312591302033,,True,https://www.cbs.gov.il/he/publications/Pages/2019/פסולת-שנאספה-ברשויות-המקומיות-2014-2017.aspx,"CBS - Household and Commercial Waste Collected, by Type of Treatment and Local Authority"
7200,נס ציונה,Nes Ziyyona,,47620.0,,2018,31568.057999999997,1.7415819441404394,13.888998810126363,86.11100118987363,,True,https://www.cbs.gov.il/he/publications/Pages/2019/פסולת-שנאספה-ברשויות-המקומיות-2014-2017.aspx,"CBS - Household and Commercial Waste Collected, by Type of Treatment and Local Authority"
7300,נצרת,Nazareth,,77295.0,,2018,,,,,,False,https://www.cbs.gov.il/he/publications/Pages/2019/פסולת-שנאספה-ברשויות-המקומיות-2014-2017.aspx,"CBS - Household and Commercial Waste Collected, by Type of Treatment and Local Authority"
2500,נשר,Nesher,,22911.0,,2018,12397.69,1.4232374755443105,22.042211089323896,77.9577889106761,,True,https://www.cbs.gov.il/he/publications/Pages/2019/פסולת-שנאספה-ברשויות-המקומיות-2014-2017.aspx,"CBS - Household and Commercial Waste Collected, by Type of Treatment and Local Authority"
246,נתיבות,Netivot,,45024.0,,2018,18437.271,1.4554983787026858,4.965978967277749,95.03402103272225,,True,https://www.cbs.gov.il/he/publications/Pages/2019/פסולת-שנאספה-ברשויות-המקומיות-2014-2017.aspx,"CBS - Household and Commercial Waste Collected, by Type of Treatment and Local Authority"
7400,נתניה,Netanya,,223920.0,,2018,134222.97199999998,1.7050621771162395,17.570034136928513,82.42996586307149,,True,https://www.cbs.gov.il/he/publications/Pages/2019/פסולת-שנאספה-ברשויות-המקומיות-2014-2017.aspx,"CBS - Household and Commercial Waste Collected, by Type of Treatment and Local Authority"
525,סאג'ור,Sajur,,4155.0,,2018,1608.2,1.0544834767727342,0.0,100.0,,True,https://www.cbs.gov.il/he/publications/Pages/2019/פסולת-שנאספה-ברשויות-המקומיות-2014-2017.aspx,"CBS - Household and Commercial Waste Collected, by Type of Treatment and Local Authority"
587,סביון,Savyon,,4494.0,,2018,6650.45,4.644059703343574,54.07528813839665,45.92471186160335,,True,https://www.cbs.gov.il/he/publications/Pages/2019/פסולת-שנאספה-ברשויות-המקומיות-2014-2017.aspx,"CBS - Household and Commercial Waste Collected, by Type of Treatment and Local Authority"
7500,סח'נין,Sakhnin,,32355.0,,2018,13937.0,1.2396455309342125,4.484465810432662,95.51553418956735,,True,https://www.cbs.gov.il/he/publications/Pages/2019/פסולת-שנאספה-ברשויות-המקומיות-2014-2017.aspx,"CBS - Household and Commercial Waste Collected, by Type of Treatment and Local Authority"
4501,ע'ג'ר,Ghajar,,2629.0,,2018,1028.44,1.090888050058825,0.6261911244214537,99.37380887557853,,True,https://www.cbs.gov.il/he/publications/Pages/2019/פסולת-שנאספה-ברשויות-המקומיות-2014-2017.aspx,"CBS - Household and Commercial Waste Collected, by Type of Treatment and Local Authority"
666,עומר,Omer,,8250.0,,2018,5372.97,1.9370932747255696,26.604523196667767,73.39547680333224,,True,https://www.cbs.gov.il/he/publications/Pages/2019/פסולת-שנאספה-ברשויות-המקומיות-2014-2017.aspx,"CBS - Household and Commercial Waste Collected, by Type of Treatment and Local Authority"
530,עיילבון,Eilabun,,5777.0,,2018,2634.39,1.27849837020443,0.6069716329017345,99.39302836709827,,True,https://www.cbs.gov.il/he/publications/Pages/2019/פסולת-שנאספה-ברשויות-המקומיות-2014-2017.aspx,"CBS - Household and Commercial Waste Collected, by Type of Treatment and Local Authority"
511,עילוט,Ilut,,8561.0,,2018,3856.223,1.3096551347802494,6.514742534339948,93.48525746566006,,True,https://www.cbs.gov.il/he/publications/Pages/2019/פסולת-שנאספה-ברשויות-המקומיות-2014-2017.aspx,"CBS - Household and Commercial Waste Collected, by Type of Treatment and Local Authority"
532,עין מאהל,Ein Mahel,,13485.0,,2018,5325.0,1.123446820924776,0.0,100.0,,True,https://www.cbs.gov.il/he/publications/Pages/2019/פסולת-שנאספה-ברשויות-המקומיות-2014-2017.aspx,"CBS - Household and Commercial Waste Collected, by Type of Treatment and Local Authority"
4502,עין קנייא,Ein Qiniyye,,2361.0,,2018,763.5,1.021397303618141,5.304518664047151,94.69548133595285,,True,https://www.cbs.gov.il/he/publications/Pages/2019/פסולת-שנאספה-ברשויות-המקומיות-2014-2017.aspx,"CBS - Household and Commercial Waste Collected, by Type of Treatment and Local Authority"
7600,עכו,Akko,,50555.0,,2018,31152.806999999997,1.7555980780891793,1.6572086104472066,98.3427913895528,,True,https://www.cbs.gov.il/he/publications/Pages/2019/פסולת-שנאספה-ברשויות-המקומיות-2014-2017.aspx,"CBS - Household and Commercial Waste Collected, by Type of Treatment and Local Authority"
3660,עמנואל,Immanu'el,,4860.0,,2018,1248.34,0.9589056458782665,0.6504638159475785,99.34953618405244,,True,https://www.cbs.gov.il/he/publications/Pages/2019/פסולת-שנאספה-ברשויות-המקומיות-2014-2017.aspx,"CBS - Household and Commercial Waste Collected, by Type of Treatment and Local Authority"
,עמק הירדן,Emeq HaYarden,,15138.0,,2018,11627.776999999998,2.3386377395148457,27.06415749115244,72.93584250884756,,True,https://www.cbs.gov.il/he/publications/Pages/2019/פסולת-שנאספה-ברשויות-המקומיות-2014-2017.aspx,"CBS - Household and Commercial Waste Collected, by Type of Treatment and Local Authority"
,עמק המעיינות,Emeq HaMa'ayanot,,15012.0,,2018,9417.032666666666,1.9479851634804555,17.298789590408134,82.70121040959187,,True,https://www.cbs.gov.il/he/publications/Pages/2019/פסולת-שנאספה-ברשויות-המקומיות-2014-2017.aspx,"CBS - Household and Commercial Waste Collected, by Type of Treatment and Local Authority"
,עמק חפר,Emeq Hefer,,41826.0,,2018,28078.536691,1.8208338232969608,43.706782639900204,56.29321736009979,,True,https://www.cbs.gov.il/he/publications/Pages/2019/פסולת-שנאספה-ברשויות-המקומיות-2014-2017.aspx,"CBS - Household and Commercial Waste Collected, by Type of Treatment and Local Authority"
,עמק יזרעאל,Emeq Yizre'el,,40514.0,,2018,24072.911,1.7203532050478076,44.84551535956744,55.15448464043256,,True,https://www.cbs.gov.il/he/publications/Pages/2019/פסולת-שנאספה-ברשויות-המקומיות-2014-2017.aspx,"CBS - Household and Commercial Waste Collected, by Type of Treatment and Local Authority"
534,עספיא,Isifya,,13060.0,,2018,,,,,,False,https://www.cbs.gov.il/he/publications/Pages/2019/פסולת-שנאספה-ברשויות-המקומיות-2014-2017.aspx,"CBS - Household and Commercial Waste Collected, by Type of Treatment and Local Authority"
7700,עפולה,Afula,,60828.0,,2018,37639.9,2.043942158020933,30.804810852313636,69.19518914768636,,True,https://www.cbs.gov.il/he/publications/Pages/2019/פסולת-שנאספה-ברשויות-המקומיות-2014-2017.aspx,"CBS - Household and Commercial Waste Collected, by Type of Treatment and Local Authority"
531,עראבה,Arrabe,,26119.0,,2018,10740.109,1.169025492715026,19.460780146644694,80.5392198533553,,True,https://www.cbs.gov.il/he/publications/Pages/2019/פסולת-שנאספה-ברשויות-המקומיות-2014-2017.aspx,"CBS - Household and Commercial Waste Collected, by Type of Treatment and Local Authority"
,ערבות הירדן,Arvot Hayarden,,6294.0,,2018,2018.6390000000001,1.096780923791607,0.9931939291770346,99.00680607082296,,True,https://www.cbs.gov.il/he/publications/Pages/2019/פסולת-שנאספה-ברשויות-המקומיות-2014-2017.aspx,"CBS - Household and Commercial Waste Collected, by Type of Treatment and Local Authority"
2560,ערד,Arad,,27586.0,,2018,12880.466999999999,1.357763439908101,20.676362122584532,79.32363787741548,,True,https://www.cbs.gov.il/he/publications/Pages/2019/פסולת-שנאספה-ברשויות-המקומיות-2014-2017.aspx,"CBS - Household and Commercial Waste Collected, by Type of Treatment and Local Authority"
637,ערערה,Ar'ara,,19919.0,,2018,11100.0,1.2304011950055456,2.8828828828828827,97.11711711711712,,True,https://www.cbs.gov.il/he/publications/Pages/2019/פסולת-שנאספה-ברשויות-המקומיות-2014-2017.aspx,"CBS - Household and Commercial Waste Collected, by Type of Treatment and Local Authority"
1192,ערערה-בנגב,Ar'ara-BaNegev,,19543.0,,2018,3922.0,0.6206023614465769,0.0,100.0,,True,https://www.cbs.gov.il/he/publications/Pages/2019/פסולת-שנאספה-ברשויות-המקומיות-2014-2017.aspx,"CBS - Household and Commercial Waste Collected, by Type of Treatment and Local Authority"
537,פוריידיס,Fureidis,,13108.0,,2018,1500.0,0.3164300229797284,0.0,100.0,,True,https://www.cbs.gov.il/he/publications/Pages/2019/פסולת-שנאספה-ברשויות-המקומיות-2014-2017.aspx,"CBS - Household and Commercial Waste Collected, by Type of Treatment and Local Authority"
535,פסוטה,Fassuta,,3358.0,,2018,1690.0,1.4826188057430951,1.2881656804733728,98.71183431952663,,True,https://www.cbs.gov.il/he/publications/Pages/2019/פסולת-שנאספה-ברשויות-המקומיות-2014-2017.aspx,"CBS - Household and Commercial Waste Collected, by Type of Treatment and Local Authority"
536,פקיעין (בוקייעה),Peqi'in (Buqei'a),,5919.0,,2018,3988.333,1.8868064801423872,1.5670707536206228,98.43292924637937,,True,https://www.cbs.gov.il/he/publications/Pages/2019/פסולת-שנאספה-ברשויות-המקומיות-2014-2017.aspx,"CBS - Household and Commercial Waste Collected, by Type of Treatment and Local Authority"
7800,פרדס חנה-כרכור,Pardes Hanna-Karkur,,44161.0,,2018,23519.335,1.548466415445686,44.01368065891319,55.98631934108681,,True,https://www.cbs.gov.il/he/publications/Pages/2019/פסולת-שנאספה-ברשויות-המקומיות-2014-2017.aspx,"CBS - Household and Commercial Waste Collected, by Type of Treatment and Local Authority"
171,פרדסייה,Pardesiyya,,7743.0,,2018,3142.8899999999994,1.4772658316571519,18.212307780418662,81.78769221958133,,True,https://www.cbs.gov.il/he/publications/Pages/2019/פסולת-שנאספה-ברשויות-המקומיות-2014-2017.aspx,"CBS - Household and Commercial Waste Collected, by Type of Treatment and Local Authority"
7900,פתח תקווה,Petah Tiqwa,,264046.0,,2018,145801.71,1.6484951044339928,6.213294754910626,93.78670524508938,,True,https://www.cbs.gov.il/he/publications/Pages/2019/פסולת-שנאספה-ברשויות-המקומיות-2014-2017.aspx,"CBS - Household and Commercial Waste Collected, by Type of Treatment and Local Authority"
8000,צפת,Zefat,,37801.0,,2018,22680.157,1.7505470035597297,2.178807668747619,97.82119233125238,,True,https://www.cbs.gov.il/he/publications/Pages/2019/פסולת-שנאספה-ברשויות-המקומיות-2014-2017.aspx,"CBS - Household and Commercial Waste Collected, by Type of Treatment and Local Authority"
3557,קדומים,Qedumim,,4470.0,,2018,2138.88,1.291341256751112,14.53470975463794,85.46529024536206,,True,https://www.cbs.gov.il/he/publications/Pages/2019/פסולת-שנאספה-ברשויות-המקומיות-2014-2017.aspx,"CBS - Household and Commercial Waste Collected, by Type of Treatment and Local Authority"
195,קדימה-צורן,Qadima- Zoran,,22153.0,,2018,11912.181999999999,1.4675449182678544,18.245641310718728,81.75435868928128,,True,https://www.cbs.gov.il/he/publications/Pages/2019/פסולת-שנאספה-ברשויות-המקומיות-2014-2017.aspx,"CBS - Household and Commercial Waste Collected, by Type of Treatment and Local Authority"
638,קלנסווה,Qalansawe,,23951.0,,2018,9447.93792,1.146408672866714,30.36311144601594,69.63688855398406,,True,https://www.cbs.gov.il/he/publications/Pages/2019/פסולת-שנאספה-ברשויות-המקומיות-2014-2017.aspx,"CBS - Household and Commercial Waste Collected, by Type of Treatment and Local Authority"
4100,קצרין,Qazrin,,7633.0,,2018,4026.704,1.5475390955289203,10.547186979723365,89.45281302027664,,True,https://www.cbs.gov.il/he/publications/Pages/2019/פסולת-שנאספה-ברשויות-המקומיות-2014-2017.aspx,"CBS - Household and Commercial Waste Collected, by Type of Treatment and Local Authority"
2620,קריית אונו,Qiryat Ono,,41537.0,,2018,19353.654,1.3358958363639846,38.629986874829946,61.370013125170054,,True,https://www.cbs.gov.il/he/publications/Pages/2019/פסולת-שנאספה-ברשויות-המקומיות-2014-2017.aspx,"CBS - Household and Commercial Waste Collected, by Type of Treatment and Local Authority"
3611,קריית ארבע,Qiryat Arba,,7442.0,,2018,3448.891,1.2889958684209064,2.9864672441083235,97.01353275589167,,True,https://www.cbs.gov.il/he/publications/Pages/2019/פסולת-שנאספה-ברשויות-המקומיות-2014-2017.aspx,"CBS - Household and Commercial Waste Collected, by Type of Treatment and Local Authority"
6800,קריית אתא,Qiryat Atta,,60465.0,,2018,35490.915,1.6795706486387616,31.9544170670156,68.04558293298439,,True,https://www.cbs.gov.il/he/publications/Pages/2019/פסולת-שנאספה-ברשויות-המקומיות-2014-2017.aspx,"CBS - Household and Commercial Waste Collected, by Type of Treatment and Local Authority"
9500,קריית ביאליק,Qiryat Bialik,,44806.0,,2018,24464.559,1.6860025667810157,44.06618978907406,55.93381021092595,,True,https://www.cbs.gov.il/he/publications/Pages/2019/פסולת-שנאספה-ברשויות-המקומיות-2014-2017.aspx,"CBS - Household and Commercial Waste Collected, by Type of Treatment and Local Authority"
2630,קריית גת,Qiryat Gat,,63386.0,,2018,33561.82400000001,1.6955753370347515,2.7078206476501396,97.29217935234986,,True,https://www.cbs.gov.il/he/publications/Pages/2019/פסולת-שנאספה-ברשויות-המקומיות-2014-2017.aspx,"CBS - Household and Commercial Waste Collected, by Type of Treatment and Local Authority"
2300,קריית טבעון,Qiryat Tiv'on,,17944.0,,2018,10414.97,1.5923944757925874,11.82191345726392,88.17808654273607,,True,https://www.cbs.gov.il/he/publications/Pages/2019/פסולת-שנאספה-ברשויות-המקומיות-2014-2017.aspx,"CBS - Household and Commercial Waste Collected, by Type of Treatment and Local Authority"
9600,קריית ים,Qiryat Yam,,38906.0,,2018,21295.795000000002,1.4656144046727235,40.515111081788675,59.48488891821132,,True,https://www.cbs.gov.il/he/publications/Pages/2019/פסולת-שנאספה-ברשויות-המקומיות-2014-2017.aspx,"CBS - Household and Commercial Waste Collected, by Type of Treatment and Local Authority"
1137,קריית יערים,Qiryat Ye'arim,,7161.0,,2018,2527.5206666666663,1.3310256442528343,13.353824208756885,86.64617579124311,,True,https://www.cbs.gov.il/he/publications/Pages/2019/פסולת-שנאספה-ברשויות-המקומיות-2014-2017.aspx,"CBS - Household and Commercial Waste Collected, by Type of Treatment and Local Authority"
8200,קריית מוצקין,Qiryat Motzkin,,49057.0,,2018,22233.018000000004,1.4597833077429911,8.336363196395558,91.66363680360445,,True,https://www.cbs.gov.il/he/publications/Pages/2019/פסולת-שנאספה-ברשויות-המקומיות-2014-2017.aspx,"CBS - Household and Commercial Waste Collected, by Type of Treatment and Local Authority"
1034,קריית מלאכי,Qiryat Mal'akhi,,26362.0,,2018,16085.630000000001,1.938814332200444,10.337425391482958,89.66257460851705,,True,https://www.cbs.gov.il/he/publications/Pages/2019/פסולת-שנאספה-ברשויות-המקומיות-2014-2017.aspx,"CBS - Household and Commercial Waste Collected, by Type of Treatment and Local Authority"
469,קריית עקרון,Qiryat Eqron,,11425.0,,2018,8179.763,2.045772228550141,23.14172427734153,76.85827572265848,,True,https://www.cbs.gov.il/he/publications/Pages/2019/פסולת-שנאספה-ברשויות-המקומיות-2014-2017.aspx,"CBS - Household and Commercial Waste Collected, by Type of Treatment and Local Authority"
2800,קריית שמונה,Qiryat Shemona,,23083.0,,2018,14389.06,1.7340583351711454,2.224328760878056,97.77567123912195,,True,https://www.cbs.gov.il/he/publications/Pages/2019/פסולת-שנאספה-ברשויות-המקומיות-2014-2017.aspx,"CBS - Household and Commercial Waste Collected, by Type of Treatment and Local Authority"
3640,קרני שומרון,Qarne Shomeron,,10102.0,,2018,4223.308,1.534348591365085,18.778928744955376,81.22107125504462,,True,https://www.cbs.gov.il/he/publications/Pages/2019/פסולת-שנאספה-ברשויות-המקומיות-2014-2017.aspx,"CBS - Household and Commercial Waste Collected, by Type of Treatment and Local Authority"
543,ראמה,Rame,,8472.0,,2018,3665.27,1.3185919141283957,1.7807692202757235,98.21923077972427,,True,https://www.cbs.gov.il/he/publications/Pages/2019/פסולת-שנאספה-ברשויות-המקומיות-2014-2017.aspx,"CBS - Household and Commercial Waste Collected, by Type of Treatment and Local Authority"
2640,ראש העין,Rosh HaAyin,,74572.0,,2018,32371.845,1.660907821406404,21.36983866690329,78.63016133309671,,True,https://www.cbs.gov.il/he/publications/Pages/2019/פסולת-שנאספה-ברשויות-המקומיות-2014-2017.aspx,"CBS - Household and Commercial Waste Collected, by Type of Treatment and Local Authority"
26,ראש פינה,Rosh Pinna,,3352.0,,2018,3505.2,3.107241656185865,20.917494008901063,79.08250599109894,,True,https://www.cbs.gov.il/he/publications/Pages/2019/פסולת-שנאספה-ברשויות-המקומיות-2014-2017.aspx,"CBS - Household and Commercial Waste Collected, by Type of Treatment and Local Authority"
8300,ראשון לציון,Rishon LeZiyyon,,252413.0,,2018,180916.945,1.9764060090661455,23.812543263982263,76.18745673601774,,True,https://www.cbs.gov.il/he/publications/Pages/2019/פסולת-שנאספה-ברשויות-המקומיות-2014-2017.aspx,"CBS - Household and Commercial Waste Collected, by Type of Treatment and Local Authority"
1161,רהט,Rahat,,71355.0,,2018,31876.594,1.285975000685819,0.9037887172010912,99.0962112827989,,True,https://www.cbs.gov.il/he/publications/Pages/2019/פסולת-שנאספה-ברשויות-המקומיות-2014-2017.aspx,"CBS - Household and Commercial Waste Collected, by Type of Treatment and Local Authority"
8400,רחובות,Rehovot,,150471.0,,2018,94893.25,1.8572893566128854,15.87287820788096,84.12712179211903,,True,https://www.cbs.gov.il/he/publications/Pages/2019/פסולת-שנאספה-ברשויות-המקומיות-2014-2017.aspx,"CBS - Household and Commercial Waste Collected, by Type of Treatment and Local Authority"
542,ריינה,Reine,,17046.0,,2018,8943.601,1.3036390161639937,23.7394423118831,76.2605576881169,,True,https://www.cbs.gov.il/he/publications/Pages/2019/פסולת-שנאספה-ברשויות-המקומיות-2014-2017.aspx,"CBS - Household and Commercial Waste Collected, by Type of Treatment and Local Authority"
922,רכסים,Rekhasim,,13910.0,,2018,6201.57,1.4189775238865432,5.085982743079576,94.91401725692043,,True,https://www.cbs.gov.il/he/publications/Pages/2019/פסולת-שנאספה-ברשויות-המקומיות-2014-2017.aspx,"CBS - Household and Commercial Waste Collected, by Type of Treatment and Local Authority"
8500,רמלה,Ramla,,81126.0,,2018,47947.904,1.7375516917046308,15.02685915113203,84.97314084886798,,True,https://www.cbs.gov.il/he/publications/Pages/2019/פסולת-שנאספה-ברשויות-המקומיות-2014-2017.aspx,"CBS - Household and Commercial Waste Collected, by Type of Treatment and Local Authority"
8600,רמת גן,Ramat Gan,,165155.0,,2018,101019.572,1.754809681076928,40.94332531917676,59.05667468082324,,True,https://www.cbs.gov.il/he/publications/Pages/2019/פסולת-שנאספה-ברשויות-המקומיות-2014-2017.aspx,"CBS - Household and Commercial Waste Collected, by Type of Treatment and Local Authority"
2650,רמת השרון,Ramat HaSharon,,48986.0,,2018,35885.06,2.120233618216785,40.67614767817025,59.32385232182975,,True,https://www.cbs.gov.il/he/publications/Pages/2019/פסולת-שנאספה-ברשויות-המקומיות-2014-2017.aspx,"CBS - Household and Commercial Waste Collected, by Type of Treatment and Local Authority"
122,רמת ישי,Ramat Yishay,,7880.0,,2018,5833.146,2.0727430381402536,21.196348934177202,78.8036510658228,,True,https://www.cbs.gov.il/he/publications/Pages/2019/פסולת-שנאספה-ברשויות-המקומיות-2014-2017.aspx,"CBS - Household and Commercial Waste Collected, by Type of Treatment and Local Authority"
,רמת נגב,Ramat Negev,,8097.0,,2018,11280.630000000001,4.00282808139339,7.310141366218022,92.68985863378198,,True,https://www.cbs.gov.il/he/publications/Pages/2019/פסולת-שנאספה-ברשויות-המקומיות-2014-2017.aspx,"CBS - Household and Commercial Waste Collected, by Type of Treatment and Local Authority"
8700,רעננה,Ra'annana,,80155.0,,2018,48149.09099999999,1.7971012377745117,30.85497709603698,69.14502290396302,,True,https://www.cbs.gov.il/he/publications/Pages/2019/פסולת-שנאספה-ברשויות-המקומיות-2014-2017.aspx,"CBS - Household and Commercial Waste Collected, by Type of Treatment and Local Authority"
913,שבלי-אום אל-גנם,Shibli-Umm Al-Ghanam,,6278.0,,2018,2706.258,1.2470459929362685,0.9012444489771485,99.09875555102286,,True,https://www.cbs.gov.il/he/publications/Pages/2019/פסולת-שנאספה-ברשויות-המקומיות-2014-2017.aspx,"CBS - Household and Commercial Waste Collected, by Type of Treatment and Local Authority"
1286,שגב-שלום,Segev-Shalom,,14654.0,,2018,3610.8999999999996,0.9766517508799911,3.324772217452713,96.6752277825473,,True,https://www.cbs.gov.il/he/publications/Pages/2019/פסולת-שנאספה-ברשויות-המקומיות-2014-2017.aspx,"CBS - Household and Commercial Waste Collected, by Type of Treatment and Local Authority"
,שדות דן,Sedot Dan,,,,2018,14276.14,2.5676302979562213,34.856340719550246,65.14365928044977,,True,https://www.cbs.gov.il/he/publications/Pages/2019/פסולת-שנאספה-ברשויות-המקומיות-2014-2017.aspx,"CBS - Household and Commercial Waste Collected, by Type of Treatment and Local Authority"
,שדות נגב,Sedot Negev,,11590.0,,2018,8182.873,2.146061373377332,17.273587772900793,82.72641222709922,,True,https://www.cbs.gov.il/he/publications/Pages/2019/פסולת-שנאספה-ברשויות-המקומיות-2014-2017.aspx,"CBS - Household and Commercial Waste Collected, by Type of Treatment and Local Authority"
1031,שדרות,Sederot,,31108.0,,2018,13606.382,1.4450704128121874,8.896852815098093,91.1031471849019,,True,https://www.cbs.gov.il/he/publications/Pages/2019/פסולת-שנאספה-ברשויות-המקומיות-2014-2017.aspx,"CBS - Household and Commercial Waste Collected, by Type of Treatment and Local Authority"
1304,שוהם,Shoham,,21171.0,,2018,10437.861,1.3644180790835643,49.34402747842685,50.65597252157315,,True,https://www.cbs.gov.il/he/publications/Pages/2019/פסולת-שנאספה-ברשויות-המקומיות-2014-2017.aspx,"CBS - Household and Commercial Waste Collected, by Type of Treatment and Local Authority"
,שומרון,Shomron,,51691.0,,2018,18445.5,1.1934680987248611,8.153967092244722,91.84603290775527,,True,https://www.cbs.gov.il/he/publications/Pages/2019/פסולת-שנאספה-ברשויות-המקומיות-2014-2017.aspx,"CBS - Household and Commercial Waste Collected, by Type of Treatment and Local Authority"
812,שלומי,Shelomi,,7497.0,,2018,3019.52,1.3196220001797068,40.883080754557014,59.116919245442986,,True,https://www.cbs.gov.il/he/publications/Pages/2019/פסולת-שנאספה-ברשויות-המקומיות-2014-2017.aspx,"CBS - Household and Commercial Waste Collected, by Type of Treatment and Local Authority"
538,שעב,Sha'ab,,7445.0,,2018,2289.824,0.913108687675729,0.909414872060036,99.09058512793996,,True,https://www.cbs.gov.il/he/publications/Pages/2019/פסולת-שנאספה-ברשויות-המקומיות-2014-2017.aspx,"CBS - Household and Commercial Waste Collected, by Type of Treatment and Local Authority"
,שער הנגב,Sha'ar HaNegev,,8917.0,,2018,4129.99,1.4115570229404204,9.281285184709892,90.7187148152901,,True,https://www.cbs.gov.il/he/publications/Pages/2019/פסולת-שנאספה-ברשויות-המקומיות-2014-2017.aspx,"CBS - Household and Commercial Waste Collected, by Type of Treatment and Local Authority"
692,שפיר,Shafir,,1030.0,,2018,7628.59,1.909047001766758,22.726430441274204,77.2735695587258,,True,https://www.cbs.gov.il/he/publications/Pages/2019/פסולת-שנאספה-ברשויות-המקומיות-2014-2017.aspx,"CBS - Household and Commercial Waste Collected, by Type of Treatment and Local Authority"
8800,שפרעם,Shefar'am,,42713.0,,2018,32447.17,2.1528972346459576,21.888287946221503,78.11171205377849,,True,https://www.cbs.gov.il/he/publications/Pages/2019/פסולת-שנאספה-ברשויות-המקומיות-2014-2017.aspx,"CBS - Household and Commercial Waste Collected, by Type of Treatment and Local Authority"
5000,תל אביב-יפו,Tel Aviv - Yafo,,492872.0,,2018,439987.745,2.6923470183789773,39.67867900502547,60.32132099497453,,True,https://www.cbs.gov.il/he/publications/Pages/2019/פסולת-שנאספה-ברשויות-המקומיות-2014-2017.aspx,"CBS - Household and Commercial Waste Collected, by Type of Treatment and Local Authority"
154,תל מונד,Tel Mond,,14115.0,,2018,6306.26,1.3568251415658548,20.06815450044876,79.93184549955123,,True,https://www.cbs.gov.il/he/publications/Pages/2019/פסולת-שנאספה-ברשויות-המקומיות-2014-2017.aspx,"CBS - Household and Commercial Waste Collected, by Type of Treatment and Local Authority"
1054,תל שבע,Tel Sheva,,22760.0,,2018,6782.51,0.9302537756675171,0.0,100.0,,True,https://www.cbs.gov.il/he/publications/Pages/2019/פסולת-שנאספה-ברשויות-המקומיות-2014-2017.aspx,"CBS - Household and Commercial Waste Collected, by Type of Treatment and Local Authority"
,תמר,Tamar,,1524.0,,2018,11402.000000000002,21.071403820832085,3.05156990001754,96.94843009998245,,True,https://www.cbs.gov.il/he/publications/Pages/2019/פסולת-שנאספה-ברשויות-המקומיות-2014-2017.aspx,"CBS - Household and Commercial Waste Collected, by Type of Treatment and Local Authority"
472,אבו גוש,Abu Ghosh,,8657.0,,2019,4310.116,1.5495750917001994,32.411563865102465,67.58843613489753,,True,https://www.cbs.gov.il/he/publications/Pages/2019/פסולת-שנאספה-ברשויות-המקומיות-2014-2017.aspx,"CBS - Household and Commercial Waste Collected, by Type of Treatment and Local Authority"
473,אבו סנאן,Abu Snan,,13895.0,,2019,5986.244999999999,1.1708910710985014,2.7563188609888174,97.24368113901119,,True,https://www.cbs.gov.il/he/publications/Pages/2019/פסולת-שנאספה-ברשויות-המקומיות-2014-2017.aspx,"CBS - Household and Commercial Waste Collected, by Type of Treatment and Local Authority"
182,אבן יהודה,Even Yehuda,,14989.0,,2019,9845.737000000001,1.9599376529687005,11.78683728805675,88.21316271194326,,True,https://www.cbs.gov.il/he/publications/Pages/2019/פסולת-שנאספה-ברשויות-המקומיות-2014-2017.aspx,"CBS - Household and Commercial Waste Collected, by Type of Treatment and Local Authority"
2710,אום אל-פחם,Umm Al-Fahm,,57560.0,,2019,29260.411,1.4406338207425708,1.478673693271089,98.52132630672891,,True,https://www.cbs.gov.il/he/publications/Pages/2019/פסולת-שנאספה-ברשויות-המקומיות-2014-2017.aspx,"CBS - Household and Commercial Waste Collected, by Type of Treatment and Local Authority"
31,אופקים,Ofaqim,,35355.0,,2019,17523.160000000003,1.6087883495885458,10.360515135397952,89.63948486460205,,True,https://www.cbs.gov.il/he/publications/Pages/2019/פסולת-שנאספה-ברשויות-המקומיות-2014-2017.aspx,"CBS - Household and Commercial Waste Collected, by Type of Treatment and Local Authority"
2400,אור יהודה,Or Yehuda,,36850.0,,2019,30903.416,2.2983262931629933,40.97998745510852,59.02001254489148,,True,https://www.cbs.gov.il/he/publications/Pages/2019/פסולת-שנאספה-ברשויות-המקומיות-2014-2017.aspx,"CBS - Household and Commercial Waste Collected, by Type of Treatment and Local Authority"
1020,אור עקיבא,Or Aqiva,,22173.0,,2019,15351.276000000002,2.2606514773822948,34.15589687788819,65.8441031221118,,True,https://www.cbs.gov.il/he/publications/Pages/2019/פסולת-שנאספה-ברשויות-המקומיות-2014-2017.aspx,"CBS - Household and Commercial Waste Collected, by Type of Treatment and Local Authority"
3760,אורנית,Oranit,,9979.0,,2019,,,,,,False,https://www.cbs.gov.il/he/publications/Pages/2019/פסולת-שנאספה-ברשויות-המקומיות-2014-2017.aspx,"CBS - Household and Commercial Waste Collected, by Type of Treatment and Local Authority"
565,אזור,Azor,,13191.0,,2019,11840.163,2.513661583860986,41.00081223543967,58.99918776456033,,True,https://www.cbs.gov.il/he/publications/Pages/2019/פסולת-שנאספה-ברשויות-המקומיות-2014-2017.aspx,"CBS - Household and Commercial Waste Collected, by Type of Treatment and Local Authority"
2600,אילת,Eilat,,55213.0,,2019,68851.37999999999,3.619431621317788,9.37300022163681,90.6269997783632,,True,https://www.cbs.gov.il/he/publications/Pages/2019/פסולת-שנאספה-ברשויות-המקומיות-2014-2017.aspx,"CBS - Household and Commercial Waste Collected, by Type of Treatment and Local Authority"
478,אכסאל,Iksal,,14646.0,,2019,6827.365,1.2774968985822357,6.142413654462593,93.85758634553741,,True,https://www.cbs.gov.il/he/publications/Pages/2019/פסולת-שנאספה-ברשויות-המקומיות-2014-2017.aspx,"CBS - Household and Commercial Waste Collected, by Type of Treatment and Local Authority"
,אל קסום,El Kasum,,18954.0,,2019,2644.07,0.47369804788362097,1.2669861236654096,98.73301387633458,,True,https://www.cbs.gov.il/he/publications/Pages/2019/פסולת-שנאספה-ברשויות-המקומיות-2014-2017.aspx,"CBS - Household and Commercial Waste Collected, by Type of Treatment and Local Authority"
,אל-בטוף,El Batuf,,8903.0,,2019,,,,,,False,https://www.cbs.gov.il/he/publications/Pages/2019/פסולת-שנאספה-ברשויות-המקומיות-2014-2017.aspx,"CBS - Household and Commercial Waste Collected, by Type of Treatment and Local Authority"
,אלונה,Allona,,2195.0,,2019,2154.08,2.58275231557807,52.93211022803239,47.067889771967614,,True,https://www.cbs.gov.il/he/publications/Pages/2019/פסולת-שנאספה-ברשויות-המקומיות-2014-2017.aspx,"CBS - Household and Commercial Waste Collected, by Type of Treatment and Local Authority"
41,אליכין,Elyakhin,,3926.0,,2019,2322.77,1.844298920347061,18.963565053793534,81.03643494620647,,True,https://www.cbs.gov.il/he/publications/Pages/2019/פסולת-שנאספה-ברשויות-המקומיות-2014-2017.aspx,"CBS - Household and Commercial Waste Collected, by Type of Treatment and Local Authority"
1309,אלעד,El'ad,,48825.0,,2019,18671.851,1.0588184825181846,10.766522290693088,89.23347770930691,,True,https://www.cbs.gov.il/he/publications/Pages/2019/פסולת-שנאספה-ברשויות-המקומיות-2014-2017.aspx,"CBS - Household and Commercial Waste Collected, by Type of Treatment and Local Authority"
3750,אלפי מנשה,Alfei Menashe,,8068.0,,2019,4975.43,1.7235194169292138,14.427345978136563,85.57265402186344,,True,https://www.cbs.gov.il/he/publications/Pages/2019/פסולת-שנאספה-ברשויות-המקומיות-2014-2017.aspx,"CBS - Household and Commercial Waste Collected, by Type of Treatment and Local Authority"
3560,אלקנה,Elqana,,4144.0,,2019,2057.306,1.4735829528158295,13.17684389196357,86.82315610803644,,True,https://www.cbs.gov.il/he/publications/Pages/2019/פסולת-שנאספה-ברשויות-המקומיות-2014-2017.aspx,"CBS - Household and Commercial Waste Collected, by Type of Treatment and Local Authority"
529,אעבלין,I'billin,,13357.0,,2019,,,,,,False,https://www.cbs.gov.il/he/publications/Pages/2019/פסולת-שנאספה-ברשויות-המקומיות-2014-2017.aspx,"CBS - Household and Commercial Waste Collected, by Type of Treatment and Local Authority"
3650,אפרת,Efrat,,12082.0,,2019,4199.817,1.1014021197669646,5.511597291024823,94.48840270897519,,True,https://www.cbs.gov.il/he/publications/Pages/2019/פסולת-שנאספה-ברשויות-המקומיות-2014-2017.aspx,"CBS - Household and Commercial Waste Collected, by Type of Treatment and Local Authority"
3570,אריאל,Ariel,,21428.0,,2019,10477.468,1.40043379830818,18.27596132958841,81.72403867041159,,True,https://www.cbs.gov.il/he/publications/Pages/2019/פסולת-שנאספה-ברשויות-המקומיות-2014-2017.aspx,"CBS - Household and Commercial Waste Collected, by Type of Treatment and Local Authority"
70,אשדוד,Ashdod,,227865.0,,2019,130626.898,1.588581134606839,9.314743889883998,90.68525611011601,,True,https://www.cbs.gov.il/he/publications/Pages/2019/פסולת-שנאספה-ברשויות-המקומיות-2014-2017.aspx,"CBS - Household and Commercial Waste Collected, by Type of Treatment and Local Authority"
,אשכול,Eshkol,,18228.0,,2019,14944.412666666667,2.8593893670669717,23.104505634859564,76.89549436514042,,True,https://www.cbs.gov.il/he/publications/Pages/2019/פסולת-שנאספה-ברשויות-המקומיות-2014-2017.aspx,"CBS - Household and Commercial Waste Collected, by Type of Treatment and Local Authority"
7100,אשקלון,Ashqelon,,152370.0,,2019,103567.37899999999,1.990922283438229,6.617864684979621,93.38213531502039,,True,https://www.cbs.gov.il/he/publications/Pages/2019/פסולת-שנאספה-ברשויות-המקומיות-2014-2017.aspx,"CBS - Household and Commercial Waste Collected, by Type of Treatment and Local Authority"
6000,באקה אל-גרביה,Baqa Al-Gharbiyye,,29868.0,,2019,,,,,,False,https://www.cbs.gov.il/he/publications/Pages/2019/פסולת-שנאספה-ברשויות-המקומיות-2014-2017.aspx,"CBS - Household and Commercial Waste Collected, by Type of Treatment and Local Authority"
155,באר טוביה,Be'er Toviyya,,1404.0,,2019,60033.03,6.963338475635925,6.852046781580073,93.14795321841991,,True,https://www.cbs.gov.il/he/publications/Pages/2019/פסולת-שנאספה-ברשויות-המקומיות-2014-2017.aspx,"CBS - Household and Commercial Waste Collected, by Type of Treatment and Local Authority"
2530,באר יעקב,Be'er Ya'aqov,,31439.0,,2019,14598.481,1.4843234809583932,9.31556509201197,90.68443490798802,,True,https://www.cbs.gov.il/he/publications/Pages/2019/פסולת-שנאספה-ברשויות-המקומיות-2014-2017.aspx,"CBS - Household and Commercial Waste Collected, by Type of Treatment and Local Authority"
9000,באר שבע,Be'er Sheva,,217577.0,,2019,149380.987,1.9549736347608453,21.902728478290214,78.09727152170979,,True,https://www.cbs.gov.il/he/publications/Pages/2019/פסולת-שנאספה-ברשויות-המקומיות-2014-2017.aspx,"CBS - Household and Commercial Waste Collected, by Type of Treatment and Local Authority"
,בוסתן אל-מרג',Bustan El-Marj,,8111.0,,2019,,,,,,False,https://www.cbs.gov.il/he/publications/Pages/2019/פסולת-שנאספה-ברשויות-המקומיות-2014-2017.aspx,"CBS - Household and Commercial Waste Collected, by Type of Treatment and Local Authority"
482,בועיינה-נוג'ידאת,Bu'eine-Nujeidat,,10087.0,,2019,4010.4649999999997,1.1294213231706587,41.709751861691856,58.290248138308144,,True,https://www.cbs.gov.il/he/publications/Pages/2019/פסולת-שנאספה-ברשויות-המקומיות-2014-2017.aspx,"CBS - Household and Commercial Waste Collected, by Type of Treatment and Local Authority"
4001,בוקעאתא,Buq'ata,,6720.0,,2019,2616.0,1.0910524109714161,0.2675840978593272,99.73241590214067,,True,https://www.cbs.gov.il/he/publications/Pages/2019/פסולת-שנאספה-ברשויות-המקומיות-2014-2017.aspx,"CBS - Household and Commercial Waste Collected, by Type of Treatment and Local Authority"
998,ביר אל-מכסור,Bir El-Maksur,,10510.0,,2019,3855.88,1.1215090816413342,20.488189466477174,79.51181053352283,,True,https://www.cbs.gov.il/he/publications/Pages/2019/פסולת-שנאספה-ברשויות-המקומיות-2014-2017.aspx,"CBS - Household and Commercial Waste Collected, by Type of Treatment and Local Authority"
3574,בית אל,Bet El,,5629.0,,2019,,,,,,False,https://www.cbs.gov.il/he/publications/Pages/2019/פסולת-שנאספה-ברשויות-המקומיות-2014-2017.aspx,"CBS - Household and Commercial Waste Collected, by Type of Treatment and Local Authority"
3652,בית אריה-עופרים,Bet Arye,,5373.0,,2019,3062.242,1.6146466723612474,10.359795208869842,89.64020479113015,,True,https://www.cbs.gov.il/he/publications/Pages/2019/פסולת-שנאספה-ברשויות-המקומיות-2014-2017.aspx,"CBS - Household and Commercial Waste Collected, by Type of Treatment and Local Authority"
480,בית ג'ן,Beit Jann,,12038.0,,2019,7210.148,1.655395134248412,0.8080277963781048,99.19197220362189,,True,https://www.cbs.gov.il/he/publications/Pages/2019/פסולת-שנאספה-ברשויות-המקומיות-2014-2017.aspx,"CBS - Household and Commercial Waste Collected, by Type of Treatment and Local Authority"
466,בית דגן,Bet Dagan,,7616.0,,2019,5157.46,1.9495070912334815,36.159527441802744,63.840472558197256,,True,https://www.cbs.gov.il/he/publications/Pages/2019/פסולת-שנאספה-ברשויות-המקומיות-2014-2017.aspx,"CBS - Household and Commercial Waste Collected, by Type of Treatment and Local Authority"
9200,בית שאן,Bet She'an,,19825.0,,2019,,,,,,False,https://www.cbs.gov.il/he/publications/Pages/2019/פסולת-שנאספה-ברשויות-המקומיות-2014-2017.aspx,"CBS - Household and Commercial Waste Collected, by Type of Treatment and Local Authority"
2610,בית שמש,Bet Shemesh,,145554.0,,2019,71919.254,1.6175070869282449,5.745115209342966,94.25488479065703,,True,https://www.cbs.gov.il/he/publications/Pages/2019/פסולת-שנאספה-ברשויות-המקומיות-2014-2017.aspx,"CBS - Household and Commercial Waste Collected, by Type of Treatment and Local Authority"
3780,ביתר עילית,Betar Illit,,65660.0,,2019,,,,,,False,https://www.cbs.gov.il/he/publications/Pages/2019/פסולת-שנאספה-ברשויות-המקומיות-2014-2017.aspx,"CBS - Household and Commercial Waste Collected, by Type of Treatment and Local Authority"
6100,בני ברק,Bene Beraq,,216869.0,,2019,102713.744,1.3948258883882567,38.84557455134728,61.15442544865272,,True,https://www.cbs.gov.il/he/publications/Pages/2019/פסולת-שנאספה-ברשויות-המקומיות-2014-2017.aspx,"CBS - Household and Commercial Waste Collected, by Type of Treatment and Local Authority"
1066,"בני עי""ש",Bene Ayish,,6740.0,,2019,3447.8569999999995,1.349936914847279,15.390351165956131,84.60964883404387,,True,https://www.cbs.gov.il/he/publications/Pages/2019/פסולת-שנאספה-ברשויות-המקומיות-2014-2017.aspx,"CBS - Household and Commercial Waste Collected, by Type of Treatment and Local Authority"
,בני שמעון,Bene Shim'on,,11508.0,,2019,9202.869999999999,2.3560568579875176,23.174001153987835,76.82599884601217,,True,https://www.cbs.gov.il/he/publications/Pages/2019/פסולת-שנאספה-ברשויות-המקומיות-2014-2017.aspx,"CBS - Household and Commercial Waste Collected, by Type of Treatment and Local Authority"
9800,בנימינה-גבעת עדה,Binyamina-Giv'at Ada,,15268.0,,2019,,,,,,False,https://www.cbs.gov.il/he/publications/Pages/2019/פסולת-שנאספה-ברשויות-המקומיות-2014-2017.aspx,"CBS - Household and Commercial Waste Collected, by Type of Treatment and Local Authority"
1326,"בסמ""ה",Basma,,11266.0,,2019,4490.398,1.2433635124536464,1.2114293655039041,98.7885706344961,,True,https://www.cbs.gov.il/he/publications/Pages/2019/פסולת-שנאספה-ברשויות-המקומיות-2014-2017.aspx,"CBS - Household and Commercial Waste Collected, by Type of Treatment and Local Authority"
944,בסמת טבעון,Basmat Tab'un,,8043.0,,2019,3440.645,1.1969303101433872,1.9869820920205368,98.01301790797947,,True,https://www.cbs.gov.il/he/publications/Pages/2019/פסולת-שנאספה-ברשויות-המקומיות-2014-2017.aspx,"CBS - Household and Commercial Waste Collected, by Type of Treatment and Local Authority"
483,בענה,Bi'ne,,8518.0,,2019,5993.386,1.968735161733512,0.7188924591207707,99.28110754087922,,True,https://www.cbs.gov.il/he/publications/Pages/2019/פסולת-שנאספה-ברשויות-המקומיות-2014-2017.aspx,"CBS - Household and Commercial Waste Collected, by Type of Treatment and Local Authority"
,ברנר,Brenner,,7758.0,,2019,5317.1900000000005,1.8025915777536896,45.747233971326956,54.25276602867305,,True,https://www.cbs.gov.il/he/publications/Pages/2019/פסולת-שנאספה-ברשויות-המקומיות-2014-2017.aspx,"CBS - Household and Commercial Waste Collected, by Type of Treatment and Local Authority"
6200,בת ים,Bat Yam,,128152.0,,2019,75329.94,1.601193211917389,40.41023064667249,59.589769353327505,,True,https://www.cbs.gov.il/he/publications/Pages/2019/פסולת-שנאספה-ברשויות-המקומיות-2014-2017.aspx,"CBS - Household and Commercial Waste Collected, by Type of Treatment and Local Authority"
1292,ג'דיידה-מכר,Judeide-Maker,,19842.0,,2019,,,,,,False,https://www.cbs.gov.il/he/publications/Pages/2019/פסולת-שנאספה-ברשויות-המקומיות-2014-2017.aspx,"CBS - Household and Commercial Waste Collected, by Type of Treatment and Local Authority"
485,ג'ולס,Julis,,6543.0,,2019,3328.972,1.420634148423164,8.763391521466687,91.23660847853333,,True,https://www.cbs.gov.il/he/publications/Pages/2019/פסולת-שנאספה-ברשויות-המקומיות-2014-2017.aspx,"CBS - Household and Commercial Waste Collected, by Type of Treatment and Local Authority"
627,ג'לג'וליה,Jaljulye,,10502.0,,2019,4465.2347,1.2153911605014553,4.625617999430131,95.37438200056985,,True,https://www.cbs.gov.il/he/publications/Pages/2019/פסולת-שנאספה-ברשויות-המקומיות-2014-2017.aspx,"CBS - Household and Commercial Waste Collected, by Type of Treatment and Local Authority"
541,ג'סר א-זרקא,Jisr Az-Zarqa,,15418.0,,2019,6759.731,1.250409220100203,15.415931491948426,84.58406850805159,,True,https://www.cbs.gov.il/he/publications/Pages/2019/פסולת-שנאספה-ברשויות-המקומיות-2014-2017.aspx,"CBS - Household and Commercial Waste Collected, by Type of Treatment and Local Authority"
487,ג'ש (גוש חלב),Jish(Gush Halav),,3256.0,,2019,1448.79,1.281448804272115,5.481815860131559,94.51818413986844,,True,https://www.cbs.gov.il/he/publications/Pages/2019/פסולת-שנאספה-ברשויות-המקומיות-2014-2017.aspx,"CBS - Household and Commercial Waste Collected, by Type of Treatment and Local Authority"
628,ג'ת,Jatt,,12232.0,,2019,6330.24,1.4513681147890063,34.059972449701746,65.94002755029825,,True,https://www.cbs.gov.il/he/publications/Pages/2019/פסולת-שנאספה-ברשויות-המקומיות-2014-2017.aspx,"CBS - Household and Commercial Waste Collected, by Type of Treatment and Local Authority"
3730,גבעת זאב,Giv'at Ze'ev,,22117.0,,2019,9158.545,1.3808763474541326,37.28556228090816,62.71443771909184,,True,https://www.cbs.gov.il/he/publications/Pages/2019/פסולת-שנאספה-ברשויות-המקומיות-2014-2017.aspx,"CBS - Household and Commercial Waste Collected, by Type of Treatment and Local Authority"
681,גבעת שמואל,Giv'at Shemu'el,,27472.0,,2019,12875.403000000002,1.341232170959821,41.336113704557434,58.663886295442566,,True,https://www.cbs.gov.il/he/publications/Pages/2019/פסולת-שנאספה-ברשויות-המקומיות-2014-2017.aspx,"CBS - Household and Commercial Waste Collected, by Type of Treatment and Local Authority"
6300,גבעתיים,Giv'atayim,,58052.0,,2019,29392.666999999998,1.3326248559363298,44.60795272507936,55.39204727492064,,True,https://www.cbs.gov.il/he/publications/Pages/2019/פסולת-שנאספה-ברשויות-המקומיות-2014-2017.aspx,"CBS - Household and Commercial Waste Collected, by Type of Treatment and Local Authority"
2550,גדרה,Gedera,,29260.0,,2019,16556.862,1.6083844184457208,29.461573092775673,70.53842690722433,,True,https://www.cbs.gov.il/he/publications/Pages/2019/פסולת-שנאספה-ברשויות-המקומיות-2014-2017.aspx,"CBS - Household and Commercial Waste Collected, by Type of Treatment and Local Authority"
,גדרות,Gederot,,5008.0,,2019,2596.65,1.3623342759557824,21.25389444091425,78.74610555908575,,True,https://www.cbs.gov.il/he/publications/Pages/2019/פסולת-שנאספה-ברשויות-המקומיות-2014-2017.aspx,"CBS - Household and Commercial Waste Collected, by Type of Treatment and Local Authority"
,גולן,Golan,,20110.0,,2019,10380.006,1.6012597186227322,26.37441635390192,73.62558364609808,,True,https://www.cbs.gov.il/he/publications/Pages/2019/פסולת-שנאספה-ברשויות-המקומיות-2014-2017.aspx,"CBS - Household and Commercial Waste Collected, by Type of Treatment and Local Authority"
,גוש עציון,Gush Etzion,,26401.0,,2019,13429.169999999998,1.525035608602618,11.675075588439197,88.3249244115608,,True,https://www.cbs.gov.il/he/publications/Pages/2019/פסולת-שנאספה-ברשויות-המקומיות-2014-2017.aspx,"CBS - Household and Commercial Waste Collected, by Type of Treatment and Local Authority"
370,גזר,Gezer,,396.0,,2019,21554.379999999997,2.1860991333954374,40.147719164271955,59.852280835728045,,True,https://www.cbs.gov.il/he/publications/Pages/2019/פסולת-שנאספה-ברשויות-המקומיות-2014-2017.aspx,"CBS - Household and Commercial Waste Collected, by Type of Treatment and Local Authority"
166,גן יבנה,Gan Yavne,,23688.0,,2019,14543.3,1.6734421475954042,28.171735438311796,71.8282645616882,,True,https://www.cbs.gov.il/he/publications/Pages/2019/פסולת-שנאספה-ברשויות-המקומיות-2014-2017.aspx,"CBS - Household and Commercial Waste Collected, by Type of Treatment and Local Authority"
,גן רווה,Gan Rawe,,5976.0,,2019,4886.23,2.088933682897607,36.60333426793254,63.39666573206746,,True,https://www.cbs.gov.il/he/publications/Pages/2019/פסולת-שנאספה-ברשויות-המקומיות-2014-2017.aspx,"CBS - Household and Commercial Waste Collected, by Type of Treatment and Local Authority"
229,גני תקווה,Ganne Tiqwa,,23650.0,,2019,11883.037,1.6417269233465952,39.86890724988906,60.13109275011094,,True,https://www.cbs.gov.il/he/publications/Pages/2019/פסולת-שנאספה-ברשויות-המקומיות-2014-2017.aspx,"CBS - Household and Commercial Waste Collected, by Type of Treatment and Local Authority"
494,דאלית אל-כרמל,Daliyat Al-Karmel,,17672.0,,2019,10893.96,1.7016714132914084,0.03488171427102725,99.96511828572898,,True,https://www.cbs.gov.il/he/publications/Pages/2019/פסולת-שנאספה-ברשויות-המקומיות-2014-2017.aspx,"CBS - Household and Commercial Waste Collected, by Type of Treatment and Local Authority"
489,דבורייה,Daburiyya,,10480.0,,2019,,,,,,False,https://www.cbs.gov.il/he/publications/Pages/2019/פסולת-שנאספה-ברשויות-המקומיות-2014-2017.aspx,"CBS - Household and Commercial Waste Collected, by Type of Treatment and Local Authority"
490,דייר אל-אסד,Deir Al-Asad,,12176.0,,2019,5620.313,1.2386371562739154,0.807481718544857,99.19251828145515,,True,https://www.cbs.gov.il/he/publications/Pages/2019/פסולת-שנאספה-ברשויות-המקומיות-2014-2017.aspx,"CBS - Household and Commercial Waste Collected, by Type of Treatment and Local Authority"
492,דייר חנא,Deir Hanna,,10283.0,,2019,4995.15,1.3288030358047795,1.961903045954576,98.03809695404543,,True,https://www.cbs.gov.il/he/publications/Pages/2019/פסולת-שנאספה-ברשויות-המקומיות-2014-2017.aspx,"CBS - Household and Commercial Waste Collected, by Type of Treatment and Local Authority"
2200,דימונה,Dimona,,37213.0,,2019,21728.59,1.7346946473852651,4.559522730190961,95.44047726980904,,True,https://www.cbs.gov.il/he/publications/Pages/2019/פסולת-שנאספה-ברשויות-המקומיות-2014-2017.aspx,"CBS - Household and Commercial Waste Collected, by Type of Treatment and Local Authority"
,דרום השרון,Derom HaSharon,,34313.0,,2019,26508.511,2.154117085399572,20.829200855529006,79.170799144471,,True,https://www.cbs.gov.il/he/publications/Pages/2019/פסולת-שנאספה-ברשויות-המקומיות-2014-2017.aspx,"CBS - Household and Commercial Waste Collected, by Type of Treatment and Local Authority"
,הגלבוע,HaGilbo'a,,32947.0,,2019,19946.179,1.7957401295836437,30.322243673838482,69.67775632616151,,True,https://www.cbs.gov.il/he/publications/Pages/2019/פסולת-שנאספה-ברשויות-המקומיות-2014-2017.aspx,"CBS - Household and Commercial Waste Collected, by Type of Treatment and Local Authority"
,הגליל העליון,HaGalil HaElyon,,19674.0,,2019,16221.845,2.411732741420887,31.16183763314222,68.83816236685777,,True,https://www.cbs.gov.il/he/publications/Pages/2019/פסולת-שנאספה-ברשויות-המקומיות-2014-2017.aspx,"CBS - Household and Commercial Waste Collected, by Type of Treatment and Local Authority"
,הגליל התחתון,HaGalil HaTahton,,12801.0,,2019,8889.971,1.9676914632013935,43.09970190003994,56.900298099960054,,True,https://www.cbs.gov.il/he/publications/Pages/2019/פסולת-שנאספה-ברשויות-המקומיות-2014-2017.aspx,"CBS - Household and Commercial Waste Collected, by Type of Treatment and Local Authority"
9700,הוד השרון,Hod HaSharon,,65020.0,,2019,42192.986,1.8421868034710474,30.299967212559924,69.70003278744007,,True,https://www.cbs.gov.il/he/publications/Pages/2019/פסולת-שנאספה-ברשויות-המקומיות-2014-2017.aspx,"CBS - Household and Commercial Waste Collected, by Type of Treatment and Local Authority"
,הערבה התיכונה,HaArava HaTikhona,,6089.0,,2019,3117.1800000000003,2.4533809761798886,8.315207976440245,91.68479202355975,,True,https://www.cbs.gov.il/he/publications/Pages/2019/פסולת-שנאספה-ברשויות-המקומיות-2014-2017.aspx,"CBS - Household and Commercial Waste Collected, by Type of Treatment and Local Authority"
3769,הר אדר,Har Adar,,4405.0,,2019,2059.365,1.3855834701402157,36.49037446008843,63.509625539911575,,True,https://www.cbs.gov.il/he/publications/Pages/2019/פסולת-שנאספה-ברשויות-המקומיות-2014-2017.aspx,"CBS - Household and Commercial Waste Collected, by Type of Treatment and Local Authority"
,הר חברון,Har Hevron,,10631.0,,2019,4855.251,1.467327509155212,2.4635389601896995,97.5364610398103,,True,https://www.cbs.gov.il/he/publications/Pages/2019/פסולת-שנאספה-ברשויות-המקומיות-2014-2017.aspx,"CBS - Household and Commercial Waste Collected, by Type of Treatment and Local Authority"
6400,הרצלייה,Herzliyya,,105273.0,,2019,92442.59013,2.629819224338858,19.65124528039877,80.34875471960123,,True,https://www.cbs.gov.il/he/publications/Pages/2019/פסולת-שנאספה-ברשויות-המקומיות-2014-2017.aspx,"CBS - Household and Commercial Waste Collected, by Type of Treatment and Local Authority"
,זבולון,Zevulun,,13401.0,,2019,10543.066333333334,2.134972707196063,32.75248608097853,67.24751391902147,,True,https://www.cbs.gov.il/he/publications/Pages/2019/פסולת-שנאספה-ברשויות-המקומיות-2014-2017.aspx,"CBS - Household and Commercial Waste Collected, by Type of Treatment and Local Authority"
9300,זכרון יעקב,Zikhron Ya'aqov,,23513.0,,2019,13830.689999999999,1.637488445360429,42.13795795437538,57.86204204562462,,True,https://www.cbs.gov.il/he/publications/Pages/2019/פסולת-שנאספה-ברשויות-המקומיות-2014-2017.aspx,"CBS - Household and Commercial Waste Collected, by Type of Treatment and Local Authority"
1290,זמר,Zemer,,7482.0,,2019,4552.37,1.7775595489692106,7.607718616896254,92.39228138310374,,True,https://www.cbs.gov.il/he/publications/Pages/2019/פסולת-שנאספה-ברשויות-המקומיות-2014-2017.aspx,"CBS - Household and Commercial Waste Collected, by Type of Treatment and Local Authority"
975,זרזיר,Zarzir,,8836.0,,2019,3293.19,1.1235213693000914,26.970809458306384,73.02919054169362,,True,https://www.cbs.gov.il/he/publications/Pages/2019/פסולת-שנאספה-ברשויות-המקומיות-2014-2017.aspx,"CBS - Household and Commercial Waste Collected, by Type of Treatment and Local Authority"
,חבל אילות,Hevel Elot,,4678.0,,2019,8848.15,5.594624244014556,17.007510044472575,82.99248995552743,,True,https://www.cbs.gov.il/he/publications/Pages/2019/פסולת-שנאספה-ברשויות-המקומיות-2014-2017.aspx,"CBS - Household and Commercial Waste Collected, by Type of Treatment and Local Authority"
,חבל יבנה,Hevel Yavne,,6388.0,,2019,4757.322999999999,1.8767115397891454,41.37237265579824,58.62762734420176,,True,https://www.cbs.gov.il/he/publications/Pages/2019/פסולת-שנאספה-ברשויות-המקומיות-2014-2017.aspx,"CBS - Household and Commercial Waste Collected, by Type of Treatment and Local Authority"
,חבל מודיעין,Hevel Modi'in,,23646.0,,2019,22036.059999999998,2.5403533324898553,32.621079267346346,67.37892073265365,,True,https://www.cbs.gov.il/he/publications/Pages/2019/פסולת-שנאספה-ברשויות-המקומיות-2014-2017.aspx,"CBS - Household and Commercial Waste Collected, by Type of Treatment and Local Authority"
6500,חדרה,Hadera,,103847.0,,2019,67578.4,1.9184356005125223,10.745238123424054,89.25476187657596,,True,https://www.cbs.gov.il/he/publications/Pages/2019/פסולת-שנאספה-ברשויות-המקומיות-2014-2017.aspx,"CBS - Household and Commercial Waste Collected, by Type of Treatment and Local Authority"
6600,חולון,Holon,,192655.0,,2019,131470.38199999998,1.8445178138662173,41.23558566978227,58.76441433021774,,True,https://www.cbs.gov.il/he/publications/Pages/2019/פסולת-שנאספה-ברשויות-המקומיות-2014-2017.aspx,"CBS - Household and Commercial Waste Collected, by Type of Treatment and Local Authority"
,חוף אשקלון,Hof Ashqelon,,20100.0,,2019,12915.66,1.9877187879459444,32.88256271843638,67.11743728156362,,True,https://www.cbs.gov.il/he/publications/Pages/2019/פסולת-שנאספה-ברשויות-המקומיות-2014-2017.aspx,"CBS - Household and Commercial Waste Collected, by Type of Treatment and Local Authority"
,חוף הכרמל,Hof HaKarmel,,34463.0,,2019,33273.759999999995,2.8067238196822566,27.943977476546088,72.0560225234539,,True,https://www.cbs.gov.il/he/publications/Pages/2019/פסולת-שנאספה-ברשויות-המקומיות-2014-2017.aspx,"CBS - Household and Commercial Waste Collected, by Type of Treatment and Local Authority"
,חוף השרון,Hof HaSharon,,12534.0,,2019,26719.492,5.086973188647572,32.837824910743066,67.16217508925693,,True,https://www.cbs.gov.il/he/publications/Pages/2019/פסולת-שנאספה-ברשויות-המקומיות-2014-2017.aspx,"CBS - Household and Commercial Waste Collected, by Type of Treatment and Local Authority"
1303,חורה,Hura,,20671.0,,2019,5147.05,0.6424962114687018,0.7728698963483938,99.2271301036516,,True,https://www.cbs.gov.il/he/publications/Pages/2019/פסולת-שנאספה-ברשויות-המקומיות-2014-2017.aspx,"CBS - Household and Commercial Waste Collected, by Type of Treatment and Local Authority"
496,חורפיש,Hurfeish,,6544.0,,2019,3854.5,1.6597680114110396,1.8679465559735375,98.13205344402647,,True,https://www.cbs.gov.il/he/publications/Pages/2019/פסולת-שנאספה-ברשויות-המקומיות-2014-2017.aspx,"CBS - Household and Commercial Waste Collected, by Type of Treatment and Local Authority"
4000,חיפה,Haifa,,289507.0,,2019,184470.22999999998,1.7765798775685953,26.918755400261606,73.0812445997384,,True,https://www.cbs.gov.il/he/publications/Pages/2019/פסולת-שנאספה-ברשויות-המקומיות-2014-2017.aspx,"CBS - Household and Commercial Waste Collected, by Type of Treatment and Local Authority"
2034,חצור הגלילית,Hazor HaGelilit,,10638.0,,2019,7968.511,2.3682309471499017,2.520809722167667,97.47919027783233,,True,https://www.cbs.gov.il/he/publications/Pages/2019/פסולת-שנאספה-ברשויות-המקומיות-2014-2017.aspx,"CBS - Household and Commercial Waste Collected, by Type of Treatment and Local Authority"
1247,חריש,Harish,,31733.0,,2019,4718.153,1.2428678020616766,3.9815368429128943,96.01846315708713,,True,https://www.cbs.gov.il/he/publications/Pages/2019/פסולת-שנאספה-ברשויות-המקומיות-2014-2017.aspx,"CBS - Household and Commercial Waste Collected, by Type of Treatment and Local Authority"
6700,טבריה,Tiberias,,48509.0,,2019,36574.435,2.2514701727148996,5.369009801518465,94.63099019848154,,True,https://www.cbs.gov.il/he/publications/Pages/2019/פסולת-שנאספה-ברשויות-המקומיות-2014-2017.aspx,"CBS - Household and Commercial Waste Collected, by Type of Treatment and Local Authority"
962,טובא-זנגרייה,Tuba-Zangariyye,,6935.0,,2019,3241.7699999999995,1.321366011133767,0.0,100.0,,True,https://www.cbs.gov.il/he/publications/Pages/2019/פסולת-שנאספה-ברשויות-המקומיות-2014-2017.aspx,"CBS - Household and Commercial Waste Collected, by Type of Treatment and Local Authority"
498,טורעאן,Tur'an,,14397.0,,2019,6896.65,1.3364642457808258,40.04952389928443,59.950476100715576,,True,https://www.cbs.gov.il/he/publications/Pages/2019/פסולת-שנאספה-ברשויות-המקומיות-2014-2017.aspx,"CBS - Household and Commercial Waste Collected, by Type of Treatment and Local Authority"
2730,טייבה,Tayibe,,45071.0,,2019,29897.051,1.8811443708359257,7.530040337423245,92.46995966257676,,True,https://www.cbs.gov.il/he/publications/Pages/2019/פסולת-שנאספה-ברשויות-המקומיות-2014-2017.aspx,"CBS - Household and Commercial Waste Collected, by Type of Treatment and Local Authority"
2720,טירה,Tire,,26567.0,,2019,18648.338600000003,1.9383985063127,4.8742604877412505,95.12573951225875,,True,https://www.cbs.gov.il/he/publications/Pages/2019/פסולת-שנאספה-ברשויות-המקומיות-2014-2017.aspx,"CBS - Household and Commercial Waste Collected, by Type of Treatment and Local Authority"
2100,טירת כרמל,Tirat Karmel,,29069.0,,2019,13578.990999999998,1.6417429036646654,17.06938313752473,82.93061686247528,,True,https://www.cbs.gov.il/he/publications/Pages/2019/פסולת-שנאספה-ברשויות-המקומיות-2014-2017.aspx,"CBS - Household and Commercial Waste Collected, by Type of Treatment and Local Authority"
8900,טמרה,Tamra,,35349.0,,2019,,,,,,False,https://www.cbs.gov.il/he/publications/Pages/2019/פסולת-שנאספה-ברשויות-המקומיות-2014-2017.aspx,"CBS - Household and Commercial Waste Collected, by Type of Treatment and Local Authority"
1295,יאנוח-ג'ת,Yanuh-Jat,,6759.0,,2019,4127.821,1.701511867921009,0.6255358456677264,99.37446415433227,,True,https://www.cbs.gov.il/he/publications/Pages/2019/פסולת-שנאספה-ברשויות-המקומיות-2014-2017.aspx,"CBS - Household and Commercial Waste Collected, by Type of Treatment and Local Authority"
46,יבנאל,Yavne'el,,4557.0,,2019,2051.0,1.3164292098375965,2.04778156996587,97.95221843003414,,True,https://www.cbs.gov.il/he/publications/Pages/2019/פסולת-שנאספה-ברשויות-המקומיות-2014-2017.aspx,"CBS - Household and Commercial Waste Collected, by Type of Treatment and Local Authority"
2660,יבנה,Yavne,,54981.0,,2019,33869.204999999994,1.9682329508060963,7.073562842706227,92.92643715729378,,True,https://www.cbs.gov.il/he/publications/Pages/2019/פסולת-שנאספה-ברשויות-המקומיות-2014-2017.aspx,"CBS - Household and Commercial Waste Collected, by Type of Treatment and Local Authority"
9400,יהוד-מונוסון,Yehud,,30977.0,,2019,19033.62,1.7423828160311756,42.254810172736455,57.74518982726355,,True,https://www.cbs.gov.il/he/publications/Pages/2019/פסולת-שנאספה-ברשויות-המקומיות-2014-2017.aspx,"CBS - Household and Commercial Waste Collected, by Type of Treatment and Local Authority"
,יואב,Yo'av,,9133.0,,2019,5927.9400000000005,1.8112899689789013,42.35586055189492,57.64413944810508,,True,https://www.cbs.gov.il/he/publications/Pages/2019/פסולת-שנאספה-ברשויות-המקומיות-2014-2017.aspx,"CBS - Household and Commercial Waste Collected, by Type of Treatment and Local Authority"
29,יסוד המעלה,Yesud HaMa'ala,,1969.0,,2019,2064.86,3.2804585009750693,50.74339180380267,49.25660819619733,,True,https://www.cbs.gov.il/he/publications/Pages/2019/פסולת-שנאספה-ברשויות-המקומיות-2014-2017.aspx,"CBS - Household and Commercial Waste Collected, by Type of Treatment and Local Authority"
499,יפיע,Yafi,,18113.0,,2019,,,,,,False,https://www.cbs.gov.il/he/publications/Pages/2019/פסולת-שנאספה-ברשויות-המקומיות-2014-2017.aspx,"CBS - Household and Commercial Waste Collected, by Type of Treatment and Local Authority"
240,יקנעם עילית,Yoqne'am Illit,,23729.0,,2019,12846.499000000002,1.4942954410696023,17.26248918090446,82.73751081909553,,True,https://www.cbs.gov.il/he/publications/Pages/2019/פסולת-שנאספה-ברשויות-המקומיות-2014-2017.aspx,"CBS - Household and Commercial Waste Collected, by Type of Treatment and Local Authority"
831,ירוחם,Yeroham,,11403.0,,2019,5438.867,1.4703246809859445,3.316260537350886,96.68373946264911,,True,https://www.cbs.gov.il/he/publications/Pages/2019/פסולת-שנאספה-ברשויות-המקומיות-2014-2017.aspx,"CBS - Household and Commercial Waste Collected, by Type of Treatment and Local Authority"
3000,ירושלים,Jerusalem,,1005919.0,,2019,531176.057,1.5683020443784381,39.933755334909605,60.066244665090395,,True,https://www.cbs.gov.il/he/publications/Pages/2019/פסולת-שנאספה-ברשויות-המקומיות-2014-2017.aspx,"CBS - Household and Commercial Waste Collected, by Type of Treatment and Local Authority"
502,ירכא,Yirka,,16194.0,,2019,17302.549999999996,2.7743684531848216,0.8838581596354298,99.11614184036456,,True,https://www.cbs.gov.il/he/publications/Pages/2019/פסולת-שנאספה-ברשויות-המקומיות-2014-2017.aspx,"CBS - Household and Commercial Waste Collected, by Type of Treatment and Local Authority"
504,כאבול,Kabul,,11993.0,,2019,6140.41,1.2038384983999721,0.0,100.0,,True,https://www.cbs.gov.il/he/publications/Pages/2019/פסולת-שנאספה-ברשויות-המקומיות-2014-2017.aspx,"CBS - Household and Commercial Waste Collected, by Type of Treatment and Local Authority"
505,כאוכב אבו אל-היג'א,Kaokab Abu Al-Hija,,3984.0,,2019,1616.6299999999999,1.2450100597810911,4.086649387924263,95.91335061207573,,True,https://www.cbs.gov.il/he/publications/Pages/2019/פסולת-שנאספה-ברשויות-המקומיות-2014-2017.aspx,"CBS - Household and Commercial Waste Collected, by Type of Treatment and Local Authority"
1224,כוכב יאיר,Kokhav Ya'ir,,9176.0,,2019,6883.894,2.1586338058422614,21.752717284722863,78.24728271527714,,True,https://www.cbs.gov.il/he/publications/Pages/2019/פסולת-שנאספה-ברשויות-המקומיות-2014-2017.aspx,"CBS - Household and Commercial Waste Collected, by Type of Treatment and Local Authority"
1059,כסיפה,Kuseife,,18867.0,,2019,6051.26,0.7720942843426682,1.9946259126198511,98.00537408738015,,True,https://www.cbs.gov.il/he/publications/Pages/2019/פסולת-שנאספה-ברשויות-המקומיות-2014-2017.aspx,"CBS - Household and Commercial Waste Collected, by Type of Treatment and Local Authority"
1296,כסרא-סמיע,Kisra-Sumei,,8930.0,,2019,4607.299,1.4453239807982332,1.3955899107047316,98.60441008929527,,True,https://www.cbs.gov.il/he/publications/Pages/2019/פסולת-שנאספה-ברשויות-המקומיות-2014-2017.aspx,"CBS - Household and Commercial Waste Collected, by Type of Treatment and Local Authority"
978,כעביה-טבאש-חג'אג'רה,Ka'abiyye-Tabbash-Hajajre,,6170.0,,2019,2248.6800000000003,1.12906938940487,0.7964672607929985,99.203532739207,,True,https://www.cbs.gov.il/he/publications/Pages/2019/פסולת-שנאספה-ברשויות-המקומיות-2014-2017.aspx,"CBS - Household and Commercial Waste Collected, by Type of Treatment and Local Authority"
633,כפר ברא,Kafar Bara,,3710.0,,2019,1627.4953,1.2263177208131772,9.961644743305863,90.03835525669413,,True,https://www.cbs.gov.il/he/publications/Pages/2019/פסולת-שנאספה-ברשויות-המקומיות-2014-2017.aspx,"CBS - Household and Commercial Waste Collected, by Type of Treatment and Local Authority"
1263,כפר ורדים,Kefar Weradim,,5656.0,,2019,3572.709,1.7692261790540331,38.391287955442216,61.60871204455779,,True,https://www.cbs.gov.il/he/publications/Pages/2019/פסולת-שנאספה-ברשויות-המקומיות-2014-2017.aspx,"CBS - Household and Commercial Waste Collected, by Type of Treatment and Local Authority"
507,כפר יאסיף,Kafar Yasif,,10574.0,,2019,,,,,,False,https://www.cbs.gov.il/he/publications/Pages/2019/פסולת-שנאספה-ברשויות-המקומיות-2014-2017.aspx,"CBS - Household and Commercial Waste Collected, by Type of Treatment and Local Authority"
168,כפר יונה,Kefar Yona,,28135.0,,2019,13445.699999999999,1.54006288787706,12.689893423176182,87.31010657682381,,True,https://www.cbs.gov.il/he/publications/Pages/2019/פסולת-שנאספה-ברשויות-המקומיות-2014-2017.aspx,"CBS - Household and Commercial Waste Collected, by Type of Treatment and Local Authority"
508,כפר כמא,Kafar Kama,,3412.0,,2019,2120.08,1.7325692337552225,14.982712916493716,85.01728708350628,,True,https://www.cbs.gov.il/he/publications/Pages/2019/פסולת-שנאספה-ברשויות-המקומיות-2014-2017.aspx,"CBS - Household and Commercial Waste Collected, by Type of Treatment and Local Authority"
509,כפר כנא,Kafar Kanna,,24262.0,,2019,11339.34,1.3761543712738362,38.17928292122822,61.82071707877177,,True,https://www.cbs.gov.il/he/publications/Pages/2019/פסולת-שנאספה-ברשויות-המקומיות-2014-2017.aspx,"CBS - Household and Commercial Waste Collected, by Type of Treatment and Local Authority"
510,כפר מנדא,Kafar Manda,,21041.0,,2019,9203.460000000001,1.259771622198276,7.108739539260234,92.89126046073977,,True,https://www.cbs.gov.il/he/publications/Pages/2019/פסולת-שנאספה-ברשויות-המקומיות-2014-2017.aspx,"CBS - Household and Commercial Waste Collected, by Type of Treatment and Local Authority"
6900,כפר סבא,Kefar Sava,,100262.0,,2019,66111.3,1.7915967607180012,40.61023153379225,59.38976846620775,,True,https://www.cbs.gov.il/he/publications/Pages/2019/פסולת-שנאספה-ברשויות-המקומיות-2014-2017.aspx,"CBS - Household and Commercial Waste Collected, by Type of Treatment and Local Authority"
634,כפר קאסם,Kafar Qasem,,26389.0,,2019,12600.1218,1.4669449333405127,7.779066072202571,92.22093392779743,,True,https://www.cbs.gov.il/he/publications/Pages/2019/פסולת-שנאספה-ברשויות-המקומיות-2014-2017.aspx,"CBS - Household and Commercial Waste Collected, by Type of Treatment and Local Authority"
654,כפר קרע,Kafar Qara,,19890.0,,2019,14098.662,2.04953021690376,17.34676666480833,82.65323333519167,,True,https://www.cbs.gov.il/he/publications/Pages/2019/פסולת-שנאספה-ברשויות-המקומיות-2014-2017.aspx,"CBS - Household and Commercial Waste Collected, by Type of Treatment and Local Authority"
267,כפר שמריהו,Kefar Shemaryahu,,2077.0,,2019,3815.3849999999998,5.461394769613947,34.26823243263786,65.73176756736214,,True,https://www.cbs.gov.il/he/publications/Pages/2019/פסולת-שנאספה-ברשויות-המקומיות-2014-2017.aspx,"CBS - Household and Commercial Waste Collected, by Type of Treatment and Local Authority"
47,כפר תבור,Kefar Tavor,,4363.0,,2019,3746.6189999999997,2.394659883131015,43.623037197003484,56.37696280299651,,True,https://www.cbs.gov.il/he/publications/Pages/2019/פסולת-שנאספה-ברשויות-המקומיות-2014-2017.aspx,"CBS - Household and Commercial Waste Collected, by Type of Treatment and Local Authority"
1139,כרמיאל,Karmi'el,,47450.0,,2019,25005.815,1.4832658307738118,14.635390608144547,85.36460939185545,,True,https://www.cbs.gov.il/he/publications/Pages/2019/פסולת-שנאספה-ברשויות-המקומיות-2014-2017.aspx,"CBS - Household and Commercial Waste Collected, by Type of Treatment and Local Authority"
,לב השרון,Lev HaSharon,,23813.0,,2019,,,,,,False,https://www.cbs.gov.il/he/publications/Pages/2019/פסולת-שנאספה-ברשויות-המקומיות-2014-2017.aspx,"CBS - Household and Commercial Waste Collected, by Type of Treatment and Local Authority"
1271,להבים,Lehavim,,7686.0,,2019,3867.23,1.660031442997494,31.876951306232108,68.12304869376788,,True,https://www.cbs.gov.il/he/publications/Pages/2019/פסולת-שנאספה-ברשויות-המקומיות-2014-2017.aspx,"CBS - Household and Commercial Waste Collected, by Type of Treatment and Local Authority"
7000,לוד,Lod,,87430.0,,2019,52522.647,1.8816424169324235,2.648166228179627,97.35183377182037,,True,https://www.cbs.gov.il/he/publications/Pages/2019/פסולת-שנאספה-ברשויות-המקומיות-2014-2017.aspx,"CBS - Household and Commercial Waste Collected, by Type of Treatment and Local Authority"
24,לכיש,Lakhish,,1170.0,,2019,6776.666,1.4980601298404876,3.327653155696326,96.67234684430368,,True,https://www.cbs.gov.il/he/publications/Pages/2019/פסולת-שנאספה-ברשויות-המקומיות-2014-2017.aspx,"CBS - Household and Commercial Waste Collected, by Type of Treatment and Local Authority"
1060,לקיה,Laqye,,17074.0,,2019,2451.41,0.48900154944278407,6.0160184546852635,93.98398154531475,,True,https://www.cbs.gov.il/he/publications/Pages/2019/פסולת-שנאספה-ברשויות-המקומיות-2014-2017.aspx,"CBS - Household and Commercial Waste Collected, by Type of Treatment and Local Authority"
,מבואות החרמון,Mevo'ot HaHermon,,8021.0,,2019,6357.8169,2.387264638985289,22.748586861631704,77.25141313836829,,True,https://www.cbs.gov.il/he/publications/Pages/2019/פסולת-שנאספה-ברשויות-המקומיות-2014-2017.aspx,"CBS - Household and Commercial Waste Collected, by Type of Treatment and Local Authority"
1015,מבשרת ציון,Mevasseret Ziyyon,,25476.0,,2019,12406.502999999999,1.415854508188536,15.59787637177052,84.40212362822949,,True,https://www.cbs.gov.il/he/publications/Pages/2019/פסולת-שנאספה-ברשויות-המקומיות-2014-2017.aspx,"CBS - Household and Commercial Waste Collected, by Type of Treatment and Local Authority"
516,מג'ד אל-כרום,Majd Al-Kurum,,14852.0,,2019,8214.09,1.463840775645335,1.2087766265039708,98.79122337349602,,True,https://www.cbs.gov.il/he/publications/Pages/2019/פסולת-שנאספה-ברשויות-המקומיות-2014-2017.aspx,"CBS - Household and Commercial Waste Collected, by Type of Treatment and Local Authority"
4201,מג'דל שמס,Majdal Shams,,11103.0,,2019,5821.124,1.4351662480546095,3.4780911727700694,96.52190882722994,,True,https://www.cbs.gov.il/he/publications/Pages/2019/פסולת-שנאספה-ברשויות-המקומיות-2014-2017.aspx,"CBS - Household and Commercial Waste Collected, by Type of Treatment and Local Authority"
481,מגאר,Mughar,,22564.0,,2019,11987.213,1.4414993395099325,0.6766627071697149,99.32333729283029,,True,https://www.cbs.gov.il/he/publications/Pages/2019/פסולת-שנאספה-ברשויות-המקומיות-2014-2017.aspx,"CBS - Household and Commercial Waste Collected, by Type of Treatment and Local Authority"
65,מגדל,Migdal,,2045.0,,2019,2681.492,3.774237567252779,10.161954613327207,89.83804538667279,,True,https://www.cbs.gov.il/he/publications/Pages/2019/פסולת-שנאספה-ברשויות-המקומיות-2014-2017.aspx,"CBS - Household and Commercial Waste Collected, by Type of Treatment and Local Authority"
874,מגדל העמק,Migdal HaEmeq,,27045.0,,2019,20008.57,2.1366958352010292,1.8311153670652125,98.16888463293478,,True,https://www.cbs.gov.il/he/publications/Pages/2019/פסולת-שנאספה-ברשויות-המקומיות-2014-2017.aspx,"CBS - Household and Commercial Waste Collected, by Type of Treatment and Local Authority"
586,מגידו,Megiddo,,953.0,,2019,10588.196,2.4633794297200713,42.645786874364624,57.354213125635376,,True,https://www.cbs.gov.il/he/publications/Pages/2019/פסולת-שנאספה-ברשויות-המקומיות-2014-2017.aspx,"CBS - Household and Commercial Waste Collected, by Type of Treatment and Local Authority"
,מגילות ים המלח,Megilot,,2243.0,,2019,2231.2000000000003,3.4950695896676773,2.6245966296163497,97.37540337038365,,True,https://www.cbs.gov.il/he/publications/Pages/2019/פסולת-שנאספה-ברשויות-המקומיות-2014-2017.aspx,"CBS - Household and Commercial Waste Collected, by Type of Treatment and Local Authority"
3797,מודיעין עילית,Modi'in Illit,,83133.0,,2019,24906.019999999997,0.9131327529925823,36.501017223948274,63.498982776051726,,True,https://www.cbs.gov.il/he/publications/Pages/2019/פסולת-שנאספה-ברשויות-המקומיות-2014-2017.aspx,"CBS - Household and Commercial Waste Collected, by Type of Treatment and Local Authority"
1200,מודיעין-מכבים-רעות,Modi'in-Makkabbim-Re'ut,,92307.0,,2019,46617.075,1.3756565081200771,40.84899149077887,59.15100850922113,,True,https://www.cbs.gov.il/he/publications/Pages/2019/פסולת-שנאספה-ברשויות-המקומיות-2014-2017.aspx,"CBS - Household and Commercial Waste Collected, by Type of Treatment and Local Authority"
28,מזכרת בתיה,Mazkeret Batya,,15858.0,,2019,9302.889,1.7269618947242382,28.95011700128853,71.04988299871147,,True,https://www.cbs.gov.il/he/publications/Pages/2019/פסולת-שנאספה-ברשויות-המקומיות-2014-2017.aspx,"CBS - Household and Commercial Waste Collected, by Type of Treatment and Local Authority"
517,מזרעה,Mazra'a,,3772.0,,2019,2261.265,1.5911767241151833,0.6467618788598418,99.35323812114015,,True,https://www.cbs.gov.il/he/publications/Pages/2019/פסולת-שנאספה-ברשויות-המקומיות-2014-2017.aspx,"CBS - Household and Commercial Waste Collected, by Type of Treatment and Local Authority"
,מטה אשר,Matte Asher,,30980.0,,2019,20680.34533333333,1.9215057862173128,30.285351779103113,69.71464822089688,,True,https://www.cbs.gov.il/he/publications/Pages/2019/פסולת-שנאספה-ברשויות-המקומיות-2014-2017.aspx,"CBS - Household and Commercial Waste Collected, by Type of Treatment and Local Authority"
,מטה בנימין,Mate Binyamin,,76014.0,,2019,36428.194,1.4632194351524266,4.711471559638668,95.28852844036132,,True,https://www.cbs.gov.il/he/publications/Pages/2019/פסולת-שנאספה-ברשויות-המקומיות-2014-2017.aspx,"CBS - Household and Commercial Waste Collected, by Type of Treatment and Local Authority"
,מטה יהודה,Matte Yehuda,,59780.0,,2019,36103.681,1.6602748463425137,14.203149811787888,85.79685018821212,,True,https://www.cbs.gov.il/he/publications/Pages/2019/פסולת-שנאספה-ברשויות-המקומיות-2014-2017.aspx,"CBS - Household and Commercial Waste Collected, by Type of Treatment and Local Authority"
43,מטולה,Metula,,1873.0,,2019,1077.518,1.8370280706839084,9.197804584238964,90.80219541576105,,True,https://www.cbs.gov.il/he/publications/Pages/2019/פסולת-שנאספה-ברשויות-המקומיות-2014-2017.aspx,"CBS - Household and Commercial Waste Collected, by Type of Treatment and Local Authority"
1268,מיתר,Metar,,11207.0,,2019,5210.614,1.5989756714292729,11.271078609929656,88.72892139007034,,True,https://www.cbs.gov.il/he/publications/Pages/2019/פסולת-שנאספה-ברשויות-המקומיות-2014-2017.aspx,"CBS - Household and Commercial Waste Collected, by Type of Treatment and Local Authority"
,מנשה,Menashe,,21263.0,,2019,13041.343666666666,1.7393490738876003,46.30154546191827,53.698454538081734,,True,https://www.cbs.gov.il/he/publications/Pages/2019/פסולת-שנאספה-ברשויות-המקומיות-2014-2017.aspx,"CBS - Household and Commercial Waste Collected, by Type of Treatment and Local Authority"
4203,מסעדה,Mas'ade,,4091.0,,2019,2104.16,1.565676783761059,1.1073302410463084,98.89266975895369,,True,https://www.cbs.gov.il/he/publications/Pages/2019/פסולת-שנאספה-ברשויות-המקומיות-2014-2017.aspx,"CBS - Household and Commercial Waste Collected, by Type of Treatment and Local Authority"
518,מעיליא,Mi'elya,,3269.0,,2019,2023.8569999999997,1.7066216370052743,1.9357592952466505,98.06424070475336,,True,https://www.cbs.gov.il/he/publications/Pages/2019/פסולת-שנאספה-ברשויות-המקומיות-2014-2017.aspx,"CBS - Household and Commercial Waste Collected, by Type of Treatment and Local Authority"
3616,מעלה אדומים,Ma'ale Adummim,,36664.0,,2019,27035.352,1.9403116659047144,26.414348146826423,73.58565185317359,,True,https://www.cbs.gov.il/he/publications/Pages/2019/פסולת-שנאספה-ברשויות-המקומיות-2014-2017.aspx,"CBS - Household and Commercial Waste Collected, by Type of Treatment and Local Authority"
3608,מעלה אפרים,Ma'ale Efrayim,,1635.0,,2019,527.58,1.1558773750773663,0.9477235679896887,99.05227643201032,,True,https://www.cbs.gov.il/he/publications/Pages/2019/פסולת-שנאספה-ברשויות-המקומיות-2014-2017.aspx,"CBS - Household and Commercial Waste Collected, by Type of Treatment and Local Authority"
,מעלה יוסף,Ma'ale Yosef,,11929.0,,2019,8191.548,2.0921597147640507,11.009982484385125,88.99001751561487,,True,https://www.cbs.gov.il/he/publications/Pages/2019/פסולת-שנאספה-ברשויות-המקומיות-2014-2017.aspx,"CBS - Household and Commercial Waste Collected, by Type of Treatment and Local Authority"
1327,מעלה עירון,Ma'ale Iron,,14865.0,,2019,7160.0,1.3122241190825061,5.588797486033519,94.41120251396647,,True,https://www.cbs.gov.il/he/publications/Pages/2019/פסולת-שנאספה-ברשויות-המקומיות-2014-2017.aspx,"CBS - Household and Commercial Waste Collected, by Type of Treatment and Local Authority"
1063,מעלות-תרשיחא,Ma'alot-Tarshiha,,22720.0,,2019,12228.456999999999,1.5489318716478984,1.301202596533643,98.69879740346636,,True,https://www.cbs.gov.il/he/publications/Pages/2019/פסולת-שנאספה-ברשויות-המקומיות-2014-2017.aspx,"CBS - Household and Commercial Waste Collected, by Type of Treatment and Local Authority"
99,מצפה רמון,Mizpe Ramon,,5385.0,,2019,4257.001,2.2362221145347836,5.3749341379060045,94.62506586209399,,True,https://www.cbs.gov.il/he/publications/Pages/2019/פסולת-שנאספה-ברשויות-המקומיות-2014-2017.aspx,"CBS - Household and Commercial Waste Collected, by Type of Treatment and Local Authority"
,מרום הגליל,Merom HaGalil,,15541.0,,2019,12189.505000000001,2.1636478205111143,5.415273220692718,94.58472677930729,,True,https://www.cbs.gov.il/he/publications/Pages/2019/פסולת-שנאספה-ברשויות-המקומיות-2014-2017.aspx,"CBS - Household and Commercial Waste Collected, by Type of Treatment and Local Authority"
,מרחבים,Merhavim,,14544.0,,2019,7394.68,1.4436453671766825,3.7669907825625986,96.2330092174374,,True,https://www.cbs.gov.il/he/publications/Pages/2019/פסולת-שנאספה-ברשויות-המקומיות-2014-2017.aspx,"CBS - Household and Commercial Waste Collected, by Type of Treatment and Local Authority"
,משגב,Misgav,,29181.0,,2019,16042.979599999999,1.5259202127140996,52.60435910546193,47.39564089453807,,True,https://www.cbs.gov.il/he/publications/Pages/2019/פסולת-שנאספה-ברשויות-המקומיות-2014-2017.aspx,"CBS - Household and Commercial Waste Collected, by Type of Treatment and Local Authority"
520,משהד,Meshhed,,8499.0,,2019,4059.5,1.3406361871045296,0.0,100.0,,True,https://www.cbs.gov.il/he/publications/Pages/2019/פסולת-שנאספה-ברשויות-המקומיות-2014-2017.aspx,"CBS - Household and Commercial Waste Collected, by Type of Treatment and Local Authority"
9100,נהרייה,Nahariyya,,63318.0,,2019,40380.54,1.9244297320894128,5.4374458588220955,94.56255414117791,,True,https://www.cbs.gov.il/he/publications/Pages/2019/פסולת-שנאספה-ברשויות-המקומיות-2014-2017.aspx,"CBS - Household and Commercial Waste Collected, by Type of Treatment and Local Authority"
,נווה מדבר,Neve Midbar,,13096.0,,2019,1880.4,0.43048095441134804,0.0,100.0,,True,https://www.cbs.gov.il/he/publications/Pages/2019/פסולת-שנאספה-ברשויות-המקומיות-2014-2017.aspx,"CBS - Household and Commercial Waste Collected, by Type of Treatment and Local Authority"
1061,נוף הגליל,Nazerat Illit,,43479.0,,2019,24864.474000000002,1.6434108916527141,39.8740548462839,60.125945153716096,,True,https://www.cbs.gov.il/he/publications/Pages/2019/פסולת-שנאספה-ברשויות-המקומיות-2014-2017.aspx,"CBS - Household and Commercial Waste Collected, by Type of Treatment and Local Authority"
,נחל שורק,Nahal Soreq,,10204.0,,2019,5429.683,1.541618097892786,16.827556967874553,83.17244303212546,,True,https://www.cbs.gov.il/he/publications/Pages/2019/פסולת-שנאספה-ברשויות-המקומיות-2014-2017.aspx,"CBS - Household and Commercial Waste Collected, by Type of Treatment and Local Authority"
522,נחף,Nahef,,13446.0,,2019,8344.938,1.7615258367837612,0.8686463578279432,99.13135364217206,,True,https://www.cbs.gov.il/he/publications/Pages/2019/פסולת-שנאספה-ברשויות-המקומיות-2014-2017.aspx,"CBS - Household and Commercial Waste Collected, by Type of Treatment and Local Authority"
7200,נס ציונה,Nes Ziyyona,,47620.0,,2019,26916.679,1.4666148130026104,15.252157964955485,84.74784203504451,,True,https://www.cbs.gov.il/he/publications/Pages/2019/פסולת-שנאספה-ברשויות-המקומיות-2014-2017.aspx,"CBS - Household and Commercial Waste Collected, by Type of Treatment and Local Authority"
7300,נצרת,Nazareth,,77295.0,,2019,,,,,,False,https://www.cbs.gov.il/he/publications/Pages/2019/פסולת-שנאספה-ברשויות-המקומיות-2014-2017.aspx,"CBS - Household and Commercial Waste Collected, by Type of Treatment and Local Authority"
2500,נשר,Nesher,,22911.0,,2019,,,,,,False,https://www.cbs.gov.il/he/publications/Pages/2019/פסולת-שנאספה-ברשויות-המקומיות-2014-2017.aspx,"CBS - Household and Commercial Waste Collected, by Type of Treatment and Local Authority"
246,נתיבות,Netivot,,45024.0,,2019,20426.965,1.5296431107439323,3.5750363796090117,96.42496362039098,,True,https://www.cbs.gov.il/he/publications/Pages/2019/פסולת-שנאספה-ברשויות-המקומיות-2014-2017.aspx,"CBS - Household and Commercial Waste Collected, by Type of Treatment and Local Authority"
7400,נתניה,Netanya,,223920.0,,2019,134592.52000000002,1.6814865166895565,13.029461072576693,86.97053892742332,,True,https://www.cbs.gov.il/he/publications/Pages/2019/פסולת-שנאספה-ברשויות-המקומיות-2014-2017.aspx,"CBS - Household and Commercial Waste Collected, by Type of Treatment and Local Authority"
525,סאג'ור,Sajur,,4155.0,,2019,1640.95,1.0604442563173804,0.0,100.0,,True,https://www.cbs.gov.il/he/publications/Pages/2019/פסולת-שנאספה-ברשויות-המקומיות-2014-2017.aspx,"CBS - Household and Commercial Waste Collected, by Type of Treatment and Local Authority"
587,סביון,Savyon,,4494.0,,2019,7337.73,5.022703276205796,49.91915210834959,50.080847891650414,,True,https://www.cbs.gov.il/he/publications/Pages/2019/פסולת-שנאספה-ברשויות-המקומיות-2014-2017.aspx,"CBS - Household and Commercial Waste Collected, by Type of Treatment and Local Authority"
7500,סח'נין,Sakhnin,,32355.0,,2019,17743.568,1.5492053624555642,1.2599946076234496,98.74000539237655,,True,https://www.cbs.gov.il/he/publications/Pages/2019/פסולת-שנאספה-ברשויות-המקומיות-2014-2017.aspx,"CBS - Household and Commercial Waste Collected, by Type of Treatment and Local Authority"
4501,ע'ג'ר,Ghajar,,2629.0,,2019,1110.3400000000001,1.1553465238360328,0.6007168975268835,99.3992831024731,,True,https://www.cbs.gov.il/he/publications/Pages/2019/פסולת-שנאספה-ברשויות-המקומיות-2014-2017.aspx,"CBS - Household and Commercial Waste Collected, by Type of Treatment and Local Authority"
666,עומר,Omer,,8250.0,,2019,5280.525,1.9141560969597669,27.346371279370903,72.65362872062909,,True,https://www.cbs.gov.il/he/publications/Pages/2019/פסולת-שנאספה-ברשויות-המקומיות-2014-2017.aspx,"CBS - Household and Commercial Waste Collected, by Type of Treatment and Local Authority"
530,עיילבון,Eilabun,,5777.0,,2019,,,,,,False,https://www.cbs.gov.il/he/publications/Pages/2019/פסולת-שנאספה-ברשויות-המקומיות-2014-2017.aspx,"CBS - Household and Commercial Waste Collected, by Type of Treatment and Local Authority"
511,עילוט,Ilut,,8561.0,,2019,4023.189,1.332177376896103,1.1279360726031018,98.87206392739691,,True,https://www.cbs.gov.il/he/publications/Pages/2019/פסולת-שנאספה-ברשויות-המקומיות-2014-2017.aspx,"CBS - Household and Commercial Waste Collected, by Type of Treatment and Local Authority"
532,עין מאהל,Ein Mahel,,13485.0,,2019,5431.0,1.124462652922314,0.0,100.0,,True,https://www.cbs.gov.il/he/publications/Pages/2019/פסולת-שנאספה-ברשויות-המקומיות-2014-2017.aspx,"CBS - Household and Commercial Waste Collected, by Type of Treatment and Local Authority"
4502,עין קנייא,Ein Qiniyye,,2361.0,,2019,815.39,1.07375400407568,3.890162989489692,96.1098370105103,,True,https://www.cbs.gov.il/he/publications/Pages/2019/פסולת-שנאספה-ברשויות-המקומיות-2014-2017.aspx,"CBS - Household and Commercial Waste Collected, by Type of Treatment and Local Authority"
7600,עכו,Akko,,50555.0,,2019,32140.11,1.7913943970625468,1.639633467340342,98.36036653265965,,True,https://www.cbs.gov.il/he/publications/Pages/2019/פסולת-שנאספה-ברשויות-המקומיות-2014-2017.aspx,"CBS - Household and Commercial Waste Collected, by Type of Treatment and Local Authority"
3660,עמנואל,Immanu'el,,4860.0,,2019,10.399999999999999,0.007499184283440322,100.0,0.0,,True,https://www.cbs.gov.il/he/publications/Pages/2019/פסולת-שנאספה-ברשויות-המקומיות-2014-2017.aspx,"CBS - Household and Commercial Waste Collected, by Type of Treatment and Local Authority"
,עמק הירדן,Emeq HaYarden,,15138.0,,2019,13474.445,2.6762568994659186,29.295160164296192,70.70483983570381,,True,https://www.cbs.gov.il/he/publications/Pages/2019/פסולת-שנאספה-ברשויות-המקומיות-2014-2017.aspx,"CBS - Household and Commercial Waste Collected, by Type of Treatment and Local Authority"
,עמק המעיינות,Emeq HaMa'ayanot,,15012.0,,2019,10303.333999999999,2.080736544338416,16.64618889380855,83.35381110619144,,True,https://www.cbs.gov.il/he/publications/Pages/2019/פסולת-שנאספה-ברשויות-המקומיות-2014-2017.aspx,"CBS - Household and Commercial Waste Collected, by Type of Treatment and Local Authority"
,עמק חפר,Emeq Hefer,,41826.0,,2019,28332.3182,1.8297767570845576,40.66379714738627,59.33620285261374,,True,https://www.cbs.gov.il/he/publications/Pages/2019/פסולת-שנאספה-ברשויות-המקומיות-2014-2017.aspx,"CBS - Household and Commercial Waste Collected, by Type of Treatment and Local Authority"
,עמק יזרעאל,Emeq Yizre'el,,40514.0,,2019,,,,,,False,https://www.cbs.gov.il/he/publications/Pages/2019/פסולת-שנאספה-ברשויות-המקומיות-2014-2017.aspx,"CBS - Household and Commercial Waste Collected, by Type of Treatment and Local Authority"
534,עספיא,Isifya,,13060.0,,2019,,,,,,False,https://www.cbs.gov.il/he/publications/Pages/2019/פסולת-שנאספה-ברשויות-המקומיות-2014-2017.aspx,"CBS - Household and Commercial Waste Collected, by Type of Treatment and Local Authority"
7700,עפולה,Afula,,60828.0,,2019,34773.793000000005,1.7977802136757277,34.51099798057692,65.48900201942308,,True,https://www.cbs.gov.il/he/publications/Pages/2019/פסולת-שנאספה-ברשויות-המקומיות-2014-2017.aspx,"CBS - Household and Commercial Waste Collected, by Type of Treatment and Local Authority"
531,עראבה,Arrabe,,26119.0,,2019,12320.229000000001,1.3184661558062,17.433839906709526,82.56616009329046,,True,https://www.cbs.gov.il/he/publications/Pages/2019/פסולת-שנאספה-ברשויות-המקומיות-2014-2017.aspx,"CBS - Household and Commercial Waste Collected, by Type of Treatment and Local Authority"
,ערבות הירדן,Arvot Hayarden,,6294.0,,2019,2072.677,1.0680020920232598,1.2354554038086976,98.7645445961913,,True,https://www.cbs.gov.il/he/publications/Pages/2019/פסולת-שנאספה-ברשויות-המקומיות-2014-2017.aspx,"CBS - Household and Commercial Waste Collected, by Type of Treatment and Local Authority"
2560,ערד,Arad,,27586.0,,2019,13554.726,1.3959154102444549,6.733046466597702,93.2669535334023,,True,https://www.cbs.gov.il/he/publications/Pages/2019/פסולת-שנאספה-ברשויות-המקומיות-2014-2017.aspx,"CBS - Household and Commercial Waste Collected, by Type of Treatment and Local Authority"
637,ערערה,Ar'ara,,19919.0,,2019,,,,,,False,https://www.cbs.gov.il/he/publications/Pages/2019/פסולת-שנאספה-ברשויות-המקומיות-2014-2017.aspx,"CBS - Household and Commercial Waste Collected, by Type of Treatment and Local Authority"
1192,ערערה-בנגב,Ar'ara-BaNegev,,19543.0,,2019,4022.87,0.6127855912284896,0.0,100.0,,True,https://www.cbs.gov.il/he/publications/Pages/2019/פסולת-שנאספה-ברשויות-המקומיות-2014-2017.aspx,"CBS - Household and Commercial Waste Collected, by Type of Treatment and Local Authority"
537,פוריידיס,Fureidis,,13108.0,,2019,,,,,,False,https://www.cbs.gov.il/he/publications/Pages/2019/פסולת-שנאספה-ברשויות-המקומיות-2014-2017.aspx,"CBS - Household and Commercial Waste Collected, by Type of Treatment and Local Authority"
535,פסוטה,Fassuta,,3358.0,,2019,1835.327,1.5912320097104216,0.9440824441639009,99.0559175558361,,True,https://www.cbs.gov.il/he/publications/Pages/2019/פסולת-שנאספה-ברשויות-המקומיות-2014-2017.aspx,"CBS - Household and Commercial Waste Collected, by Type of Treatment and Local Authority"
536,פקיעין (בוקייעה),Peqi'in (Buqei'a),,5919.0,,2019,4526.928,2.1186440836613296,1.3806272156305557,98.61937278436945,,True,https://www.cbs.gov.il/he/publications/Pages/2019/פסולת-שנאספה-ברשויות-המקומיות-2014-2017.aspx,"CBS - Household and Commercial Waste Collected, by Type of Treatment and Local Authority"
7800,פרדס חנה-כרכור,Pardes Hanna-Karkur,,44161.0,,2019,24476.624,1.5761030339177726,41.54173386002906,58.45826613997094,,True,https://www.cbs.gov.il/he/publications/Pages/2019/פסולת-שנאספה-ברשויות-המקומיות-2014-2017.aspx,"CBS - Household and Commercial Waste Collected, by Type of Treatment and Local Authority"
171,פרדסייה,Pardesiyya,,7743.0,,2019,3283.925,1.530111359612338,18.76763324375556,81.23236675624443,,True,https://www.cbs.gov.il/he/publications/Pages/2019/פסולת-שנאספה-ברשויות-המקומיות-2014-2017.aspx,"CBS - Household and Commercial Waste Collected, by Type of Treatment and Local Authority"
7900,פתח תקווה,Petah Tiqwa,,264046.0,,2019,155507.164,1.7310857083667395,10.561445259203623,89.43855474079638,,True,https://www.cbs.gov.il/he/publications/Pages/2019/פסולת-שנאספה-ברשויות-המקומיות-2014-2017.aspx,"CBS - Household and Commercial Waste Collected, by Type of Treatment and Local Authority"
8000,צפת,Zefat,,37801.0,,2019,23375.805,1.7836875468559537,1.9541786903167613,98.04582130968323,,True,https://www.cbs.gov.il/he/publications/Pages/2019/פסולת-שנאספה-ברשויות-המקומיות-2014-2017.aspx,"CBS - Household and Commercial Waste Collected, by Type of Treatment and Local Authority"
3557,קדומים,Qedumim,,4470.0,,2019,2121.66,1.2720794667442108,5.212098074149487,94.7879019258505,,True,https://www.cbs.gov.il/he/publications/Pages/2019/פסולת-שנאספה-ברשויות-המקומיות-2014-2017.aspx,"CBS - Household and Commercial Waste Collected, by Type of Treatment and Local Authority"
195,קדימה-צורן,Qadima- Zoran,,22153.0,,2019,11682.678,1.4171003469462453,19.440233651907548,80.55976634809244,,True,https://www.cbs.gov.il/he/publications/Pages/2019/פסולת-שנאספה-ברשויות-המקומיות-2014-2017.aspx,"CBS - Household and Commercial Waste Collected, by Type of Treatment and Local Authority"
638,קלנסווה,Qalansawe,,23951.0,,2019,12412.4586,1.48077489671076,16.089710059536475,83.91028994046353,,True,https://www.cbs.gov.il/he/publications/Pages/2019/פסולת-שנאספה-ברשויות-המקומיות-2014-2017.aspx,"CBS - Household and Commercial Waste Collected, by Type of Treatment and Local Authority"
4100,קצרין,Qazrin,,7633.0,,2019,3659.44,1.3897786267949308,6.816343484248956,93.18365651575104,,True,https://www.cbs.gov.il/he/publications/Pages/2019/פסולת-שנאספה-ברשויות-המקומיות-2014-2017.aspx,"CBS - Household and Commercial Waste Collected, by Type of Treatment and Local Authority"
2620,קריית אונו,Qiryat Ono,,41537.0,,2019,19876.299,1.3547183545694985,39.85298772170815,60.147012278291854,,True,https://www.cbs.gov.il/he/publications/Pages/2019/פסולת-שנאספה-ברשויות-המקומיות-2014-2017.aspx,"CBS - Household and Commercial Waste Collected, by Type of Treatment and Local Authority"
3611,קריית ארבע,Qiryat Arba,,7442.0,,2019,3450.48,1.2907386486911112,1.9368319770003017,98.0631680229997,,True,https://www.cbs.gov.il/he/publications/Pages/2019/פסולת-שנאספה-ברשויות-המקומיות-2014-2017.aspx,"CBS - Household and Commercial Waste Collected, by Type of Treatment and Local Authority"
6800,קריית אתא,Qiryat Atta,,60465.0,,2019,36377.158,1.699320475632022,32.26547549426483,67.73452450573517,,True,https://www.cbs.gov.il/he/publications/Pages/2019/פסולת-שנאספה-ברשויות-המקומיות-2014-2017.aspx,"CBS - Household and Commercial Waste Collected, by Type of Treatment and Local Authority"
9500,קריית ביאליק,Qiryat Bialik,,44806.0,,2019,24072.944000000003,1.6455817568521351,38.40037180329917,61.59962819670083,,True,https://www.cbs.gov.il/he/publications/Pages/2019/פסולת-שנאספה-ברשויות-המקומיות-2014-2017.aspx,"CBS - Household and Commercial Waste Collected, by Type of Treatment and Local Authority"
2630,קריית גת,Qiryat Gat,,63386.0,,2019,31888.529000000002,1.5590323237901147,7.074038429304781,92.92596157069522,,True,https://www.cbs.gov.il/he/publications/Pages/2019/פסולת-שנאספה-ברשויות-המקומיות-2014-2017.aspx,"CBS - Household and Commercial Waste Collected, by Type of Treatment and Local Authority"
2300,קריית טבעון,Qiryat Tiv'on,,17944.0,,2019,9918.991,1.4992865194460387,33.88587609364702,66.11412390635297,,True,https://www.cbs.gov.il/he/publications/Pages/2019/פסולת-שנאספה-ברשויות-המקומיות-2014-2017.aspx,"CBS - Household and Commercial Waste Collected, by Type of Treatment and Local Authority"
9600,קריית ים,Qiryat Yam,,38906.0,,2019,21429.311,1.471347436774398,39.279429002640356,60.720570997359644,,True,https://www.cbs.gov.il/he/publications/Pages/2019/פסולת-שנאספה-ברשויות-המקומיות-2014-2017.aspx,"CBS - Household and Commercial Waste Collected, by Type of Treatment and Local Authority"
1137,קריית יערים,Qiryat Ye'arim,,7161.0,,2019,2751.76,1.2895011533653784,8.323400296537486,91.67659970346251,,True,https://www.cbs.gov.il/he/publications/Pages/2019/פסולת-שנאספה-ברשויות-המקומיות-2014-2017.aspx,"CBS - Household and Commercial Waste Collected, by Type of Treatment and Local Authority"
8200,קריית מוצקין,Qiryat Motzkin,,49057.0,,2019,23781.247,1.5273415935830612,8.580908309812349,91.41909169018764,,True,https://www.cbs.gov.il/he/publications/Pages/2019/פסולת-שנאספה-ברשויות-המקומיות-2014-2017.aspx,"CBS - Household and Commercial Waste Collected, by Type of Treatment and Local Authority"
1034,קריית מלאכי,Qiryat Mal'akhi,,26362.0,,2019,14480.037,1.690191689775913,17.616370731649372,82.38362926835062,,True,https://www.cbs.gov.il/he/publications/Pages/2019/פסולת-שנאספה-ברשויות-המקומיות-2014-2017.aspx,"CBS - Household and Commercial Waste Collected, by Type of Treatment and Local Authority"
469,קריית עקרון,Qiryat Eqron,,11425.0,,2019,8163.831,2.033240332164229,18.900306118536754,81.09969388146325,,True,https://www.cbs.gov.il/he/publications/Pages/2019/פסולת-שנאספה-ברשויות-המקומיות-2014-2017.aspx,"CBS - Household and Commercial Waste Collected, by Type of Treatment and Local Authority"
2800,קריית שמונה,Qiryat Shemona,,23083.0,,2019,13475.718856666666,1.635934849765053,2.534904967223126,97.46509503277687,,True,https://www.cbs.gov.il/he/publications/Pages/2019/פסולת-שנאספה-ברשויות-המקומיות-2014-2017.aspx,"CBS - Household and Commercial Waste Collected, by Type of Treatment and Local Authority"
3640,קרני שומרון,Qarne Shomeron,,10102.0,,2019,4804.509,1.6611608223327086,18.424754746010468,81.57524525398954,,True,https://www.cbs.gov.il/he/publications/Pages/2019/פסולת-שנאספה-ברשויות-המקומיות-2014-2017.aspx,"CBS - Household and Commercial Waste Collected, by Type of Treatment and Local Authority"
543,ראמה,Rame,,8472.0,,2019,3771.479,1.3437569644427065,1.8952511733460533,98.10474882665396,,True,https://www.cbs.gov.il/he/publications/Pages/2019/פסולת-שנאספה-ברשויות-המקומיות-2014-2017.aspx,"CBS - Household and Commercial Waste Collected, by Type of Treatment and Local Authority"
2640,ראש העין,Rosh HaAyin,,74572.0,,2019,34861.881,1.6168606837314492,19.91152169901561,80.08847830098439,,True,https://www.cbs.gov.il/he/publications/Pages/2019/פסולת-שנאספה-ברשויות-המקומיות-2014-2017.aspx,"CBS - Household and Commercial Waste Collected, by Type of Treatment and Local Authority"
26,ראש פינה,Rosh Pinna,,3352.0,,2019,3517.2599999999998,3.074769868258866,2.835161460909913,97.1648385390901,,True,https://www.cbs.gov.il/he/publications/Pages/2019/פסולת-שנאספה-ברשויות-המקומיות-2014-2017.aspx,"CBS - Household and Commercial Waste Collected, by Type of Treatment and Local Authority"
8300,ראשון לציון,Rishon LeZiyyon,,252413.0,,2019,164728.994,1.7834765673804875,28.42388146922089,71.57611853077911,,True,https://www.cbs.gov.il/he/publications/Pages/2019/פסולת-שנאספה-ברשויות-המקומיות-2014-2017.aspx,"CBS - Household and Commercial Waste Collected, by Type of Treatment and Local Authority"
1161,רהט,Rahat,,71355.0,,2019,32874.840000000004,1.282381359642921,0.46755043674737273,99.53244956325263,,True,https://www.cbs.gov.il/he/publications/Pages/2019/פסולת-שנאספה-ברשויות-המקומיות-2014-2017.aspx,"CBS - Household and Commercial Waste Collected, by Type of Treatment and Local Authority"
8400,רחובות,Rehovot,,150471.0,,2019,101083.404,1.9401563867320457,14.015385651239049,85.98461434876094,,True,https://www.cbs.gov.il/he/publications/Pages/2019/פסולת-שנאספה-ברשויות-המקומיות-2014-2017.aspx,"CBS - Household and Commercial Waste Collected, by Type of Treatment and Local Authority"
542,ריינה,Reine,,17046.0,,2019,9093.118999999999,1.3149642286833572,1.1099491824532377,98.89005081754676,,True,https://www.cbs.gov.il/he/publications/Pages/2019/פסולת-שנאספה-ברשויות-המקומיות-2014-2017.aspx,"CBS - Household and Commercial Waste Collected, by Type of Treatment and Local Authority"
922,רכסים,Rekhasim,,13910.0,,2019,,,,,,False,https://www.cbs.gov.il/he/publications/Pages/2019/פסולת-שנאספה-ברשויות-המקומיות-2014-2017.aspx,"CBS - Household and Commercial Waste Collected, by Type of Treatment and Local Authority"
8500,רמלה,Ramla,,81126.0,,2019,50468.11000000001,1.8219152811962784,17.429223919817876,82.57077608018211,,True,https://www.cbs.gov.il/he/publications/Pages/2019/פסולת-שנאספה-ברשויות-המקומיות-2014-2017.aspx,"CBS - Household and Commercial Waste Collected, by Type of Treatment and Local Authority"
8600,רמת גן,Ramat Gan,,165155.0,,2019,102899.246,1.7475560529739238,43.14496726244233,56.85503273755768,,True,https://www.cbs.gov.il/he/publications/Pages/2019/פסולת-שנאספה-ברשויות-המקומיות-2014-2017.aspx,"CBS - Household and Commercial Waste Collected, by Type of Treatment and Local Authority"
2650,רמת השרון,Ramat HaSharon,,48986.0,,2019,37964.09,2.2138051099217173,42.4706347498386,57.529365250161405,,True,https://www.cbs.gov.il/he/publications/Pages/2019/פסולת-שנאספה-ברשויות-המקומיות-2014-2017.aspx,"CBS - Household and Commercial Waste Collected, by Type of Treatment and Local Authority"
122,רמת ישי,Ramat Yishay,,7880.0,,2019,5634.28,1.9907639362450136,18.932880066308385,81.06711993369163,,True,https://www.cbs.gov.il/he/publications/Pages/2019/פסולת-שנאספה-ברשויות-המקומיות-2014-2017.aspx,"CBS - Household and Commercial Waste Collected, by Type of Treatment and Local Authority"
,רמת נגב,Ramat Negev,,8097.0,,2019,10728.550000000001,3.7035579501332934,5.241435235889285,94.75856476411072,,True,https://www.cbs.gov.il/he/publications/Pages/2019/פסולת-שנאספה-ברשויות-המקומיות-2014-2017.aspx,"CBS - Household and Commercial Waste Collected, by Type of Treatment and Local Authority"
8700,רעננה,Ra'annana,,80155.0,,2019,51683.852,1.8953231765566585,10.473797502554568,89.52620249744542,,True,https://www.cbs.gov.il/he/publications/Pages/2019/פסולת-שנאספה-ברשויות-המקומיות-2014-2017.aspx,"CBS - Household and Commercial Waste Collected, by Type of Treatment and Local Authority"
913,שבלי-אום אל-גנם,Shibli-Umm Al-Ghanam,,6278.0,,2019,2843.37,1.2931697866069967,14.653773515230167,85.34622648476983,,True,https://www.cbs.gov.il/he/publications/Pages/2019/פסולת-שנאספה-ברשויות-המקומיות-2014-2017.aspx,"CBS - Household and Commercial Waste Collected, by Type of Treatment and Local Authority"
1286,שגב-שלום,Segev-Shalom,,14654.0,,2019,,,,,,False,https://www.cbs.gov.il/he/publications/Pages/2019/פסולת-שנאספה-ברשויות-המקומיות-2014-2017.aspx,"CBS - Household and Commercial Waste Collected, by Type of Treatment and Local Authority"
,שדות דן,Sedot Dan,,,,2019,15613.489999999998,2.749144275803782,32.43598964741388,67.56401035258612,,True,https://www.cbs.gov.il/he/publications/Pages/2019/פסולת-שנאספה-ברשויות-המקומיות-2014-2017.aspx,"CBS - Household and Commercial Waste Collected, by Type of Treatment and Local Authority"
,שדות נגב,Sedot Negev,,11590.0,,2019,6844.460000000001,1.7522725978114706,16.242661159536322,83.75733884046367,,True,https://www.cbs.gov.il/he/publications/Pages/2019/פסולת-שנאספה-ברשויות-המקומיות-2014-2017.aspx,"CBS - Household and Commercial Waste Collected, by Type of Treatment and Local Authority"
1031,שדרות,Sederot,,31108.0,,2019,18379.65,1.8619044362895933,3.24969300285914,96.75030699714085,,True,https://www.cbs.gov.il/he/publications/Pages/2019/פסולת-שנאספה-ברשויות-המקומיות-2014-2017.aspx,"CBS - Household and Commercial Waste Collected, by Type of Treatment and Local Authority"
1304,שוהם,Shoham,,21171.0,,2019,10971.274,1.4301551055790103,48.100831316399535,51.89916868360047,,True,https://www.cbs.gov.il/he/publications/Pages/2019/פסולת-שנאספה-ברשויות-המקומיות-2014-2017.aspx,"CBS - Household and Commercial Waste Collected, by Type of Treatment and Local Authority"
,שומרון,Shomron,,51691.0,,2019,17158.030000000002,1.0517457321176187,9.657318142001149,90.34268185799885,,True,https://www.cbs.gov.il/he/publications/Pages/2019/פסולת-שנאספה-ברשויות-המקומיות-2014-2017.aspx,"CBS - Household and Commercial Waste Collected, by Type of Treatment and Local Authority"
812,שלומי,Shelomi,,7497.0,,2019,2721.7000000000003,1.1595851533733186,43.6499246794283,56.350075320571705,,True,https://www.cbs.gov.il/he/publications/Pages/2019/פסולת-שנאספה-ברשויות-המקומיות-2014-2017.aspx,"CBS - Household and Commercial Waste Collected, by Type of Treatment and Local Authority"
538,שעב,Sha'ab,,7445.0,,2019,,,,,,False,https://www.cbs.gov.il/he/publications/Pages/2019/פסולת-שנאספה-ברשויות-המקומיות-2014-2017.aspx,"CBS - Household and Commercial Waste Collected, by Type of Treatment and Local Authority"
,שער הנגב,Sha'ar HaNegev,,8917.0,,2019,4058.6899999999996,1.3503793345238915,7.096880717669989,92.90311928233001,,True,https://www.cbs.gov.il/he/publications/Pages/2019/פסולת-שנאספה-ברשויות-המקומיות-2014-2017.aspx,"CBS - Household and Commercial Waste Collected, by Type of Treatment and Local Authority"
692,שפיר,Shafir,,1030.0,,2019,8249.32,2.0423709300857373,22.697245275974268,77.30275472402573,,True,https://www.cbs.gov.il/he/publications/Pages/2019/פסולת-שנאספה-ברשויות-המקומיות-2014-2017.aspx,"CBS - Household and Commercial Waste Collected, by Type of Treatment and Local Authority"
8800,שפרעם,Shefar'am,,42713.0,,2019,31819.825999999997,2.0831964605107065,13.854808634088696,86.1451913659113,,True,https://www.cbs.gov.il/he/publications/Pages/2019/פסולת-שנאספה-ברשויות-המקומיות-2014-2017.aspx,"CBS - Household and Commercial Waste Collected, by Type of Treatment and Local Authority"
5000,תל אביב-יפו,Tel Aviv - Yafo,,492872.0,,2019,441352.028,2.6513260391414963,42.15189150552629,57.84810849447371,,True,https://www.cbs.gov.il/he/publications/Pages/2019/פסולת-שנאספה-ברשויות-המקומיות-2014-2017.aspx,"CBS - Household and Commercial Waste Collected, by Type of Treatment and Local Authority"
154,תל מונד,Tel Mond,,14115.0,,2019,6958.119999999999,1.4660726344500057,26.012054980368266,73.98794501963174,,True,https://www.cbs.gov.il/he/publications/Pages/2019/פסולת-שנאספה-ברשויות-המקומיות-2014-2017.aspx,"CBS - Household and Commercial Waste Collected, by Type of Treatment and Local Authority"
1054,תל שבע,Tel Sheva,,22760.0,,2019,,,,,,False,https://www.cbs.gov.il/he/publications/Pages/2019/פסולת-שנאספה-ברשויות-המקומיות-2014-2017.aspx,"CBS - Household and Commercial Waste Collected, by Type of Treatment and Local Authority"
,תמר,Tamar,,1524.0,,2019,11846.360799999999,21.17832496815571,2.707336079110473,97.29266392088954,,True,https://www.cbs.gov.il/he/publications/Pages/2019/פסולת-שנאספה-ברשויות-המקומיות-2014-2017.aspx,"CBS - Household and Commercial Waste Collected, by Type of Treatment and Local Authority"
472,אבו גוש,Abu Ghosh,,8657.0,,2020,5168.34,1.8307370374863736,32.11601790903849,67.88398209096151,,True,https://www.cbs.gov.il/he/publications/Pages/2019/פסולת-שנאספה-ברשויות-המקומיות-2014-2017.aspx,"CBS - Household and Commercial Waste Collected, by Type of Treatment and Local Authority"
473,אבו סנאן,Abu Snan,,13895.0,,2020,6998.26,1.3499957802142686,1.9433402017072814,98.05665979829273,,True,https://www.cbs.gov.il/he/publications/Pages/2019/פסולת-שנאספה-ברשויות-המקומיות-2014-2017.aspx,"CBS - Household and Commercial Waste Collected, by Type of Treatment and Local Authority"
182,אבן יהודה,Even Yehuda,,14989.0,,2020,8326.02,1.6383691516648808,12.106144352283565,87.89385564771644,,True,https://www.cbs.gov.il/he/publications/Pages/2019/פסולת-שנאספה-ברשויות-המקומיות-2014-2017.aspx,"CBS - Household and Commercial Waste Collected, by Type of Treatment and Local Authority"
2710,אום אל-פחם,Umm Al-Fahm,,57560.0,,2020,27652.871,1.3422619352436778,2.0344397513010497,97.96556024869896,,True,https://www.cbs.gov.il/he/publications/Pages/2019/פסולת-שנאספה-ברשויות-המקומיות-2014-2017.aspx,"CBS - Household and Commercial Waste Collected, by Type of Treatment and Local Authority"
31,אופקים,Ofaqim,,35355.0,,2020,19889.77,1.7239831231455212,2.498182598391032,97.50181740160896,,True,https://www.cbs.gov.il/he/publications/Pages/2019/פסולת-שנאספה-ברשויות-המקומיות-2014-2017.aspx,"CBS - Household and Commercial Waste Collected, by Type of Treatment and Local Authority"
2400,אור יהודה,Or Yehuda,,36850.0,,2020,29926.93,2.228547056822796,37.90174936085994,62.09825063914006,,True,https://www.cbs.gov.il/he/publications/Pages/2019/פסולת-שנאספה-ברשויות-המקומיות-2014-2017.aspx,"CBS - Household and Commercial Waste Collected, by Type of Treatment and Local Authority"
1020,אור עקיבא,Or Aqiva,,22173.0,,2020,16063.207999999999,2.2909908660348206,34.54937519329888,65.45062480670111,,True,https://www.cbs.gov.il/he/publications/Pages/2019/פסולת-שנאספה-ברשויות-המקומיות-2014-2017.aspx,"CBS - Household and Commercial Waste Collected, by Type of Treatment and Local Authority"
3760,אורנית,Oranit,,9979.0,,2020,5502.52,1.6825220156555774,35.7745542042555,64.22544579574449,,True,https://www.cbs.gov.il/he/publications/Pages/2019/פסולת-שנאספה-ברשויות-המקומיות-2014-2017.aspx,"CBS - Household and Commercial Waste Collected, by Type of Treatment and Local Authority"
565,אזור,Azor,,13191.0,,2020,12479.438999999998,2.601106457880972,38.480407652940166,61.519592347059834,,True,https://www.cbs.gov.il/he/publications/Pages/2019/פסולת-שנאספה-ברשויות-המקומיות-2014-2017.aspx,"CBS - Household and Commercial Waste Collected, by Type of Treatment and Local Authority"
2600,אילת,Eilat,,55213.0,,2020,57790.352000000006,3.0210408805138305,9.307681669770759,90.69231833022924,,True,https://www.cbs.gov.il/he/publications/Pages/2019/פסולת-שנאספה-ברשויות-המקומיות-2014-2017.aspx,"CBS - Household and Commercial Waste Collected, by Type of Treatment and Local Authority"
478,אכסאל,Iksal,,14646.0,,2020,8382.958999999999,1.5454032876159274,15.125434825578896,84.87456517442111,,True,https://www.cbs.gov.il/he/publications/Pages/2019/פסולת-שנאספה-ברשויות-המקומיות-2014-2017.aspx,"CBS - Household and Commercial Waste Collected, by Type of Treatment and Local Authority"
,אל קסום,El Kasum,,18954.0,,2020,3960.57,0.675330742948733,0.0,100.0,,True,https://www.cbs.gov.il/he/publications/Pages/2019/פסולת-שנאספה-ברשויות-המקומיות-2014-2017.aspx,"CBS - Household and Commercial Waste Collected, by Type of Treatment and Local Authority"
,אל-בטוף,El Batuf,,8903.0,,2020,,,,,,False,https://www.cbs.gov.il/he/publications/Pages/2019/פסולת-שנאספה-ברשויות-המקומיות-2014-2017.aspx,"CBS - Household and Commercial Waste Collected, by Type of Treatment and Local Authority"
,אלונה,Allona,,2195.0,,2020,2420.1710000000003,2.9056115159737317,55.826261863314606,44.173738136685394,,True,https://www.cbs.gov.il/he/publications/Pages/2019/פסולת-שנאספה-ברשויות-המקומיות-2014-2017.aspx,"CBS - Household and Commercial Waste Collected, by Type of Treatment and Local Authority"
41,אליכין,Elyakhin,,3926.0,,2020,2561.5389999999998,2.0344731319011884,18.47736848824086,81.52263151175914,,True,https://www.cbs.gov.il/he/publications/Pages/2019/פסולת-שנאספה-ברשויות-המקומיות-2014-2017.aspx,"CBS - Household and Commercial Waste Collected, by Type of Treatment and Local Authority"
1309,אלעד,El'ad,,48825.0,,2020,15588.854,0.8722391308301009,24.675810037094454,75.32418996290555,,True,https://www.cbs.gov.il/he/publications/Pages/2019/פסולת-שנאספה-ברשויות-המקומיות-2014-2017.aspx,"CBS - Household and Commercial Waste Collected, by Type of Treatment and Local Authority"
3750,אלפי מנשה,Alfei Menashe,,8068.0,,2020,5710.6900000000005,1.9619695313056946,26.20182020036108,73.79817979963892,,True,https://www.cbs.gov.il/he/publications/Pages/2019/פסולת-שנאספה-ברשויות-המקומיות-2014-2017.aspx,"CBS - Household and Commercial Waste Collected, by Type of Treatment and Local Authority"
3560,אלקנה,Elqana,,4144.0,,2020,2308.2899999999995,1.6322318213397395,9.854004479506477,90.14599552049353,,True,https://www.cbs.gov.il/he/publications/Pages/2019/פסולת-שנאספה-ברשויות-המקומיות-2014-2017.aspx,"CBS - Household and Commercial Waste Collected, by Type of Treatment and Local Authority"
529,אעבלין,I'billin,,13357.0,,2020,,,,,,False,https://www.cbs.gov.il/he/publications/Pages/2019/פסולת-שנאספה-ברשויות-המקומיות-2014-2017.aspx,"CBS - Household and Commercial Waste Collected, by Type of Treatment and Local Authority"
3650,אפרת,Efrat,,12082.0,,2020,4657.059,1.148896110343943,7.98914078606262,92.01085921393738,,True,https://www.cbs.gov.il/he/publications/Pages/2019/פסולת-שנאספה-ברשויות-המקומיות-2014-2017.aspx,"CBS - Household and Commercial Waste Collected, by Type of Treatment and Local Authority"
3570,אריאל,Ariel,,21428.0,,2020,10564.091,1.4427354104228678,20.546879045248666,79.45312095475133,,True,https://www.cbs.gov.il/he/publications/Pages/2019/פסולת-שנאספה-ברשויות-המקומיות-2014-2017.aspx,"CBS - Household and Commercial Waste Collected, by Type of Treatment and Local Authority"
70,אשדוד,Ashdod,,227865.0,,2020,133090.258,1.6130789188756138,25.750662002623812,74.24933799737619,,True,https://www.cbs.gov.il/he/publications/Pages/2019/פסולת-שנאספה-ברשויות-המקומיות-2014-2017.aspx,"CBS - Household and Commercial Waste Collected, by Type of Treatment and Local Authority"
,אשכול,Eshkol,,18228.0,,2020,14394.857666666667,2.6965208854429363,20.97643294979436,79.02356705020563,,True,https://www.cbs.gov.il/he/publications/Pages/2019/פסולת-שנאספה-ברשויות-המקומיות-2014-2017.aspx,"CBS - Household and Commercial Waste Collected, by Type of Treatment and Local Authority"
7100,אשקלון,Ashqelon,,152370.0,,2020,112803.245,2.1270371262895735,4.678101237247209,95.3218987627528,,True,https://www.cbs.gov.il/he/publications/Pages/2019/פסולת-שנאספה-ברשויות-המקומיות-2014-2017.aspx,"CBS - Household and Commercial Waste Collected, by Type of Treatment and Local Authority"
6000,באקה אל-גרביה,Baqa Al-Gharbiyye,,29868.0,,2020,,,,,,False,https://www.cbs.gov.il/he/publications/Pages/2019/פסולת-שנאספה-ברשויות-המקומיות-2014-2017.aspx,"CBS - Household and Commercial Waste Collected, by Type of Treatment and Local Authority"
155,באר טוביה,Be'er Toviyya,,1404.0,,2020,40248.714,4.637498919802695,7.9338887225067625,92.06611127749323,,True,https://www.cbs.gov.il/he/publications/Pages/2019/פסולת-שנאספה-ברשויות-המקומיות-2014-2017.aspx,"CBS - Household and Commercial Waste Collected, by Type of Treatment and Local Authority"
2530,באר יעקב,Be'er Ya'aqov,,31439.0,,2020,18844.197,1.818429353373417,17.988167306890286,82.01183269310971,,True,https://www.cbs.gov.il/he/publications/Pages/2019/פסולת-שנאספה-ברשויות-המקומיות-2014-2017.aspx,"CBS - Household and Commercial Waste Collected, by Type of Treatment and Local Authority"
9000,באר שבע,Be'er Sheva,,217577.0,,2020,160640.303,2.094357689256652,21.83857994839564,78.16142005160435,,True,https://www.cbs.gov.il/he/publications/Pages/2019/פסולת-שנאספה-ברשויות-המקומיות-2014-2017.aspx,"CBS - Household and Commercial Waste Collected, by Type of Treatment and Local Authority"
,בוסתן אל-מרג',Bustan El-Marj,,8111.0,,2020,,,,,,False,https://www.cbs.gov.il/he/publications/Pages/2019/פסולת-שנאספה-ברשויות-המקומיות-2014-2017.aspx,"CBS - Household and Commercial Waste Collected, by Type of Treatment and Local Authority"
482,בועיינה-נוג'ידאת,Bu'eine-Nujeidat,,10087.0,,2020,,,,,,False,https://www.cbs.gov.il/he/publications/Pages/2019/פסולת-שנאספה-ברשויות-המקומיות-2014-2017.aspx,"CBS - Household and Commercial Waste Collected, by Type of Treatment and Local Authority"
4001,בוקעאתא,Buq'ata,,6720.0,,2020,3213.7400000000002,1.3265185873126437,0.5258670583183457,99.47413294168165,,True,https://www.cbs.gov.il/he/publications/Pages/2019/פסולת-שנאספה-ברשויות-המקומיות-2014-2017.aspx,"CBS - Household and Commercial Waste Collected, by Type of Treatment and Local Authority"
998,ביר אל-מכסור,Bir El-Maksur,,10510.0,,2020,3568.143,1.0155551887154937,1.1424149760813957,98.8575850239186,,True,https://www.cbs.gov.il/he/publications/Pages/2019/פסולת-שנאספה-ברשויות-המקומיות-2014-2017.aspx,"CBS - Household and Commercial Waste Collected, by Type of Treatment and Local Authority"
3574,בית אל,Bet El,,5629.0,,2020,2434.15,1.1441887466053084,4.081054988394307,95.9189450116057,,True,https://www.cbs.gov.il/he/publications/Pages/2019/פסולת-שנאספה-ברשויות-המקומיות-2014-2017.aspx,"CBS - Household and Commercial Waste Collected, by Type of Treatment and Local Authority"
3652,בית אריה-עופרים,Bet Arye,,5373.0,,2020,3662.209,1.89238953509402,10.73283911431598,89.26716088568402,,True,https://www.cbs.gov.il/he/publications/Pages/2019/פסולת-שנאספה-ברשויות-המקומיות-2014-2017.aspx,"CBS - Household and Commercial Waste Collected, by Type of Treatment and Local Authority"
480,בית ג'ן,Beit Jann,,12038.0,,2020,7465.298,1.6936793005032056,0.9612476286947956,99.03875237130521,,True,https://www.cbs.gov.il/he/publications/Pages/2019/פסולת-שנאספה-ברשויות-המקומיות-2014-2017.aspx,"CBS - Household and Commercial Waste Collected, by Type of Treatment and Local Authority"
466,בית דגן,Bet Dagan,,7616.0,,2020,5338.159999999999,2.005635750193494,35.94796708978375,64.05203291021625,,True,https://www.cbs.gov.il/he/publications/Pages/2019/פסולת-שנאספה-ברשויות-המקומיות-2014-2017.aspx,"CBS - Household and Commercial Waste Collected, by Type of Treatment and Local Authority"
9200,בית שאן,Bet She'an,,19825.0,,2020,22617.049999999996,3.334204339527305,2.153463869072227,97.84653613092777,,True,https://www.cbs.gov.il/he/publications/Pages/2019/פסולת-שנאספה-ברשויות-המקומיות-2014-2017.aspx,"CBS - Household and Commercial Waste Collected, by Type of Treatment and Local Authority"
2610,בית שמש,Bet Shemesh,,145554.0,,2020,73671.87299999998,1.5676890415587157,6.315399365508194,93.68460063449182,,True,https://www.cbs.gov.il/he/publications/Pages/2019/פסולת-שנאספה-ברשויות-המקומיות-2014-2017.aspx,"CBS - Household and Commercial Waste Collected, by Type of Treatment and Local Authority"
3780,ביתר עילית,Betar Illit,,65660.0,,2020,25552.696,1.1629616894616863,4.261499451956067,95.73850054804393,,True,https://www.cbs.gov.il/he/publications/Pages/2019/פסולת-שנאספה-ברשויות-המקומיות-2014-2017.aspx,"CBS - Household and Commercial Waste Collected, by Type of Treatment and Local Authority"
6100,בני ברק,Bene Beraq,,216869.0,,2020,104400.0643906576,1.3836740923442528,36.02229195882119,63.977708041178815,,True,https://www.cbs.gov.il/he/publications/Pages/2019/פסולת-שנאספה-ברשויות-המקומיות-2014-2017.aspx,"CBS - Household and Commercial Waste Collected, by Type of Treatment and Local Authority"
1066,"בני עי""ש",Bene Ayish,,6740.0,,2020,3580.356,1.4110903431702433,19.926747507789727,80.07325249221027,,True,https://www.cbs.gov.il/he/publications/Pages/2019/פסולת-שנאספה-ברשויות-המקומיות-2014-2017.aspx,"CBS - Household and Commercial Waste Collected, by Type of Treatment and Local Authority"
,בני שמעון,Bene Shim'on,,11508.0,,2020,9620.851999999999,2.390359901164141,22.570213344930366,77.42978665506963,,True,https://www.cbs.gov.il/he/publications/Pages/2019/פסולת-שנאספה-ברשויות-המקומיות-2014-2017.aspx,"CBS - Household and Commercial Waste Collected, by Type of Treatment and Local Authority"
9800,בנימינה-גבעת עדה,Binyamina-Giv'at Ada,,15268.0,,2020,11482.107,1.9802233033652443,32.41872619720405,67.58127380279595,,True,https://www.cbs.gov.il/he/publications/Pages/2019/פסולת-שנאספה-ברשויות-המקומיות-2014-2017.aspx,"CBS - Household and Commercial Waste Collected, by Type of Treatment and Local Authority"
1326,"בסמ""ה",Basma,,11266.0,,2020,4998.04,1.351153019287839,2.5818120703315697,97.41818792966843,,True,https://www.cbs.gov.il/he/publications/Pages/2019/פסולת-שנאספה-ברשויות-המקומיות-2014-2017.aspx,"CBS - Household and Commercial Waste Collected, by Type of Treatment and Local Authority"
944,בסמת טבעון,Basmat Tab'un,,8043.0,,2020,3749.323,1.2910347273574032,2.345836835076626,97.65416316492338,,True,https://www.cbs.gov.il/he/publications/Pages/2019/פסולת-שנאספה-ברשויות-המקומיות-2014-2017.aspx,"CBS - Household and Commercial Waste Collected, by Type of Treatment and Local Authority"
483,בענה,Bi'ne,,8518.0,,2020,8027.725,2.615969922484409,0.48239071467943906,99.51760928532055,,True,https://www.cbs.gov.il/he/publications/Pages/2019/פסולת-שנאספה-ברשויות-המקומיות-2014-2017.aspx,"CBS - Household and Commercial Waste Collected, by Type of Treatment and Local Authority"
,ברנר,Brenner,,7758.0,,2020,5142.874,1.7505361850446837,57.61874586077745,42.38125413922255,,True,https://www.cbs.gov.il/he/publications/Pages/2019/פסולת-שנאספה-ברשויות-המקומיות-2014-2017.aspx,"CBS - Household and Commercial Waste Collected, by Type of Treatment and Local Authority"
6200,בת ים,Bat Yam,,128152.0,,2020,78009.202,1.6644121946910662,38.98806963824601,61.011930361754,,True,https://www.cbs.gov.il/he/publications/Pages/2019/פסולת-שנאספה-ברשויות-המקומיות-2014-2017.aspx,"CBS - Household and Commercial Waste Collected, by Type of Treatment and Local Authority"
1292,ג'דיידה-מכר,Judeide-Maker,,19842.0,,2020,9731.220000000001,1.254659013733442,1.6955736279726488,98.30442637202735,,True,https://www.cbs.gov.il/he/publications/Pages/2019/פסולת-שנאספה-ברשויות-המקומיות-2014-2017.aspx,"CBS - Household and Commercial Waste Collected, by Type of Treatment and Local Authority"
485,ג'ולס,Julis,,6543.0,,2020,3593.325,1.5108542092383763,4.695511817049669,95.30448818295034,,True,https://www.cbs.gov.il/he/publications/Pages/2019/פסולת-שנאספה-ברשויות-המקומיות-2014-2017.aspx,"CBS - Household and Commercial Waste Collected, by Type of Treatment and Local Authority"
627,ג'לג'וליה,Jaljulye,,10502.0,,2020,4721.1935503,1.2616832666930342,4.558985943000008,95.441014057,,True,https://www.cbs.gov.il/he/publications/Pages/2019/פסולת-שנאספה-ברשויות-המקומיות-2014-2017.aspx,"CBS - Household and Commercial Waste Collected, by Type of Treatment and Local Authority"
541,ג'סר א-זרקא,Jisr Az-Zarqa,,15418.0,,2020,7410.517999999999,1.3509524597329,15.10876837489633,84.89123162510367,,True,https://www.cbs.gov.il/he/publications/Pages/2019/פסולת-שנאספה-ברשויות-המקומיות-2014-2017.aspx,"CBS - Household and Commercial Waste Collected, by Type of Treatment and Local Authority"
487,ג'ש (גוש חלב),Jish(Gush Halav),,3256.0,,2020,1806.62,1.5884607944853781,8.665906499429875,91.33409350057012,,True,https://www.cbs.gov.il/he/publications/Pages/2019/פסולת-שנאספה-ברשויות-המקומיות-2014-2017.aspx,"CBS - Household and Commercial Waste Collected, by Type of Treatment and Local Authority"
628,ג'ת,Jatt,,12232.0,,2020,6194.454,1.3928439287057381,7.32875730451788,92.67124269548212,,True,https://www.cbs.gov.il/he/publications/Pages/2019/פסולת-שנאספה-ברשויות-המקומיות-2014-2017.aspx,"CBS - Household and Commercial Waste Collected, by Type of Treatment and Local Authority"
3730,גבעת זאב,Giv'at Ze'ev,,22117.0,,2020,9858.923,1.4350244624893336,34.737901898615085,65.26209810138491,,True,https://www.cbs.gov.il/he/publications/Pages/2019/פסולת-שנאספה-ברשויות-המקומיות-2014-2017.aspx,"CBS - Household and Commercial Waste Collected, by Type of Treatment and Local Authority"
681,גבעת שמואל,Giv'at Shemu'el,,27472.0,,2020,13397.185000000001,1.3637994477996607,39.85955590661942,60.14044409338057,,True,https://www.cbs.gov.il/he/publications/Pages/2019/פסולת-שנאספה-ברשויות-המקומיות-2014-2017.aspx,"CBS - Household and Commercial Waste Collected, by Type of Treatment and Local Authority"
6300,גבעתיים,Giv'atayim,,58052.0,,2020,30850.092,1.3889454007641429,42.74843653626705,57.25156346373296,,True,https://www.cbs.gov.il/he/publications/Pages/2019/פסולת-שנאספה-ברשויות-המקומיות-2014-2017.aspx,"CBS - Household and Commercial Waste Collected, by Type of Treatment and Local Authority"
2550,גדרה,Gedera,,29260.0,,2020,17880.709,1.7126061925786653,20.039770235061706,79.96022976493829,,True,https://www.cbs.gov.il/he/publications/Pages/2019/פסולת-שנאספה-ברשויות-המקומיות-2014-2017.aspx,"CBS - Household and Commercial Waste Collected, by Type of Treatment and Local Authority"
,גדרות,Gederot,,5008.0,,2020,3330.365,1.7447724775280382,44.200050144653815,55.79994985534618,,True,https://www.cbs.gov.il/he/publications/Pages/2019/פסולת-שנאספה-ברשויות-המקומיות-2014-2017.aspx,"CBS - Household and Commercial Waste Collected, by Type of Treatment and Local Authority"
,גולן,Golan,,20110.0,,2020,12583.772,1.8892042123531632,34.787041596112836,65.21295840388716,,True,https://www.cbs.gov.il/he/publications/Pages/2019/פסולת-שנאספה-ברשויות-המקומיות-2014-2017.aspx,"CBS - Household and Commercial Waste Collected, by Type of Treatment and Local Authority"
,גוש עציון,Gush Etzion,,26401.0,,2020,14625.949,1.6244488963488368,10.93965936842799,89.060340631572,,True,https://www.cbs.gov.il/he/publications/Pages/2019/פסולת-שנאספה-ברשויות-המקומיות-2014-2017.aspx,"CBS - Household and Commercial Waste Collected, by Type of Treatment and Local Authority"
370,גזר,Gezer,,396.0,,2020,24124.755999999998,2.4247563849004243,60.39676956765611,39.60323043234389,,True,https://www.cbs.gov.il/he/publications/Pages/2019/פסולת-שנאספה-ברשויות-המקומיות-2014-2017.aspx,"CBS - Household and Commercial Waste Collected, by Type of Treatment and Local Authority"
166,גן יבנה,Gan Yavne,,23688.0,,2020,15636.67,1.7927016688631174,26.919222571046138,73.08077742895387,,True,https://www.cbs.gov.il/he/publications/Pages/2019/פסולת-שנאספה-ברשויות-המקומיות-2014-2017.aspx,"CBS - Household and Commercial Waste Collected, by Type of Treatment and Local Authority"
,גן רווה,Gan Rawe,,5976.0,,2020,5025.68,2.116840080155256,36.85582846500374,63.144171534996254,,True,https://www.cbs.gov.il/he/publications/Pages/2019/פסולת-שנאספה-ברשויות-המקומיות-2014-2017.aspx,"CBS - Household and Commercial Waste Collected, by Type of Treatment and Local Authority"
229,גני תקווה,Ganne Tiqwa,,23650.0,,2020,10937.694,1.4287008000909127,38.15698263271947,61.84301736728053,,True,https://www.cbs.gov.il/he/publications/Pages/2019/פסולת-שנאספה-ברשויות-המקומיות-2014-2017.aspx,"CBS - Household and Commercial Waste Collected, by Type of Treatment and Local Authority"
494,דאלית אל-כרמל,Daliyat Al-Karmel,,17672.0,,2020,12144.509999999998,1.873511649369988,5.231911373945923,94.76808862605408,,True,https://www.cbs.gov.il/he/publications/Pages/2019/פסולת-שנאספה-ברשויות-המקומיות-2014-2017.aspx,"CBS - Household and Commercial Waste Collected, by Type of Treatment and Local Authority"
489,דבורייה,Daburiyya,,10480.0,,2020,6010.0,1.5539593643504657,0.0,100.0,,True,https://www.cbs.gov.il/he/publications/Pages/2019/פסולת-שנאספה-ברשויות-המקומיות-2014-2017.aspx,"CBS - Household and Commercial Waste Collected, by Type of Treatment and Local Authority"
490,דייר אל-אסד,Deir Al-Asad,,12176.0,,2020,6725.822,1.4596728128201122,0.8011214093979887,99.198878590602,,True,https://www.cbs.gov.il/he/publications/Pages/2019/פסולת-שנאספה-ברשויות-המקומיות-2014-2017.aspx,"CBS - Household and Commercial Waste Collected, by Type of Treatment and Local Authority"
492,דייר חנא,Deir Hanna,,10283.0,,2020,6049.513999999999,1.591741748754296,1.2244619981043106,98.7755380018957,,True,https://www.cbs.gov.il/he/publications/Pages/2019/פסולת-שנאספה-ברשויות-המקומיות-2014-2017.aspx,"CBS - Household and Commercial Waste Collected, by Type of Treatment and Local Authority"
2200,דימונה,Dimona,,37213.0,,2020,22665.67,1.7800950573291077,3.7134132809663254,96.28658671903368,,True,https://www.cbs.gov.il/he/publications/Pages/2019/פסולת-שנאספה-ברשויות-המקומיות-2014-2017.aspx,"CBS - Household and Commercial Waste Collected, by Type of Treatment and Local Authority"
,דרום השרון,Derom HaSharon,,34313.0,,2020,30534.98,2.4602608393857923,9.179690997013918,90.82030900298608,,True,https://www.cbs.gov.il/he/publications/Pages/2019/פסולת-שנאספה-ברשויות-המקומיות-2014-2017.aspx,"CBS - Household and Commercial Waste Collected, by Type of Treatment and Local Authority"
,הגלבוע,HaGilbo'a,,32947.0,,2020,21765.96,1.916589545647865,27.89612771501923,72.10387228498077,,True,https://www.cbs.gov.il/he/publications/Pages/2019/פסולת-שנאספה-ברשויות-המקומיות-2014-2017.aspx,"CBS - Household and Commercial Waste Collected, by Type of Treatment and Local Authority"
,הגליל העליון,HaGalil HaElyon,,19674.0,,2020,23334.489999999998,3.395841367738292,50.05551867643133,49.94448132356867,,True,https://www.cbs.gov.il/he/publications/Pages/2019/פסולת-שנאספה-ברשויות-המקומיות-2014-2017.aspx,"CBS - Household and Commercial Waste Collected, by Type of Treatment and Local Authority"
,הגליל התחתון,HaGalil HaTahton,,12801.0,,2020,8030.063,1.7541898977586197,23.81952669611683,76.18047330388316,,True,https://www.cbs.gov.il/he/publications/Pages/2019/פסולת-שנאספה-ברשויות-המקומיות-2014-2017.aspx,"CBS - Household and Commercial Waste Collected, by Type of Treatment and Local Authority"
9700,הוד השרון,Hod HaSharon,,65020.0,,2020,45511.573,1.9533970594042238,27.052763041171975,72.94723695882803,,True,https://www.cbs.gov.il/he/publications/Pages/2019/פסולת-שנאספה-ברשויות-המקומיות-2014-2017.aspx,"CBS - Household and Commercial Waste Collected, by Type of Treatment and Local Authority"
,הערבה התיכונה,HaArava HaTikhona,,6089.0,,2020,3144.576,2.3717210495055103,8.795335205763829,91.20466479423617,,True,https://www.cbs.gov.il/he/publications/Pages/2019/פסולת-שנאספה-ברשויות-המקומיות-2014-2017.aspx,"CBS - Household and Commercial Waste Collected, by Type of Treatment and Local Authority"
3769,הר אדר,Har Adar,,4405.0,,2020,2381.355,1.5967352603946654,44.302274545374374,55.697725454625626,,True,https://www.cbs.gov.il/he/publications/Pages/2019/פסולת-שנאספה-ברשויות-המקומיות-2014-2017.aspx,"CBS - Household and Commercial Waste Collected, by Type of Treatment and Local Authority"
,הר חברון,Har Hevron,,10631.0,,2020,3909.36,1.1484024384780738,2.328514130190108,97.67148586980989,,True,https://www.cbs.gov.il/he/publications/Pages/2019/פסולת-שנאספה-ברשויות-המקומיות-2014-2017.aspx,"CBS - Household and Commercial Waste Collected, by Type of Treatment and Local Authority"
6400,הרצלייה,Herzliyya,,105273.0,,2020,79300.527,2.2120356534262475,16.279506634286808,83.7204933657132,,True,https://www.cbs.gov.il/he/publications/Pages/2019/פסולת-שנאספה-ברשויות-המקומיות-2014-2017.aspx,"CBS - Household and Commercial Waste Collected, by Type of Treatment and Local Authority"
,זבולון,Zevulun,,13401.0,,2020,7937.151,1.5915116315791846,25.991832585772904,74.00816741422709,,True,https://www.cbs.gov.il/he/publications/Pages/2019/פסולת-שנאספה-ברשויות-המקומיות-2014-2017.aspx,"CBS - Household and Commercial Waste Collected, by Type of Treatment and Local Authority"
9300,זכרון יעקב,Zikhron Ya'aqov,,23513.0,,2020,15342.528999999999,1.802385182230871,46.910135154380356,53.08986484561964,,True,https://www.cbs.gov.il/he/publications/Pages/2019/פסולת-שנאספה-ברשויות-המקומיות-2014-2017.aspx,"CBS - Household and Commercial Waste Collected, by Type of Treatment and Local Authority"
1290,זמר,Zemer,,7482.0,,2020,4890.12,1.8677804323289964,10.239237482924755,89.76076251707525,,True,https://www.cbs.gov.il/he/publications/Pages/2019/פסולת-שנאספה-ברשויות-המקומיות-2014-2017.aspx,"CBS - Household and Commercial Waste Collected, by Type of Treatment and Local Authority"
975,זרזיר,Zarzir,,8836.0,,2020,,,,,,False,https://www.cbs.gov.il/he/publications/Pages/2019/פסולת-שנאספה-ברשויות-המקומיות-2014-2017.aspx,"CBS - Household and Commercial Waste Collected, by Type of Treatment and Local Authority"
,חבל אילות,Hevel Elot,,4678.0,,2020,8958.884000000002,5.4916406021328745,19.2046687958009,80.7953312041991,,True,https://www.cbs.gov.il/he/publications/Pages/2019/פסולת-שנאספה-ברשויות-המקומיות-2014-2017.aspx,"CBS - Household and Commercial Waste Collected, by Type of Treatment and Local Authority"
,חבל יבנה,Hevel Yavne,,6388.0,,2020,5505.155000000001,2.155121302901503,27.111025393472115,72.8889746065279,,True,https://www.cbs.gov.il/he/publications/Pages/2019/פסולת-שנאספה-ברשויות-המקומיות-2014-2017.aspx,"CBS - Household and Commercial Waste Collected, by Type of Treatment and Local Authority"
,חבל מודיעין,Hevel Modi'in,,23646.0,,2020,26487.872,3.0377794101371816,26.382331264663318,73.61766873533668,,True,https://www.cbs.gov.il/he/publications/Pages/2019/פסולת-שנאספה-ברשויות-המקומיות-2014-2017.aspx,"CBS - Household and Commercial Waste Collected, by Type of Treatment and Local Authority"
6500,חדרה,Hadera,,103847.0,,2020,69665.468,1.945183225800777,11.327847535596835,88.67215246440317,,True,https://www.cbs.gov.il/he/publications/Pages/2019/פסולת-שנאספה-ברשויות-המקומיות-2014-2017.aspx,"CBS - Household and Commercial Waste Collected, by Type of Treatment and Local Authority"
6600,חולון,Holon,,192655.0,,2020,132033.048,1.8384174853234931,37.851468823169185,62.14853117683082,,True,https://www.cbs.gov.il/he/publications/Pages/2019/פסולת-שנאספה-ברשויות-המקומיות-2014-2017.aspx,"CBS - Household and Commercial Waste Collected, by Type of Treatment and Local Authority"
,חוף אשקלון,Hof Ashqelon,,20100.0,,2020,13840.930666666667,2.064985323651133,19.938967495249354,80.06103250475066,,True,https://www.cbs.gov.il/he/publications/Pages/2019/פסולת-שנאספה-ברשויות-המקומיות-2014-2017.aspx,"CBS - Household and Commercial Waste Collected, by Type of Treatment and Local Authority"
,חוף הכרמל,Hof HaKarmel,,34463.0,,2020,34520.49,2.799161966156326,27.77648289465185,72.22351710534815,,True,https://www.cbs.gov.il/he/publications/Pages/2019/פסולת-שנאספה-ברשויות-המקומיות-2014-2017.aspx,"CBS - Household and Commercial Waste Collected, by Type of Treatment and Local Authority"
,חוף השרון,Hof HaSharon,,12534.0,,2020,18162.72086,3.416586842561925,10.90826575638954,89.09173424361046,,True,https://www.cbs.gov.il/he/publications/Pages/2019/פסולת-שנאספה-ברשויות-המקומיות-2014-2017.aspx,"CBS - Household and Commercial Waste Collected, by Type of Treatment and Local Authority"
1303,חורה,Hura,,20671.0,,2020,7002.860000000001,0.8444506077561259,13.419227544174808,86.58077245582518,,True,https://www.cbs.gov.il/he/publications/Pages/2019/פסולת-שנאספה-ברשויות-המקומיות-2014-2017.aspx,"CBS - Household and Commercial Waste Collected, by Type of Treatment and Local Authority"
496,חורפיש,Hurfeish,,6544.0,,2020,4536.795,1.927065944568334,1.8470087363436083,98.15299126365639,,True,https://www.cbs.gov.il/he/publications/Pages/2019/פסולת-שנאספה-ברשויות-המקומיות-2014-2017.aspx,"CBS - Household and Commercial Waste Collected, by Type of Treatment and Local Authority"
4000,חיפה,Haifa,,289507.0,,2020,174113.30699999997,1.6765524377529981,18.885200428707037,81.11479957129296,,True,https://www.cbs.gov.il/he/publications/Pages/2019/פסולת-שנאספה-ברשויות-המקומיות-2014-2017.aspx,"CBS - Household and Commercial Waste Collected, by Type of Treatment and Local Authority"
2034,חצור הגלילית,Hazor HaGelilit,,10638.0,,2020,7100.4890000000005,2.065116191140971,6.928522810189551,93.07147718981045,,True,https://www.cbs.gov.il/he/publications/Pages/2019/פסולת-שנאספה-ברשויות-המקומיות-2014-2017.aspx,"CBS - Household and Commercial Waste Collected, by Type of Treatment and Local Authority"
1247,חריש,Harish,,31733.0,,2020,7789.446000000001,1.3013169880304571,5.173692711907881,94.82630728809211,,True,https://www.cbs.gov.il/he/publications/Pages/2019/פסולת-שנאספה-ברשויות-המקומיות-2014-2017.aspx,"CBS - Household and Commercial Waste Collected, by Type of Treatment and Local Authority"
6700,טבריה,Tiberias,,48509.0,,2020,36576.259999999995,2.210995113007729,5.813478469367836,94.18652153063215,,True,https://www.cbs.gov.il/he/publications/Pages/2019/פסולת-שנאספה-ברשויות-המקומיות-2014-2017.aspx,"CBS - Household and Commercial Waste Collected, by Type of Treatment and Local Authority"
962,טובא-זנגרייה,Tuba-Zangariyye,,6935.0,,2020,3839.733,1.5388847920357176,1.9173208137128286,98.08267918628717,,True,https://www.cbs.gov.il/he/publications/Pages/2019/פסולת-שנאספה-ברשויות-המקומיות-2014-2017.aspx,"CBS - Household and Commercial Waste Collected, by Type of Treatment and Local Authority"
498,טורעאן,Tur'an,,14397.0,,2020,10682.217,2.0411736605667095,17.51150533639225,82.48849466360775,,True,https://www.cbs.gov.il/he/publications/Pages/2019/פסולת-שנאספה-ברשויות-המקומיות-2014-2017.aspx,"CBS - Household and Commercial Waste Collected, by Type of Treatment and Local Authority"
2730,טייבה,Tayibe,,45071.0,,2020,,,,,,False,https://www.cbs.gov.il/he/publications/Pages/2019/פסולת-שנאספה-ברשויות-המקומיות-2014-2017.aspx,"CBS - Household and Commercial Waste Collected, by Type of Treatment and Local Authority"
2720,טירה,Tire,,26567.0,,2020,19455.0318294,1.9893057052642125,4.1785376478876275,95.82146235211236,,True,https://www.cbs.gov.il/he/publications/Pages/2019/פסולת-שנאספה-ברשויות-המקומיות-2014-2017.aspx,"CBS - Household and Commercial Waste Collected, by Type of Treatment and Local Authority"
2100,טירת כרמל,Tirat Karmel,,29069.0,,2020,14568.445,1.6838317560414056,15.871872392695307,84.12812760730469,,True,https://www.cbs.gov.il/he/publications/Pages/2019/פסולת-שנאספה-ברשויות-המקומיות-2014-2017.aspx,"CBS - Household and Commercial Waste Collected, by Type of Treatment and Local Authority"
8900,טמרה,Tamra,,35349.0,,2020,,,,,,False,https://www.cbs.gov.il/he/publications/Pages/2019/פסולת-שנאספה-ברשויות-המקומיות-2014-2017.aspx,"CBS - Household and Commercial Waste Collected, by Type of Treatment and Local Authority"
1295,יאנוח-ג'ת,Yanuh-Jat,,6759.0,,2020,4777.37,1.945694207151308,0.5310453241009175,99.46895467589908,,True,https://www.cbs.gov.il/he/publications/Pages/2019/פסולת-שנאספה-ברשויות-המקומיות-2014-2017.aspx,"CBS - Household and Commercial Waste Collected, by Type of Treatment and Local Authority"
46,יבנאל,Yavne'el,,4557.0,,2020,3189.2,2.0379088621750068,1.7308415903674907,98.26915840963252,,True,https://www.cbs.gov.il/he/publications/Pages/2019/פסולת-שנאספה-ברשויות-המקומיות-2014-2017.aspx,"CBS - Household and Commercial Waste Collected, by Type of Treatment and Local Authority"
2660,יבנה,Yavne,,54981.0,,2020,38306.669,2.154561708095622,9.20938596879828,90.79061403120173,,True,https://www.cbs.gov.il/he/publications/Pages/2019/פסולת-שנאספה-ברשויות-המקומיות-2014-2017.aspx,"CBS - Household and Commercial Waste Collected, by Type of Treatment and Local Authority"
9400,יהוד-מונוסון,Yehud,,30977.0,,2020,19981.81,1.8264057160040985,38.53059357485633,61.46940642514367,,True,https://www.cbs.gov.il/he/publications/Pages/2019/פסולת-שנאספה-ברשויות-המקומיות-2014-2017.aspx,"CBS - Household and Commercial Waste Collected, by Type of Treatment and Local Authority"
,יואב,Yo'av,,9133.0,,2020,6510.998,1.965875103034109,43.702332576357726,56.297667423642274,,True,https://www.cbs.gov.il/he/publications/Pages/2019/פסולת-שנאספה-ברשויות-המקומיות-2014-2017.aspx,"CBS - Household and Commercial Waste Collected, by Type of Treatment and Local Authority"
29,יסוד המעלה,Yesud HaMa'ala,,1969.0,,2020,2041.6399999999999,3.2045455437269217,47.866910914754804,52.13308908524519,,True,https://www.cbs.gov.il/he/publications/Pages/2019/פסולת-שנאספה-ברשויות-המקומיות-2014-2017.aspx,"CBS - Household and Commercial Waste Collected, by Type of Treatment and Local Authority"
499,יפיע,Yafi,,18113.0,,2020,,,,,,False,https://www.cbs.gov.il/he/publications/Pages/2019/פסולת-שנאספה-ברשויות-המקומיות-2014-2017.aspx,"CBS - Household and Commercial Waste Collected, by Type of Treatment and Local Authority"
240,יקנעם עילית,Yoqne'am Illit,,23729.0,,2020,15131.492,1.7314153096144433,28.992593724399423,71.00740627560059,,True,https://www.cbs.gov.il/he/publications/Pages/2019/פסולת-שנאספה-ברשויות-המקומיות-2014-2017.aspx,"CBS - Household and Commercial Waste Collected, by Type of Treatment and Local Authority"
831,ירוחם,Yeroham,,11403.0,,2020,6345.618,1.6504727578222385,6.276130677894573,93.72386932210543,,True,https://www.cbs.gov.il/he/publications/Pages/2019/פסולת-שנאספה-ברשויות-המקומיות-2014-2017.aspx,"CBS - Household and Commercial Waste Collected, by Type of Treatment and Local Authority"
3000,ירושלים,Jerusalem,,1005919.0,,2020,540828.6174999999,1.569975258957823,38.44222379744911,61.5577762025509,,True,https://www.cbs.gov.il/he/publications/Pages/2019/פסולת-שנאספה-ברשויות-המקומיות-2014-2017.aspx,"CBS - Household and Commercial Waste Collected, by Type of Treatment and Local Authority"
502,ירכא,Yirka,,16194.0,,2020,,,,,,False,https://www.cbs.gov.il/he/publications/Pages/2019/פסולת-שנאספה-ברשויות-המקומיות-2014-2017.aspx,"CBS - Household and Commercial Waste Collected, by Type of Treatment and Local Authority"
504,כאבול,Kabul,,11993.0,,2020,4988.0,0.9644825622596891,0.0,100.0,,True,https://www.cbs.gov.il/he/publications/Pages/2019/פסולת-שנאספה-ברשויות-המקומיות-2014-2017.aspx,"CBS - Household and Commercial Waste Collected, by Type of Treatment and Local Authority"
505,כאוכב אבו אל-היג'א,Kaokab Abu Al-Hija,,3984.0,,2020,1494.5,1.1284333878862356,3.312144529943125,96.68785547005687,,True,https://www.cbs.gov.il/he/publications/Pages/2019/פסולת-שנאספה-ברשויות-המקומיות-2014-2017.aspx,"CBS - Household and Commercial Waste Collected, by Type of Treatment and Local Authority"
1224,כוכב יאיר,Kokhav Ya'ir,,9176.0,,2020,6729.204,2.114604042262517,17.00028710676627,82.99971289323372,,True,https://www.cbs.gov.il/he/publications/Pages/2019/פסולת-שנאספה-ברשויות-המקומיות-2014-2017.aspx,"CBS - Household and Commercial Waste Collected, by Type of Treatment and Local Authority"
1059,כסיפה,Kuseife,,18867.0,,2020,3900.988,0.48196790783153926,2.1478661303239077,97.8521338696761,,True,https://www.cbs.gov.il/he/publications/Pages/2019/פסולת-שנאספה-ברשויות-המקומיות-2014-2017.aspx,"CBS - Household and Commercial Waste Collected, by Type of Treatment and Local Authority"
1296,כסרא-סמיע,Kisra-Sumei,,8930.0,,2020,5266.73,1.6228304853257574,1.2480229668124245,98.75197703318759,,True,https://www.cbs.gov.il/he/publications/Pages/2019/פסולת-שנאספה-ברשויות-המקומיות-2014-2017.aspx,"CBS - Household and Commercial Waste Collected, by Type of Treatment and Local Authority"
978,כעביה-טבאש-חג'אג'רה,Ka'abiyye-Tabbash-Hajajre,,6170.0,,2020,2266.88,1.1162167751592922,0.4358413325804629,99.56415866741953,,True,https://www.cbs.gov.il/he/publications/Pages/2019/פסולת-שנאספה-ברשויות-המקומיות-2014-2017.aspx,"CBS - Household and Commercial Waste Collected, by Type of Treatment and Local Authority"
633,כפר ברא,Kafar Bara,,3710.0,,2020,2021.2441322,1.4902193640237698,8.468998349728395,91.53100165027162,,True,https://www.cbs.gov.il/he/publications/Pages/2019/פסולת-שנאספה-ברשויות-המקומיות-2014-2017.aspx,"CBS - Household and Commercial Waste Collected, by Type of Treatment and Local Authority"
1263,כפר ורדים,Kefar Weradim,,5656.0,,2020,3957.177,1.9751468066893438,38.65323689084416,61.346763109155845,,True,https://www.cbs.gov.il/he/publications/Pages/2019/פסולת-שנאספה-ברשויות-המקומיות-2014-2017.aspx,"CBS - Household and Commercial Waste Collected, by Type of Treatment and Local Authority"
507,כפר יאסיף,Kafar Yasif,,10574.0,,2020,7168.495999999999,1.9276355762372428,0.8503317850773721,99.14966821492263,,True,https://www.cbs.gov.il/he/publications/Pages/2019/פסולת-שנאספה-ברשויות-המקומיות-2014-2017.aspx,"CBS - Household and Commercial Waste Collected, by Type of Treatment and Local Authority"
168,כפר יונה,Kefar Yona,,28135.0,,2020,14646.93,1.5749048407561128,16.93799997678694,83.06200002321307,,True,https://www.cbs.gov.il/he/publications/Pages/2019/פסולת-שנאספה-ברשויות-המקומיות-2014-2017.aspx,"CBS - Household and Commercial Waste Collected, by Type of Treatment and Local Authority"
508,כפר כמא,Kafar Kama,,3412.0,,2020,1868.74,1.5060554835823963,16.323030491133064,83.67696950886693,,True,https://www.cbs.gov.il/he/publications/Pages/2019/פסולת-שנאספה-ברשויות-המקומיות-2014-2017.aspx,"CBS - Household and Commercial Waste Collected, by Type of Treatment and Local Authority"
509,כפר כנא,Kafar Kanna,,24262.0,,2020,12513.189999999999,1.49003443709871,14.964289681528054,85.03571031847194,,True,https://www.cbs.gov.il/he/publications/Pages/2019/פסולת-שנאספה-ברשויות-המקומיות-2014-2017.aspx,"CBS - Household and Commercial Waste Collected, by Type of Treatment and Local Authority"
510,כפר מנדא,Kafar Manda,,21041.0,,2020,12482.0,1.675925521880549,2.403460983816696,97.5965390161833,,True,https://www.cbs.gov.il/he/publications/Pages/2019/פסולת-שנאספה-ברשויות-המקומיות-2014-2017.aspx,"CBS - Household and Commercial Waste Collected, by Type of Treatment and Local Authority"
6900,כפר סבא,Kefar Sava,,100262.0,,2020,68500.888,1.8466183128516365,33.296793174418404,66.70320682558159,,True,https://www.cbs.gov.il/he/publications/Pages/2019/פסולת-שנאספה-ברשויות-המקומיות-2014-2017.aspx,"CBS - Household and Commercial Waste Collected, by Type of Treatment and Local Authority"
634,כפר קאסם,Kafar Qasem,,26389.0,,2020,14592.883058500001,1.6631170169985645,36.56108280393783,63.43891719606217,,True,https://www.cbs.gov.il/he/publications/Pages/2019/פסולת-שנאספה-ברשויות-המקומיות-2014-2017.aspx,"CBS - Household and Commercial Waste Collected, by Type of Treatment and Local Authority"
654,כפר קרע,Kafar Qara,,19890.0,,2020,14412.0,2.061230502550079,16.93727449347766,83.06272550652234,,True,https://www.cbs.gov.il/he/publications/Pages/2019/פסולת-שנאספה-ברשויות-המקומיות-2014-2017.aspx,"CBS - Household and Commercial Waste Collected, by Type of Treatment and Local Authority"
267,כפר שמריהו,Kefar Shemaryahu,,2077.0,,2020,4016.9849999999997,5.697871269047053,28.39446286207193,71.60553713792807,,True,https://www.cbs.gov.il/he/publications/Pages/2019/פסולת-שנאספה-ברשויות-המקומיות-2014-2017.aspx,"CBS - Household and Commercial Waste Collected, by Type of Treatment and Local Authority"
47,כפר תבור,Kefar Tavor,,4363.0,,2020,4124.606,2.594487524040616,21.463528880091822,78.53647111990819,,True,https://www.cbs.gov.il/he/publications/Pages/2019/פסולת-שנאספה-ברשויות-המקומיות-2014-2017.aspx,"CBS - Household and Commercial Waste Collected, by Type of Treatment and Local Authority"
1139,כרמיאל,Karmi'el,,47450.0,,2020,25728.13,1.526144313275603,15.368509098795752,84.63149090120426,,True,https://www.cbs.gov.il/he/publications/Pages/2019/פסולת-שנאספה-ברשויות-המקומיות-2014-2017.aspx,"CBS - Household and Commercial Waste Collected, by Type of Treatment and Local Authority"
,לב השרון,Lev HaSharon,,23813.0,,2020,17915.647,2.0670848953933016,52.45770359284262,47.54229640715739,,True,https://www.cbs.gov.il/he/publications/Pages/2019/פסולת-שנאספה-ברשויות-המקומיות-2014-2017.aspx,"CBS - Household and Commercial Waste Collected, by Type of Treatment and Local Authority"
1271,להבים,Lehavim,,7686.0,,2020,4212.639999999999,1.7608481885810956,30.03819695013104,69.96180304986896,,True,https://www.cbs.gov.il/he/publications/Pages/2019/פסולת-שנאספה-ברשויות-המקומיות-2014-2017.aspx,"CBS - Household and Commercial Waste Collected, by Type of Treatment and Local Authority"
7000,לוד,Lod,,87430.0,,2020,,,,,,False,https://www.cbs.gov.il/he/publications/Pages/2019/פסולת-שנאספה-ברשויות-המקומיות-2014-2017.aspx,"CBS - Household and Commercial Waste Collected, by Type of Treatment and Local Authority"
24,לכיש,Lakhish,,1170.0,,2020,7903.106,1.662368153971551,1.7939276026412907,98.20607239735871,,True,https://www.cbs.gov.il/he/publications/Pages/2019/פסולת-שנאספה-ברשויות-המקומיות-2014-2017.aspx,"CBS - Household and Commercial Waste Collected, by Type of Treatment and Local Authority"
1060,לקיה,Laqye,,17074.0,,2020,4579.772,0.8738601210394683,6.233620822171934,93.76637917782807,,True,https://www.cbs.gov.il/he/publications/Pages/2019/פסולת-שנאספה-ברשויות-המקומיות-2014-2017.aspx,"CBS - Household and Commercial Waste Collected, by Type of Treatment and Local Authority"
,מבואות החרמון,Mevo'ot HaHermon,,8021.0,,2020,8687.48,3.210103859800816,37.36469033597775,62.63530966402225,,True,https://www.cbs.gov.il/he/publications/Pages/2019/פסולת-שנאספה-ברשויות-המקומיות-2014-2017.aspx,"CBS - Household and Commercial Waste Collected, by Type of Treatment and Local Authority"
1015,מבשרת ציון,Mevasseret Ziyyon,,25476.0,,2020,14049.628,1.5939100812376783,17.836970487759533,82.16302951224047,,True,https://www.cbs.gov.il/he/publications/Pages/2019/פסולת-שנאספה-ברשויות-המקומיות-2014-2017.aspx,"CBS - Household and Commercial Waste Collected, by Type of Treatment and Local Authority"
516,מג'ד אל-כרום,Majd Al-Kurum,,14852.0,,2020,10071.56,1.7858594957279885,1.0421424287796528,98.95785757122036,,True,https://www.cbs.gov.il/he/publications/Pages/2019/פסולת-שנאספה-ברשויות-המקומיות-2014-2017.aspx,"CBS - Household and Commercial Waste Collected, by Type of Treatment and Local Authority"
4201,מג'דל שמס,Majdal Shams,,11103.0,,2020,7265.566000000001,1.7736487814285489,4.196039234933658,95.80396076506634,,True,https://www.cbs.gov.il/he/publications/Pages/2019/פסולת-שנאספה-ברשויות-המקומיות-2014-2017.aspx,"CBS - Household and Commercial Waste Collected, by Type of Treatment and Local Authority"
481,מגאר,Mughar,,22564.0,,2020,15625.087000000001,1.8518972804225031,0.5337954278270578,99.46620457217293,,True,https://www.cbs.gov.il/he/publications/Pages/2019/פסולת-שנאספה-ברשויות-המקומיות-2014-2017.aspx,"CBS - Household and Commercial Waste Collected, by Type of Treatment and Local Authority"
65,מגדל,Migdal,,2045.0,,2020,2634.821,3.671763820566061,12.859355531172707,87.1406444688273,,True,https://www.cbs.gov.il/he/publications/Pages/2019/פסולת-שנאספה-ברשויות-המקומיות-2014-2017.aspx,"CBS - Household and Commercial Waste Collected, by Type of Treatment and Local Authority"
874,מגדל העמק,Migdal HaEmeq,,27045.0,,2020,22185.154300000002,2.3651670197690233,9.041513089679073,90.95848691032091,,True,https://www.cbs.gov.il/he/publications/Pages/2019/פסולת-שנאספה-ברשויות-המקומיות-2014-2017.aspx,"CBS - Household and Commercial Waste Collected, by Type of Treatment and Local Authority"
586,מגידו,Megiddo,,953.0,,2020,10313.475,2.366110860024364,16.119445676651175,83.88055432334882,,True,https://www.cbs.gov.il/he/publications/Pages/2019/פסולת-שנאספה-ברשויות-המקומיות-2014-2017.aspx,"CBS - Household and Commercial Waste Collected, by Type of Treatment and Local Authority"
,מגילות ים המלח,Megilot,,2243.0,,2020,1902.69,2.7472196653852405,2.586863861164982,97.41313613883503,,True,https://www.cbs.gov.il/he/publications/Pages/2019/פסולת-שנאספה-ברשויות-המקומיות-2014-2017.aspx,"CBS - Household and Commercial Waste Collected, by Type of Treatment and Local Authority"
3797,מודיעין עילית,Modi'in Illit,,83133.0,,2020,26783.749,0.950883229298441,35.401058679276005,64.598941320724,,True,https://www.cbs.gov.il/he/publications/Pages/2019/פסולת-שנאספה-ברשויות-המקומיות-2014-2017.aspx,"CBS - Household and Commercial Waste Collected, by Type of Treatment and Local Authority"
1200,מודיעין-מכבים-רעות,Modi'in-Makkabbim-Re'ut,,92307.0,,2020,50386.807,1.4690907081777909,37.887312446688675,62.11268755331132,,True,https://www.cbs.gov.il/he/publications/Pages/2019/פסולת-שנאספה-ברשויות-המקומיות-2014-2017.aspx,"CBS - Household and Commercial Waste Collected, by Type of Treatment and Local Authority"
28,מזכרת בתיה,Mazkeret Batya,,15858.0,,2020,9661.404,1.7687671232876712,26.318163488453646,73.68183651154636,,True,https://www.cbs.gov.il/he/publications/Pages/2019/פסולת-שנאספה-ברשויות-המקומיות-2014-2017.aspx,"CBS - Household and Commercial Waste Collected, by Type of Treatment and Local Authority"
517,מזרעה,Mazra'a,,3772.0,,2020,2526.358,1.7463173374853758,0.5208287978188364,99.47917120218118,,True,https://www.cbs.gov.il/he/publications/Pages/2019/פסולת-שנאספה-ברשויות-המקומיות-2014-2017.aspx,"CBS - Household and Commercial Waste Collected, by Type of Treatment and Local Authority"
,מטה אשר,Matte Asher,,30980.0,,2020,27504.57,2.5100758236357836,26.01629474665483,73.98370525334518,,True,https://www.cbs.gov.il/he/publications/Pages/2019/פסולת-שנאספה-ברשויות-המקומיות-2014-2017.aspx,"CBS - Household and Commercial Waste Collected, by Type of Treatment and Local Authority"
,מטה בנימין,Mate Binyamin,,76014.0,,2020,37849.38333333333,1.471556967953587,8.8649088514432,91.1350911485568,,True,https://www.cbs.gov.il/he/publications/Pages/2019/פסולת-שנאספה-ברשויות-המקומיות-2014-2017.aspx,"CBS - Household and Commercial Waste Collected, by Type of Treatment and Local Authority"
,מטה יהודה,Matte Yehuda,,59780.0,,2020,45528.172000000006,2.043675590169809,31.77998668604573,68.22001331395427,,True,https://www.cbs.gov.il/he/publications/Pages/2019/פסולת-שנאספה-ברשויות-המקומיות-2014-2017.aspx,"CBS - Household and Commercial Waste Collected, by Type of Treatment and Local Authority"
43,מטולה,Metula,,1873.0,,2020,1063.24,1.7821880094034037,10.660810353259846,89.33918964674015,,True,https://www.cbs.gov.il/he/publications/Pages/2019/פסולת-שנאספה-ברשויות-המקומיות-2014-2017.aspx,"CBS - Household and Commercial Waste Collected, by Type of Treatment and Local Authority"
1268,מיתר,Metar,,11207.0,,2020,6579.12,1.8584376019558577,23.334941755128344,76.66505824487166,,True,https://www.cbs.gov.il/he/publications/Pages/2019/פסולת-שנאספה-ברשויות-המקומיות-2014-2017.aspx,"CBS - Household and Commercial Waste Collected, by Type of Treatment and Local Authority"
,מנשה,Menashe,,21263.0,,2020,13747.732333333333,1.7828751344941873,44.456294210169986,55.54370578983002,,True,https://www.cbs.gov.il/he/publications/Pages/2019/פסולת-שנאספה-ברשויות-המקומיות-2014-2017.aspx,"CBS - Household and Commercial Waste Collected, by Type of Treatment and Local Authority"
4203,מסעדה,Mas'ade,,4091.0,,2020,2654.9399999999996,1.9482545116320025,1.4211243945249237,98.57887560547508,,True,https://www.cbs.gov.il/he/publications/Pages/2019/פסולת-שנאספה-ברשויות-המקומיות-2014-2017.aspx,"CBS - Household and Commercial Waste Collected, by Type of Treatment and Local Authority"
518,מעיליא,Mi'elya,,3269.0,,2020,2079.542,1.7492709064985426,1.7293230913345343,98.27067690866546,,True,https://www.cbs.gov.il/he/publications/Pages/2019/פסולת-שנאספה-ברשויות-המקומיות-2014-2017.aspx,"CBS - Household and Commercial Waste Collected, by Type of Treatment and Local Authority"
3616,מעלה אדומים,Ma'ale Adummim,,36664.0,,2020,27598.162,1.9897475754194291,23.736660434126012,76.26333956587399,,True,https://www.cbs.gov.il/he/publications/Pages/2019/פסולת-שנאספה-ברשויות-המקומיות-2014-2017.aspx,"CBS - Household and Commercial Waste Collected, by Type of Treatment and Local Authority"
3608,מעלה אפרים,Ma'ale Efrayim,,1635.0,,2020,585.7,1.2760696097388273,1.1712480792214444,98.82875192077856,,True,https://www.cbs.gov.il/he/publications/Pages/2019/פסולת-שנאספה-ברשויות-המקומיות-2014-2017.aspx,"CBS - Household and Commercial Waste Collected, by Type of Treatment and Local Authority"
,מעלה יוסף,Ma'ale Yosef,,11929.0,,2020,8436.692000000001,2.118142007563276,3.5804554676169285,96.41954453238307,,True,https://www.cbs.gov.il/he/publications/Pages/2019/פסולת-שנאספה-ברשויות-המקומיות-2014-2017.aspx,"CBS - Household and Commercial Waste Collected, by Type of Treatment and Local Authority"
1327,מעלה עירון,Ma'ale Iron,,14865.0,,2020,7563.43,1.3612564314269837,19.676919069787125,80.32308093021288,,True,https://www.cbs.gov.il/he/publications/Pages/2019/פסולת-שנאספה-ברשויות-המקומיות-2014-2017.aspx,"CBS - Household and Commercial Waste Collected, by Type of Treatment and Local Authority"
1063,מעלות-תרשיחא,Ma'alot-Tarshiha,,22720.0,,2020,13191.17,1.644305554430225,1.2805535824343104,98.71944641756569,,True,https://www.cbs.gov.il/he/publications/Pages/2019/פסולת-שנאספה-ברשויות-המקומיות-2014-2017.aspx,"CBS - Household and Commercial Waste Collected, by Type of Treatment and Local Authority"
99,מצפה רמון,Mizpe Ramon,,5385.0,,2020,4144.116,2.184252109610124,5.723198867985355,94.27680113201464,,True,https://www.cbs.gov.il/he/publications/Pages/2019/פסולת-שנאספה-ברשויות-המקומיות-2014-2017.aspx,"CBS - Household and Commercial Waste Collected, by Type of Treatment and Local Authority"
,מרום הגליל,Merom HaGalil,,15541.0,,2020,13679.090999999999,2.395612480429277,9.833263043575046,90.16673695642496,,True,https://www.cbs.gov.il/he/publications/Pages/2019/פסולת-שנאספה-ברשויות-המקומיות-2014-2017.aspx,"CBS - Household and Commercial Waste Collected, by Type of Treatment and Local Authority"
,מרחבים,Merhavim,,14544.0,,2020,9257.224,1.7882152953709776,8.329978533521496,91.67002146647852,,True,https://www.cbs.gov.il/he/publications/Pages/2019/פסולת-שנאספה-ברשויות-המקומיות-2014-2017.aspx,"CBS - Household and Commercial Waste Collected, by Type of Treatment and Local Authority"
,משגב,Misgav,,29181.0,,2020,16993.564,1.586185254464469,49.78657802448033,50.21342197551968,,True,https://www.cbs.gov.il/he/publications/Pages/2019/פסולת-שנאספה-ברשויות-המקומיות-2014-2017.aspx,"CBS - Household and Commercial Waste Collected, by Type of Treatment and Local Authority"
520,משהד,Meshhed,,8499.0,,2020,4418.37,1.4360428599171045,0.9195698866324008,99.0804301133676,,True,https://www.cbs.gov.il/he/publications/Pages/2019/פסולת-שנאספה-ברשויות-המקומיות-2014-2017.aspx,"CBS - Household and Commercial Waste Collected, by Type of Treatment and Local Authority"
9100,נהרייה,Nahariyya,,63318.0,,2020,43082.71,2.01335281134323,8.35369919858802,91.64630080141198,,True,https://www.cbs.gov.il/he/publications/Pages/2019/פסולת-שנאספה-ברשויות-המקומיות-2014-2017.aspx,"CBS - Household and Commercial Waste Collected, by Type of Treatment and Local Authority"
,נווה מדבר,Neve Midbar,,13096.0,,2020,1916.0290909090909,0.419968380304328,0.0,100.0,,True,https://www.cbs.gov.il/he/publications/Pages/2019/פסולת-שנאספה-ברשויות-המקומיות-2014-2017.aspx,"CBS - Household and Commercial Waste Collected, by Type of Treatment and Local Authority"
1061,נוף הגליל,Nazerat Illit,,43479.0,,2020,23570.749,1.5436027899881188,17.584290596790115,82.41570940320989,,True,https://www.cbs.gov.il/he/publications/Pages/2019/פסולת-שנאספה-ברשויות-המקומיות-2014-2017.aspx,"CBS - Household and Commercial Waste Collected, by Type of Treatment and Local Authority"
,נחל שורק,Nahal Soreq,,10204.0,,2020,5633.702,1.5577332593228035,15.6966413913977,84.30335860860228,,True,https://www.cbs.gov.il/he/publications/Pages/2019/פסולת-שנאספה-ברשויות-המקומיות-2014-2017.aspx,"CBS - Household and Commercial Waste Collected, by Type of Treatment and Local Authority"
522,נחף,Nahef,,13446.0,,2020,6906.197999999999,1.431030888742921,1.2568130829727153,98.74318691702729,,True,https://www.cbs.gov.il/he/publications/Pages/2019/פסולת-שנאספה-ברשויות-המקומיות-2014-2017.aspx,"CBS - Household and Commercial Waste Collected, by Type of Treatment and Local Authority"
7200,נס ציונה,Nes Ziyyona,,47620.0,,2020,28981.907000000003,1.571439582245799,21.604454806924885,78.39554519307512,,True,https://www.cbs.gov.il/he/publications/Pages/2019/פסולת-שנאספה-ברשויות-המקומיות-2014-2017.aspx,"CBS - Household and Commercial Waste Collected, by Type of Treatment and Local Authority"
7300,נצרת,Nazareth,,77295.0,,2020,,,,,,False,https://www.cbs.gov.il/he/publications/Pages/2019/פסולת-שנאספה-ברשויות-המקומיות-2014-2017.aspx,"CBS - Household and Commercial Waste Collected, by Type of Treatment and Local Authority"
2500,נשר,Nesher,,22911.0,,2020,12214.858,1.388978952147328,12.326414273501992,87.673585726498,,True,https://www.cbs.gov.il/he/publications/Pages/2019/פסולת-שנאספה-ברשויות-המקומיות-2014-2017.aspx,"CBS - Household and Commercial Waste Collected, by Type of Treatment and Local Authority"
246,נתיבות,Netivot,,45024.0,,2020,26893.155000000002,1.907693098901645,4.027409130687716,95.97259086931228,,True,https://www.cbs.gov.il/he/publications/Pages/2019/פסולת-שנאספה-ברשויות-המקומיות-2014-2017.aspx,"CBS - Household and Commercial Waste Collected, by Type of Treatment and Local Authority"
7400,נתניה,Netanya,,223920.0,,2020,138212.771,1.707691072140007,14.742730904657137,85.25726909534286,,True,https://www.cbs.gov.il/he/publications/Pages/2019/פסולת-שנאספה-ברשויות-המקומיות-2014-2017.aspx,"CBS - Household and Commercial Waste Collected, by Type of Treatment and Local Authority"
525,סאג'ור,Sajur,,4155.0,,2020,,,,,,False,https://www.cbs.gov.il/he/publications/Pages/2019/פסולת-שנאספה-ברשויות-המקומיות-2014-2017.aspx,"CBS - Household and Commercial Waste Collected, by Type of Treatment and Local Authority"
587,סביון,Savyon,,4494.0,,2020,8727.81,5.93418742255319,39.86005653193643,60.139943468063585,,True,https://www.cbs.gov.il/he/publications/Pages/2019/פסולת-שנאספה-ברשויות-המקומיות-2014-2017.aspx,"CBS - Household and Commercial Waste Collected, by Type of Treatment and Local Authority"
7500,סח'נין,Sakhnin,,32355.0,,2020,,,,,,False,https://www.cbs.gov.il/he/publications/Pages/2019/פסולת-שנאספה-ברשויות-המקומיות-2014-2017.aspx,"CBS - Household and Commercial Waste Collected, by Type of Treatment and Local Authority"
4501,ע'ג'ר,Ghajar,,2629.0,,2020,1203.6480000000001,1.2302427731485388,1.3366033923539107,98.66339660764609,,True,https://www.cbs.gov.il/he/publications/Pages/2019/פסולת-שנאספה-ברשויות-המקומיות-2014-2017.aspx,"CBS - Household and Commercial Waste Collected, by Type of Treatment and Local Authority"
666,עומר,Omer,,8250.0,,2020,5547.341,2.0130058967613174,28.871748882933286,71.12825111706671,,True,https://www.cbs.gov.il/he/publications/Pages/2019/פסולת-שנאספה-ברשויות-המקומיות-2014-2017.aspx,"CBS - Household and Commercial Waste Collected, by Type of Treatment and Local Authority"
530,עיילבון,Eilabun,,5777.0,,2020,3118.441,1.4808343829799357,1.489237731289449,98.51076226871056,,True,https://www.cbs.gov.il/he/publications/Pages/2019/פסולת-שנאספה-ברשויות-המקומיות-2014-2017.aspx,"CBS - Household and Commercial Waste Collected, by Type of Treatment and Local Authority"
511,עילוט,Ilut,,8561.0,,2020,4448.845,1.4430375230398584,1.19390538443124,98.80609461556877,,True,https://www.cbs.gov.il/he/publications/Pages/2019/פסולת-שנאספה-ברשויות-המקומיות-2014-2017.aspx,"CBS - Household and Commercial Waste Collected, by Type of Treatment and Local Authority"
532,עין מאהל,Ein Mahel,,13485.0,,2020,,,,,,False,https://www.cbs.gov.il/he/publications/Pages/2019/פסולת-שנאספה-ברשויות-המקומיות-2014-2017.aspx,"CBS - Household and Commercial Waste Collected, by Type of Treatment and Local Authority"
4502,עין קנייא,Ein Qiniyye,,2361.0,,2020,1190.58,1.5397040423406327,4.02912865998085,95.97087134001914,,True,https://www.cbs.gov.il/he/publications/Pages/2019/פסולת-שנאספה-ברשויות-המקומיות-2014-2017.aspx,"CBS - Household and Commercial Waste Collected, by Type of Treatment and Local Authority"
7600,עכו,Akko,,50555.0,,2020,32150.010000000002,1.7815442326402355,9.227761913604382,90.77223808639562,,True,https://www.cbs.gov.il/he/publications/Pages/2019/פסולת-שנאספה-ברשויות-המקומיות-2014-2017.aspx,"CBS - Household and Commercial Waste Collected, by Type of Treatment and Local Authority"
3660,עמנואל,Immanu'el,,4860.0,,2020,2115.52,1.4426745999948853,2.593546740281349,97.40645325971865,,True,https://www.cbs.gov.il/he/publications/Pages/2019/פסולת-שנאספה-ברשויות-המקומיות-2014-2017.aspx,"CBS - Household and Commercial Waste Collected, by Type of Treatment and Local Authority"
,עמק הירדן,Emeq HaYarden,,15138.0,,2020,15883.957,3.1165317012897127,27.791780347932193,72.20821965206781,,True,https://www.cbs.gov.il/he/publications/Pages/2019/פסולת-שנאספה-ברשויות-המקומיות-2014-2017.aspx,"CBS - Household and Commercial Waste Collected, by Type of Treatment and Local Authority"
,עמק המעיינות,Emeq HaMa'ayanot,,15012.0,,2020,11794.944000000001,2.3305145729477252,11.691724861093023,88.30827513890698,,True,https://www.cbs.gov.il/he/publications/Pages/2019/פסולת-שנאספה-ברשויות-המקומיות-2014-2017.aspx,"CBS - Household and Commercial Waste Collected, by Type of Treatment and Local Authority"
,עמק חפר,Emeq Hefer,,41826.0,,2020,26785.143,1.7224460661352095,44.56003432529742,55.439965674702584,,True,https://www.cbs.gov.il/he/publications/Pages/2019/פסולת-שנאספה-ברשויות-המקומיות-2014-2017.aspx,"CBS - Household and Commercial Waste Collected, by Type of Treatment and Local Authority"
,עמק יזרעאל,Emeq Yizre'el,,40514.0,,2020,25402.256,1.7679017913379114,46.45459836323199,53.545401636768005,,True,https://www.cbs.gov.il/he/publications/Pages/2019/פסולת-שנאספה-ברשויות-המקומיות-2014-2017.aspx,"CBS - Household and Commercial Waste Collected, by Type of Treatment and Local Authority"
534,עספיא,Isifya,,13060.0,,2020,,,,,,False,https://www.cbs.gov.il/he/publications/Pages/2019/פסולת-שנאספה-ברשויות-המקומיות-2014-2017.aspx,"CBS - Household and Commercial Waste Collected, by Type of Treatment and Local Authority"
7700,עפולה,Afula,,60828.0,,2020,41200.554000000004,2.033493908916245,37.0766228046351,62.92337719536489,,True,https://www.cbs.gov.il/he/publications/Pages/2019/פסולת-שנאספה-ברשויות-המקומיות-2014-2017.aspx,"CBS - Household and Commercial Waste Collected, by Type of Treatment and Local Authority"
531,עראבה,Arrabe,,26119.0,,2020,22465.23,2.363389664681415,8.544938111027573,91.45506188897244,,True,https://www.cbs.gov.il/he/publications/Pages/2019/פסולת-שנאספה-ברשויות-המקומיות-2014-2017.aspx,"CBS - Household and Commercial Waste Collected, by Type of Treatment and Local Authority"
,ערבות הירדן,Arvot Hayarden,,6294.0,,2020,3466.18,1.6938167415756418,6.718981703200642,93.28101829679937,,True,https://www.cbs.gov.il/he/publications/Pages/2019/פסולת-שנאספה-ברשויות-המקומיות-2014-2017.aspx,"CBS - Household and Commercial Waste Collected, by Type of Treatment and Local Authority"
2560,ערד,Arad,,27586.0,,2020,14691.148000000001,1.4917248739139133,6.17411246554728,93.82588753445272,,True,https://www.cbs.gov.il/he/publications/Pages/2019/פסולת-שנאספה-ברשויות-המקומיות-2014-2017.aspx,"CBS - Household and Commercial Waste Collected, by Type of Treatment and Local Authority"
637,ערערה,Ar'ara,,19919.0,,2020,11845.35,1.278306792658991,0.0,100.0,,True,https://www.cbs.gov.il/he/publications/Pages/2019/פסולת-שנאספה-ברשויות-המקומיות-2014-2017.aspx,"CBS - Household and Commercial Waste Collected, by Type of Treatment and Local Authority"
1192,ערערה-בנגב,Ar'ara-BaNegev,,19543.0,,2020,4620.4,0.6790382006751583,0.0,100.0,,True,https://www.cbs.gov.il/he/publications/Pages/2019/פסולת-שנאספה-ברשויות-המקומיות-2014-2017.aspx,"CBS - Household and Commercial Waste Collected, by Type of Treatment and Local Authority"
537,פוריידיס,Fureidis,,13108.0,,2020,,,,,,False,https://www.cbs.gov.il/he/publications/Pages/2019/פסולת-שנאספה-ברשויות-המקומיות-2014-2017.aspx,"CBS - Household and Commercial Waste Collected, by Type of Treatment and Local Authority"
535,פסוטה,Fassuta,,3358.0,,2020,1684.916,1.4534660639729478,1.5186513749053365,98.48134862509467,,True,https://www.cbs.gov.il/he/publications/Pages/2019/פסולת-שנאספה-ברשויות-המקומיות-2014-2017.aspx,"CBS - Household and Commercial Waste Collected, by Type of Treatment and Local Authority"
536,פקיעין (בוקייעה),Peqi'in (Buqei'a),,5919.0,,2020,5115.0,2.3615939720487003,1.1219941348973608,98.87800586510264,,True,https://www.cbs.gov.il/he/publications/Pages/2019/פסולת-שנאספה-ברשויות-המקומיות-2014-2017.aspx,"CBS - Household and Commercial Waste Collected, by Type of Treatment and Local Authority"
7800,פרדס חנה-כרכור,Pardes Hanna-Karkur,,44161.0,,2020,26730.84,1.6880104662200914,24.686691476960696,75.3133085230393,,True,https://www.cbs.gov.il/he/publications/Pages/2019/פסולת-שנאספה-ברשויות-המקומיות-2014-2017.aspx,"CBS - Household and Commercial Waste Collected, by Type of Treatment and Local Authority"
171,פרדסייה,Pardesiyya,,7743.0,,2020,3704.7619999999997,1.614833008784079,21.562275795314246,78.43772420468575,,True,https://www.cbs.gov.il/he/publications/Pages/2019/פסולת-שנאספה-ברשויות-המקומיות-2014-2017.aspx,"CBS - Household and Commercial Waste Collected, by Type of Treatment and Local Authority"
7900,פתח תקווה,Petah Tiqwa,,264046.0,,2020,165247.504,1.81659934062769,9.935813614467667,90.06418638553232,,True,https://www.cbs.gov.il/he/publications/Pages/2019/פסולת-שנאספה-ברשויות-המקומיות-2014-2017.aspx,"CBS - Household and Commercial Waste Collected, by Type of Treatment and Local Authority"
8000,צפת,Zefat,,37801.0,,2020,25919.760000000002,1.9683470610738112,4.180169878116155,95.81983012188384,,True,https://www.cbs.gov.il/he/publications/Pages/2019/פסולת-שנאספה-ברשויות-המקומיות-2014-2017.aspx,"CBS - Household and Commercial Waste Collected, by Type of Treatment and Local Authority"
3557,קדומים,Qedumim,,4470.0,,2020,2169.1200000000003,1.3018169815000977,2.5286752231319607,97.47132477686804,,True,https://www.cbs.gov.il/he/publications/Pages/2019/פסולת-שנאספה-ברשויות-המקומיות-2014-2017.aspx,"CBS - Household and Commercial Waste Collected, by Type of Treatment and Local Authority"
195,קדימה-צורן,Qadima- Zoran,,22153.0,,2020,13485.219,1.6275685233238792,23.297778849568555,76.70222115043144,,True,https://www.cbs.gov.il/he/publications/Pages/2019/פסולת-שנאספה-ברשויות-המקומיות-2014-2017.aspx,"CBS - Household and Commercial Waste Collected, by Type of Treatment and Local Authority"
638,קלנסווה,Qalansawe,,23951.0,,2020,15238.880279699999,1.7897484484271753,12.37470368614986,87.62529631385014,,True,https://www.cbs.gov.il/he/publications/Pages/2019/פסולת-שנאספה-ברשויות-המקומיות-2014-2017.aspx,"CBS - Household and Commercial Waste Collected, by Type of Treatment and Local Authority"
4100,קצרין,Qazrin,,7633.0,,2020,4548.741,1.6844365897937474,11.13716960363318,88.86283039636682,,True,https://www.cbs.gov.il/he/publications/Pages/2019/פסולת-שנאספה-ברשויות-המקומיות-2014-2017.aspx,"CBS - Household and Commercial Waste Collected, by Type of Treatment and Local Authority"
2620,קריית אונו,Qiryat Ono,,41537.0,,2020,21293.554,1.436148446256023,36.79918345241945,63.20081654758055,,True,https://www.cbs.gov.il/he/publications/Pages/2019/פסולת-שנאספה-ברשויות-המקומיות-2014-2017.aspx,"CBS - Household and Commercial Waste Collected, by Type of Treatment and Local Authority"
3611,קריית ארבע,Qiryat Arba,,7442.0,,2020,3506.77,1.3103640263360463,2.2852938744200504,97.71470612557995,,True,https://www.cbs.gov.il/he/publications/Pages/2019/פסולת-שנאספה-ברשויות-המקומיות-2014-2017.aspx,"CBS - Household and Commercial Waste Collected, by Type of Treatment and Local Authority"
6800,קריית אתא,Qiryat Atta,,60465.0,,2020,39590.166000000005,1.8322923158129316,33.4074148615593,66.5925851384407,,True,https://www.cbs.gov.il/he/publications/Pages/2019/פסולת-שנאספה-ברשויות-המקומיות-2014-2017.aspx,"CBS - Household and Commercial Waste Collected, by Type of Treatment and Local Authority"
9500,קריית ביאליק,Qiryat Bialik,,44806.0,,2020,24711.449999999997,1.648408330344059,35.455645055227436,64.54435494477256,,True,https://www.cbs.gov.il/he/publications/Pages/2019/פסולת-שנאספה-ברשויות-המקומיות-2014-2017.aspx,"CBS - Household and Commercial Waste Collected, by Type of Treatment and Local Authority"
2630,קריית גת,Qiryat Gat,,63386.0,,2020,36422.49,1.7266239946640443,2.1257195760092187,97.87428042399078,,True,https://www.cbs.gov.il/he/publications/Pages/2019/פסולת-שנאספה-ברשויות-המקומיות-2014-2017.aspx,"CBS - Household and Commercial Waste Collected, by Type of Treatment and Local Authority"
2300,קריית טבעון,Qiryat Tiv'on,,17944.0,,2020,10301.71,1.5489744258656841,35.58365747045879,64.41634252954121,,True,https://www.cbs.gov.il/he/publications/Pages/2019/פסולת-שנאספה-ברשויות-המקומיות-2014-2017.aspx,"CBS - Household and Commercial Waste Collected, by Type of Treatment and Local Authority"
9600,קריית ים,Qiryat Yam,,38906.0,,2020,21779.85,1.5038767558296342,22.281282928945792,77.7187170710542,,True,https://www.cbs.gov.il/he/publications/Pages/2019/פסולת-שנאספה-ברשויות-המקומיות-2014-2017.aspx,"CBS - Household and Commercial Waste Collected, by Type of Treatment and Local Authority"
1137,קריית יערים,Qiryat Ye'arim,,7161.0,,2020,3046.624,1.3499781770165211,7.4523144306616125,92.54768556933838,,True,https://www.cbs.gov.il/he/publications/Pages/2019/פסולת-שנאספה-ברשויות-המקומיות-2014-2017.aspx,"CBS - Household and Commercial Waste Collected, by Type of Treatment and Local Authority"
8200,קריית מוצקין,Qiryat Motzkin,,49057.0,,2020,23823.52,1.4706062638446968,8.393050229353177,91.60694977064682,,True,https://www.cbs.gov.il/he/publications/Pages/2019/פסולת-שנאספה-ברשויות-המקומיות-2014-2017.aspx,"CBS - Household and Commercial Waste Collected, by Type of Treatment and Local Authority"
1034,קריית מלאכי,Qiryat Mal'akhi,,26362.0,,2020,,,,,,False,https://www.cbs.gov.il/he/publications/Pages/2019/פסולת-שנאספה-ברשויות-המקומיות-2014-2017.aspx,"CBS - Household and Commercial Waste Collected, by Type of Treatment and Local Authority"
469,קריית עקרון,Qiryat Eqron,,11425.0,,2020,8152.831999999999,2.0234193339430435,19.462758462335543,80.53724153766446,,True,https://www.cbs.gov.il/he/publications/Pages/2019/פסולת-שנאספה-ברשויות-המקומיות-2014-2017.aspx,"CBS - Household and Commercial Waste Collected, by Type of Treatment and Local Authority"
2800,קריית שמונה,Qiryat Shemona,,23083.0,,2020,14291.17,1.7450201854466365,6.845835575393757,93.15416442460625,,True,https://www.cbs.gov.il/he/publications/Pages/2019/פסולת-שנאספה-ברשויות-המקומיות-2014-2017.aspx,"CBS - Household and Commercial Waste Collected, by Type of Treatment and Local Authority"
3640,קרני שומרון,Qarne Shomeron,,10102.0,,2020,5177.451,1.6163169166219202,14.942893713528143,85.05710628647185,,True,https://www.cbs.gov.il/he/publications/Pages/2019/פסולת-שנאספה-ברשויות-המקומיות-2014-2017.aspx,"CBS - Household and Commercial Waste Collected, by Type of Treatment and Local Authority"
543,ראמה,Rame,,8472.0,,2020,3516.102,1.2413861036576754,2.278147789796769,97.72185221020322,,True,https://www.cbs.gov.il/he/publications/Pages/2019/פסולת-שנאספה-ברשויות-המקומיות-2014-2017.aspx,"CBS - Household and Commercial Waste Collected, by Type of Treatment and Local Authority"
2640,ראש העין,Rosh HaAyin,,74572.0,,2020,36615.623999999996,1.5501916643954685,22.101812653994184,77.89818734600583,,True,https://www.cbs.gov.il/he/publications/Pages/2019/פסולת-שנאספה-ברשויות-המקומיות-2014-2017.aspx,"CBS - Household and Commercial Waste Collected, by Type of Treatment and Local Authority"
26,ראש פינה,Rosh Pinna,,3352.0,,2020,2624.6169999999997,2.2594600178630992,5.320662024211533,94.67933797578847,,True,https://www.cbs.gov.il/he/publications/Pages/2019/פסולת-שנאספה-ברשויות-המקומיות-2014-2017.aspx,"CBS - Household and Commercial Waste Collected, by Type of Treatment and Local Authority"
8300,ראשון לציון,Rishon LeZiyyon,,252413.0,,2020,162976.582,1.7495251463418358,25.984896406773338,74.01510359322666,,True,https://www.cbs.gov.il/he/publications/Pages/2019/פסולת-שנאספה-ברשויות-המקומיות-2014-2017.aspx,"CBS - Household and Commercial Waste Collected, by Type of Treatment and Local Authority"
1161,רהט,Rahat,,71355.0,,2020,42573.888,1.6065671160234964,0.459814428975808,99.54018557102418,,True,https://www.cbs.gov.il/he/publications/Pages/2019/פסולת-שנאספה-ברשויות-המקומיות-2014-2017.aspx,"CBS - Household and Commercial Waste Collected, by Type of Treatment and Local Authority"
8400,רחובות,Rehovot,,150471.0,,2020,104075.811,1.96648407904288,15.233111755429896,84.76688824457011,,True,https://www.cbs.gov.il/he/publications/Pages/2019/פסולת-שנאספה-ברשויות-המקומיות-2014-2017.aspx,"CBS - Household and Commercial Waste Collected, by Type of Treatment and Local Authority"
542,ריינה,Reine,,17046.0,,2020,9239.953,1.327404946045168,1.1899735853634754,98.81002641463652,,True,https://www.cbs.gov.il/he/publications/Pages/2019/פסולת-שנאספה-ברשויות-המקומיות-2014-2017.aspx,"CBS - Household and Commercial Waste Collected, by Type of Treatment and Local Authority"
922,רכסים,Rekhasim,,13910.0,,2020,6329.89,1.3374591743000537,3.6726862552113855,96.32731374478861,,True,https://www.cbs.gov.il/he/publications/Pages/2019/פסולת-שנאספה-ברשויות-המקומיות-2014-2017.aspx,"CBS - Household and Commercial Waste Collected, by Type of Treatment and Local Authority"
8500,רמלה,Ramla,,81126.0,,2020,50853.168000000005,1.8184561803946344,16.083241854273467,83.91675814572653,,True,https://www.cbs.gov.il/he/publications/Pages/2019/פסולת-שנאספה-ברשויות-המקומיות-2014-2017.aspx,"CBS - Household and Commercial Waste Collected, by Type of Treatment and Local Authority"
8600,רמת גן,Ramat Gan,,165155.0,,2020,106972.056,1.770648062611905,41.11833589152543,58.88166410847456,,True,https://www.cbs.gov.il/he/publications/Pages/2019/פסולת-שנאספה-ברשויות-המקומיות-2014-2017.aspx,"CBS - Household and Commercial Waste Collected, by Type of Treatment and Local Authority"
2650,רמת השרון,Ramat HaSharon,,48986.0,,2020,39779.990000000005,2.300331879916054,41.031910767197274,58.96808923280273,,True,https://www.cbs.gov.il/he/publications/Pages/2019/פסולת-שנאספה-ברשויות-המקומיות-2014-2017.aspx,"CBS - Household and Commercial Waste Collected, by Type of Treatment and Local Authority"
122,רמת ישי,Ramat Yishay,,7880.0,,2020,5827.08,2.0360416706703264,26.529256505831395,73.47074349416862,,True,https://www.cbs.gov.il/he/publications/Pages/2019/פסולת-שנאספה-ברשויות-המקומיות-2014-2017.aspx,"CBS - Household and Commercial Waste Collected, by Type of Treatment and Local Authority"
,רמת נגב,Ramat Negev,,8097.0,,2020,11347.669999999998,3.8127921080837703,8.395732339766667,91.60426766023335,,True,https://www.cbs.gov.il/he/publications/Pages/2019/פסולת-שנאספה-ברשויות-המקומיות-2014-2017.aspx,"CBS - Household and Commercial Waste Collected, by Type of Treatment and Local Authority"
8700,רעננה,Ra'annana,,80155.0,,2020,49918.960999999996,1.803112456490247,11.667857684377687,88.3321423156223,,True,https://www.cbs.gov.il/he/publications/Pages/2019/פסולת-שנאספה-ברשויות-המקומיות-2014-2017.aspx,"CBS - Household and Commercial Waste Collected, by Type of Treatment and Local Authority"
913,שבלי-אום אל-גנם,Shibli-Umm Al-Ghanam,,6278.0,,2020,,,,,,False,https://www.cbs.gov.il/he/publications/Pages/2019/פסולת-שנאספה-ברשויות-המקומיות-2014-2017.aspx,"CBS - Household and Commercial Waste Collected, by Type of Treatment and Local Authority"
1286,שגב-שלום,Segev-Shalom,,14654.0,,2020,5581.219999999999,1.3714528632342378,4.156797259380566,95.84320274061943,,True,https://www.cbs.gov.il/he/publications/Pages/2019/פסולת-שנאספה-ברשויות-המקומיות-2014-2017.aspx,"CBS - Household and Commercial Waste Collected, by Type of Treatment and Local Authority"
,שדות דן,Sedot Dan,,,,2020,16732.504,2.8982125312046003,31.100569287179013,68.89943071282099,,True,https://www.cbs.gov.il/he/publications/Pages/2019/פסולת-שנאספה-ברשויות-המקומיות-2014-2017.aspx,"CBS - Household and Commercial Waste Collected, by Type of Treatment and Local Authority"
,שדות נגב,Sedot Negev,,11590.0,,2020,9758.993999999999,2.472554664356008,19.55061802476772,80.44938197523228,,True,https://www.cbs.gov.il/he/publications/Pages/2019/פסולת-שנאספה-ברשויות-המקומיות-2014-2017.aspx,"CBS - Household and Commercial Waste Collected, by Type of Treatment and Local Authority"
1031,שדרות,Sederot,,31108.0,,2020,23044.300000000003,2.2266331091414306,2.9098834158555476,97.09011658414445,,True,https://www.cbs.gov.il/he/publications/Pages/2019/פסולת-שנאספה-ברשויות-המקומיות-2014-2017.aspx,"CBS - Household and Commercial Waste Collected, by Type of Treatment and Local Authority"
1304,שוהם,Shoham,,21171.0,,2020,12103.198,1.576806228171971,46.87106663875118,53.12893336124882,,True,https://www.cbs.gov.il/he/publications/Pages/2019/פסולת-שנאספה-ברשויות-המקומיות-2014-2017.aspx,"CBS - Household and Commercial Waste Collected, by Type of Treatment and Local Authority"
,שומרון,Shomron,,51691.0,,2020,20366.29,1.1992875982143436,9.675615932013145,90.32438406798687,,True,https://www.cbs.gov.il/he/publications/Pages/2019/פסולת-שנאספה-ברשויות-המקומיות-2014-2017.aspx,"CBS - Household and Commercial Waste Collected, by Type of Treatment and Local Authority"
812,שלומי,Shelomi,,7497.0,,2020,3428.76,1.4163381852542225,30.97708792683069,69.02291207316931,,True,https://www.cbs.gov.il/he/publications/Pages/2019/פסולת-שנאספה-ברשויות-המקומיות-2014-2017.aspx,"CBS - Household and Commercial Waste Collected, by Type of Treatment and Local Authority"
538,שעב,Sha'ab,,7445.0,,2020,3207.6,1.2300294220000634,1.0818057114353412,98.91819428856466,,True,https://www.cbs.gov.il/he/publications/Pages/2019/פסולת-שנאספה-ברשויות-המקומיות-2014-2017.aspx,"CBS - Household and Commercial Waste Collected, by Type of Treatment and Local Authority"
,שער הנגב,Sha'ar HaNegev,,8917.0,,2020,4202.79,1.3360205547003459,9.334989376104922,90.66501062389509,,True,https://www.cbs.gov.il/he/publications/Pages/2019/פסולת-שנאספה-ברשויות-המקומיות-2014-2017.aspx,"CBS - Household and Commercial Waste Collected, by Type of Treatment and Local Authority"
692,שפיר,Shafir,,1030.0,,2020,9520.514,2.214885577208848,22.85467226874516,77.14532773125484,,True,https://www.cbs.gov.il/he/publications/Pages/2019/פסולת-שנאספה-ברשויות-המקומיות-2014-2017.aspx,"CBS - Household and Commercial Waste Collected, by Type of Treatment and Local Authority"
8800,שפרעם,Shefar'am,,42713.0,,2020,36875.350000000006,2.3870792752022205,12.332140576292835,87.66785942370716,,True,https://www.cbs.gov.il/he/publications/Pages/2019/פסולת-שנאספה-ברשויות-המקומיות-2014-2017.aspx,"CBS - Household and Commercial Waste Collected, by Type of Treatment and Local Authority"
5000,תל אביב-יפו,Tel Aviv - Yafo,,492872.0,,2020,403442.476,2.3913819613678067,39.40620669797792,60.59379330202208,,True,https://www.cbs.gov.il/he/publications/Pages/2019/פסולת-שנאספה-ברשויות-המקומיות-2014-2017.aspx,"CBS - Household and Commercial Waste Collected, by Type of Treatment and Local Authority"
154,תל מונד,Tel Mond,,14115.0,,2020,7683.494000000001,1.5806178475109391,24.808687297731993,75.19131270226801,,True,https://www.cbs.gov.il/he/publications/Pages/2019/פסולת-שנאספה-ברשויות-המקומיות-2014-2017.aspx,"CBS - Household and Commercial Waste Collected, by Type of Treatment and Local Authority"
1054,תל שבע,Tel Sheva,,22760.0,,2020,,,,,,False,https://www.cbs.gov.il/he/publications/Pages/2019/פסולת-שנאספה-ברשויות-המקומיות-2014-2017.aspx,"CBS - Household and Commercial Waste Collected, by Type of Treatment and Local Authority"
,תמר,Tamar,,1524.0,,2020,7560.085,13.311414938197697,6.232800292589304,93.7671997074107,,True,https://www.cbs.gov.il/he/publications/Pages/2019/פסולת-שנאספה-ברשויות-המקומיות-2014-2017.aspx,"CBS - Household and Commercial Waste Collected, by Type of Treatment and Local Authority"
472,אבו גוש,Abu Ghosh,,8657.0,,2021,5279.618,1.8484067279170748,31.951366178386387,68.0486338216136,,True,https://www.cbs.gov.il/he/publications/Pages/2019/פסולת-שנאספה-ברשויות-המקומיות-2014-2017.aspx,"CBS - Household and Commercial Waste Collected, by Type of Treatment and Local Authority"
473,אבו סנאן,Abu Snan,,13895.0,,2021,9203.814,1.7534806694567844,0.6554130711463747,99.34458692885362,,True,https://www.cbs.gov.il/he/publications/Pages/2019/פסולת-שנאספה-ברשויות-המקומיות-2014-2017.aspx,"CBS - Household and Commercial Waste Collected, by Type of Treatment and Local Authority"
182,אבן יהודה,Even Yehuda,,14989.0,,2021,13532.447,2.621452114846494,18.345322172700914,81.65467782729908,,True,https://www.cbs.gov.il/he/publications/Pages/2019/פסולת-שנאספה-ברשויות-המקומיות-2014-2017.aspx,"CBS - Household and Commercial Waste Collected, by Type of Treatment and Local Authority"
2710,אום אל-פחם,Umm Al-Fahm,,57560.0,,2021,28590.157000000007,1.3687454743438237,3.235333754900331,96.76466624509966,,True,https://www.cbs.gov.il/he/publications/Pages/2019/פסולת-שנאספה-ברשויות-המקומיות-2014-2017.aspx,"CBS - Household and Commercial Waste Collected, by Type of Treatment and Local Authority"
31,אופקים,Ofaqim,,35355.0,,2021,19294.530000000002,1.5885364073503403,3.3003011319788564,96.69969886802116,,True,https://www.cbs.gov.il/he/publications/Pages/2019/פסולת-שנאספה-ברשויות-המקומיות-2014-2017.aspx,"CBS - Household and Commercial Waste Collected, by Type of Treatment and Local Authority"
2400,אור יהודה,Or Yehuda,,36850.0,,2021,28879.626,2.1504997761418396,34.734715747357676,65.26528425264233,,True,https://www.cbs.gov.il/he/publications/Pages/2019/פסולת-שנאספה-ברשויות-המקומיות-2014-2017.aspx,"CBS - Household and Commercial Waste Collected, by Type of Treatment and Local Authority"
1020,אור עקיבא,Or Aqiva,,22173.0,,2021,,,,,,False,https://www.cbs.gov.il/he/publications/Pages/2019/פסולת-שנאספה-ברשויות-המקומיות-2014-2017.aspx,"CBS - Household and Commercial Waste Collected, by Type of Treatment and Local Authority"
3760,אורנית,Oranit,,9979.0,,2021,5327.731,1.6147489670525175,31.14737774861381,68.85262225138618,,True,https://www.cbs.gov.il/he/publications/Pages/2019/פסולת-שנאספה-ברשויות-המקומיות-2014-2017.aspx,"CBS - Household and Commercial Waste Collected, by Type of Treatment and Local Authority"
565,אזור,Azor,,13191.0,,2021,12502.197,2.5555916228119036,35.53197090079448,64.46802909920552,,True,https://www.cbs.gov.il/he/publications/Pages/2019/פסולת-שנאספה-ברשויות-המקומיות-2014-2017.aspx,"CBS - Household and Commercial Waste Collected, by Type of Treatment and Local Authority"
2600,אילת,Eilat,,55213.0,,2021,66687.868,3.4711316906914065,7.192219730281376,92.80778026971862,,True,https://www.cbs.gov.il/he/publications/Pages/2019/פסולת-שנאספה-ברשויות-המקומיות-2014-2017.aspx,"CBS - Household and Commercial Waste Collected, by Type of Treatment and Local Authority"
478,אכסאל,Iksal,,14646.0,,2021,8662.271,1.577679861397274,26.162550213448643,73.83744978655135,,True,https://www.cbs.gov.il/he/publications/Pages/2019/פסולת-שנאספה-ברשויות-המקומיות-2014-2017.aspx,"CBS - Household and Commercial Waste Collected, by Type of Treatment and Local Authority"
,אל קסום,El Kasum,,18954.0,,2021,5158.4929999999995,0.8378750576105868,0.37206602781083553,99.62793397218917,,True,https://www.cbs.gov.il/he/publications/Pages/2019/פסולת-שנאספה-ברשויות-המקומיות-2014-2017.aspx,"CBS - Household and Commercial Waste Collected, by Type of Treatment and Local Authority"
,אל-בטוף,El Batuf,,8903.0,,2021,,,,,,False,https://www.cbs.gov.il/he/publications/Pages/2019/פסולת-שנאספה-ברשויות-המקומיות-2014-2017.aspx,"CBS - Household and Commercial Waste Collected, by Type of Treatment and Local Authority"
,אלונה,Allona,,2195.0,,2021,2338.725,2.8177070155781254,55.85500646719901,44.14499353280099,,True,https://www.cbs.gov.il/he/publications/Pages/2019/פסולת-שנאספה-ברשויות-המקומיות-2014-2017.aspx,"CBS - Household and Commercial Waste Collected, by Type of Treatment and Local Authority"
41,אליכין,Elyakhin,,3926.0,,2021,2690.184,2.1224959318323027,17.010339664498787,82.98966033550121,,True,https://www.cbs.gov.il/he/publications/Pages/2019/פסולת-שנאספה-ברשויות-המקומיות-2014-2017.aspx,"CBS - Household and Commercial Waste Collected, by Type of Treatment and Local Authority"
1309,אלעד,El'ad,,48825.0,,2021,20445.633,1.1343749063732753,7.027676765987143,92.97232323401286,,True,https://www.cbs.gov.il/he/publications/Pages/2019/פסולת-שנאספה-ברשויות-המקומיות-2014-2017.aspx,"CBS - Household and Commercial Waste Collected, by Type of Treatment and Local Authority"
3750,אלפי מנשה,Alfei Menashe,,8068.0,,2021,5310.4039999999995,1.8228468401672016,28.457087182067507,71.54291281793249,,True,https://www.cbs.gov.il/he/publications/Pages/2019/פסולת-שנאספה-ברשויות-המקומיות-2014-2017.aspx,"CBS - Household and Commercial Waste Collected, by Type of Treatment and Local Authority"
3560,אלקנה,Elqana,,4144.0,,2021,2314.818,1.588868125588794,5.028991480107722,94.97100851989228,,True,https://www.cbs.gov.il/he/publications/Pages/2019/פסולת-שנאספה-ברשויות-המקומיות-2014-2017.aspx,"CBS - Household and Commercial Waste Collected, by Type of Treatment and Local Authority"
529,אעבלין,I'billin,,13357.0,,2021,,,,,,False,https://www.cbs.gov.il/he/publications/Pages/2019/פסולת-שנאספה-ברשויות-המקומיות-2014-2017.aspx,"CBS - Household and Commercial Waste Collected, by Type of Treatment and Local Authority"
3650,אפרת,Efrat,,12082.0,,2021,4974.832,1.174516498972706,7.518686058142265,92.48131394185772,,True,https://www.cbs.gov.il/he/publications/Pages/2019/פסולת-שנאספה-ברשויות-המקומיות-2014-2017.aspx,"CBS - Household and Commercial Waste Collected, by Type of Treatment and Local Authority"
3570,אריאל,Ariel,,21428.0,,2021,10600.068,1.480602727154953,22.181230346824186,77.8187696531758,,True,https://www.cbs.gov.il/he/publications/Pages/2019/פסולת-שנאספה-ברשויות-המקומיות-2014-2017.aspx,"CBS - Household and Commercial Waste Collected, by Type of Treatment and Local Authority"
70,אשדוד,Ashdod,,227865.0,,2021,138967.92400000003,1.6841832236205352,18.00163629126387,81.99836370873614,,True,https://www.cbs.gov.il/he/publications/Pages/2019/פסולת-שנאספה-ברשויות-המקומיות-2014-2017.aspx,"CBS - Household and Commercial Waste Collected, by Type of Treatment and Local Authority"
,אשכול,Eshkol,,18228.0,,2021,13045.071,2.3835353328183806,17.808036460667786,82.1919635393322,,True,https://www.cbs.gov.il/he/publications/Pages/2019/פסולת-שנאספה-ברשויות-המקומיות-2014-2017.aspx,"CBS - Household and Commercial Waste Collected, by Type of Treatment and Local Authority"
7100,אשקלון,Ashqelon,,152370.0,,2021,110894.1404,2.055063516446728,8.833855840051221,91.16614415994879,,True,https://www.cbs.gov.il/he/publications/Pages/2019/פסולת-שנאספה-ברשויות-המקומיות-2014-2017.aspx,"CBS - Household and Commercial Waste Collected, by Type of Treatment and Local Authority"
6000,באקה אל-גרביה,Baqa Al-Gharbiyye,,29868.0,,2021,20235.78,1.8049973352005513,20.892389618784158,79.10761038121585,,True,https://www.cbs.gov.il/he/publications/Pages/2019/פסולת-שנאספה-ברשויות-המקומיות-2014-2017.aspx,"CBS - Household and Commercial Waste Collected, by Type of Treatment and Local Authority"
155,באר טוביה,Be'er Toviyya,,1404.0,,2021,45726.452000000005,5.257925028222002,13.805514359609617,86.19448564039038,,True,https://www.cbs.gov.il/he/publications/Pages/2019/פסולת-שנאספה-ברשויות-המקומיות-2014-2017.aspx,"CBS - Household and Commercial Waste Collected, by Type of Treatment and Local Authority"
2530,באר יעקב,Be'er Ya'aqov,,31439.0,,2021,17861.654,1.6625966451887946,6.391647716387296,93.60835228361272,,True,https://www.cbs.gov.il/he/publications/Pages/2019/פסולת-שנאספה-ברשויות-המקומיות-2014-2017.aspx,"CBS - Household and Commercial Waste Collected, by Type of Treatment and Local Authority"
9000,באר שבע,Be'er Sheva,,217577.0,,2021,158313.23,2.056365956829406,29.85955007297874,70.14044992702125,,True,https://www.cbs.gov.il/he/publications/Pages/2019/פסולת-שנאספה-ברשויות-המקומיות-2014-2017.aspx,"CBS - Household and Commercial Waste Collected, by Type of Treatment and Local Authority"
,בוסתן אל-מרג',Bustan El-Marj,,8111.0,,2021,3030.6340000000005,1.0271672974967614,1.411057884257881,98.58894211574211,,True,https://www.cbs.gov.il/he/publications/Pages/2019/פסולת-שנאספה-ברשויות-המקומיות-2014-2017.aspx,"CBS - Household and Commercial Waste Collected, by Type of Treatment and Local Authority"
482,בועיינה-נוג'ידאת,Bu'eine-Nujeidat,,10087.0,,2021,4644.566,1.2640777187865082,1.3111235796843024,98.68887642031571,,True,https://www.cbs.gov.il/he/publications/Pages/2019/פסולת-שנאספה-ברשויות-המקומיות-2014-2017.aspx,"CBS - Household and Commercial Waste Collected, by Type of Treatment and Local Authority"
4001,בוקעאתא,Buq'ata,,6720.0,,2021,3304.061,1.3493660159213265,0.3856163672522995,99.6143836327477,,True,https://www.cbs.gov.il/he/publications/Pages/2019/פסולת-שנאספה-ברשויות-המקומיות-2014-2017.aspx,"CBS - Household and Commercial Waste Collected, by Type of Treatment and Local Authority"
998,ביר אל-מכסור,Bir El-Maksur,,10510.0,,2021,3433.78,0.9556215590792996,1.2231418436824724,98.77685815631753,,True,https://www.cbs.gov.il/he/publications/Pages/2019/פסולת-שנאספה-ברשויות-המקומיות-2014-2017.aspx,"CBS - Household and Commercial Waste Collected, by Type of Treatment and Local Authority"
3574,בית אל,Bet El,,5629.0,,2021,2507.257,1.2088336577692869,4.52554325304506,95.47445674695494,,True,https://www.cbs.gov.il/he/publications/Pages/2019/פסולת-שנאספה-ברשויות-המקומיות-2014-2017.aspx,"CBS - Household and Commercial Waste Collected, by Type of Treatment and Local Authority"
3652,בית אריה-עופרים,Bet Arye,,5373.0,,2021,3372.233,1.7172852268676477,2.1698678590714224,97.83013214092858,,True,https://www.cbs.gov.il/he/publications/Pages/2019/פסולת-שנאספה-ברשויות-המקומיות-2014-2017.aspx,"CBS - Household and Commercial Waste Collected, by Type of Treatment and Local Authority"
480,בית ג'ן,Beit Jann,,12038.0,,2021,7202.841619999999,1.6136898076322057,1.2098003065628982,98.7901996934371,,True,https://www.cbs.gov.il/he/publications/Pages/2019/פסולת-שנאספה-ברשויות-המקומיות-2014-2017.aspx,"CBS - Household and Commercial Waste Collected, by Type of Treatment and Local Authority"
466,בית דגן,Bet Dagan,,7616.0,,2021,5728.389999999999,2.100544626658929,35.17969272343538,64.82030727656462,,True,https://www.cbs.gov.il/he/publications/Pages/2019/פסולת-שנאספה-ברשויות-המקומיות-2014-2017.aspx,"CBS - Household and Commercial Waste Collected, by Type of Treatment and Local Authority"
9200,בית שאן,Bet She'an,,19825.0,,2021,13494.036,1.9662258552764589,3.283198592326269,96.71680140767374,,True,https://www.cbs.gov.il/he/publications/Pages/2019/פסולת-שנאספה-ברשויות-המקומיות-2014-2017.aspx,"CBS - Household and Commercial Waste Collected, by Type of Treatment and Local Authority"
2610,בית שמש,Bet Shemesh,,145554.0,,2021,79449.606,1.5870492543028825,6.404583051047479,93.59541694895253,,True,https://www.cbs.gov.il/he/publications/Pages/2019/פסולת-שנאספה-ברשויות-המקומיות-2014-2017.aspx,"CBS - Household and Commercial Waste Collected, by Type of Treatment and Local Authority"
3780,ביתר עילית,Betar Illit,,65660.0,,2021,27029.724000000002,1.1911060091867691,5.700045253884206,94.2999547461158,,True,https://www.cbs.gov.il/he/publications/Pages/2019/פסולת-שנאספה-ברשויות-המקומיות-2014-2017.aspx,"CBS - Household and Commercial Waste Collected, by Type of Treatment and Local Authority"
6100,בני ברק,Bene Beraq,,216869.0,,2021,108707.31,1.4142294964497681,33.21351618396224,66.78648381603776,,True,https://www.cbs.gov.il/he/publications/Pages/2019/פסולת-שנאספה-ברשויות-המקומיות-2014-2017.aspx,"CBS - Household and Commercial Waste Collected, by Type of Treatment and Local Authority"
1066,"בני עי""ש",Bene Ayish,,6740.0,,2021,3216.0969999999998,1.2751410502943914,24.614835933120176,75.38516406687982,,True,https://www.cbs.gov.il/he/publications/Pages/2019/פסולת-שנאספה-ברשויות-המקומיות-2014-2017.aspx,"CBS - Household and Commercial Waste Collected, by Type of Treatment and Local Authority"
,בני שמעון,Bene Shim'on,,11508.0,,2021,8986.114,2.1774634423525323,18.11492104373481,81.88507895626519,,True,https://www.cbs.gov.il/he/publications/Pages/2019/פסולת-שנאספה-ברשויות-המקומיות-2014-2017.aspx,"CBS - Household and Commercial Waste Collected, by Type of Treatment and Local Authority"
9800,בנימינה-גבעת עדה,Binyamina-Giv'at Ada,,15268.0,,2021,10740.283,1.8390895547945205,45.41614964894315,54.58385035105685,,True,https://www.cbs.gov.il/he/publications/Pages/2019/פסולת-שנאספה-ברשויות-המקומיות-2014-2017.aspx,"CBS - Household and Commercial Waste Collected, by Type of Treatment and Local Authority"
1326,"בסמ""ה",Basma,,11266.0,,2021,5983.651,1.5796458261285067,13.34721894709434,86.65278105290565,,True,https://www.cbs.gov.il/he/publications/Pages/2019/פסולת-שנאספה-ברשויות-המקומיות-2014-2017.aspx,"CBS - Household and Commercial Waste Collected, by Type of Treatment and Local Authority"
944,בסמת טבעון,Basmat Tab'un,,8043.0,,2021,3754.028,1.2804243036636267,1.9048339543551622,98.09516604564485,,True,https://www.cbs.gov.il/he/publications/Pages/2019/פסולת-שנאספה-ברשויות-המקומיות-2014-2017.aspx,"CBS - Household and Commercial Waste Collected, by Type of Treatment and Local Authority"
483,בענה,Bi'ne,,8518.0,,2021,9094.953,2.9366740662409896,18.204415130017715,81.79558486998229,,True,https://www.cbs.gov.il/he/publications/Pages/2019/פסולת-שנאספה-ברשויות-המקומיות-2014-2017.aspx,"CBS - Household and Commercial Waste Collected, by Type of Treatment and Local Authority"
,ברנר,Brenner,,7758.0,,2021,4833.503,1.649330423789107,54.439254511686464,45.560745488313536,,True,https://www.cbs.gov.il/he/publications/Pages/2019/פסולת-שנאספה-ברשויות-המקומיות-2014-2017.aspx,"CBS - Household and Commercial Waste Collected, by Type of Treatment and Local Authority"
6200,בת ים,Bat Yam,,128152.0,,2021,76813.369,1.6564611091322456,37.03214605780407,62.96785394219593,,True,https://www.cbs.gov.il/he/publications/Pages/2019/פסולת-שנאספה-ברשויות-המקומיות-2014-2017.aspx,"CBS - Household and Commercial Waste Collected, by Type of Treatment and Local Authority"
1292,ג'דיידה-מכר,Judeide-Maker,,19842.0,,2021,11076.086000000001,1.4165880585342023,1.4382878572809923,98.561712142719,,True,https://www.cbs.gov.il/he/publications/Pages/2019/פסולת-שנאספה-ברשויות-המקומיות-2014-2017.aspx,"CBS - Household and Commercial Waste Collected, by Type of Treatment and Local Authority"
485,ג'ולס,Julis,,6543.0,,2021,3416.6606666666667,1.4157159944420963,1.9104618915428342,98.08953810845718,,True,https://www.cbs.gov.il/he/publications/Pages/2019/פסולת-שנאספה-ברשויות-המקומיות-2014-2017.aspx,"CBS - Household and Commercial Waste Collected, by Type of Treatment and Local Authority"
627,ג'לג'וליה,Jaljulye,,10502.0,,2021,5315.68764,1.3979197332330502,56.250126841538794,43.749873158461206,,True,https://www.cbs.gov.il/he/publications/Pages/2019/פסולת-שנאספה-ברשויות-המקומיות-2014-2017.aspx,"CBS - Household and Commercial Waste Collected, by Type of Treatment and Local Authority"
541,ג'סר א-זרקא,Jisr Az-Zarqa,,15418.0,,2021,8181.822,1.4726989478307277,27.894006982796743,72.10599301720325,,True,https://www.cbs.gov.il/he/publications/Pages/2019/פסולת-שנאספה-ברשויות-המקומיות-2014-2017.aspx,"CBS - Household and Commercial Waste Collected, by Type of Treatment and Local Authority"
487,ג'ש (גוש חלב),Jish(Gush Halav),,3256.0,,2021,1846.78,1.6111037200690057,9.679550352505442,90.32044964749456,,True,https://www.cbs.gov.il/he/publications/Pages/2019/פסולת-שנאספה-ברשויות-המקומיות-2014-2017.aspx,"CBS - Household and Commercial Waste Collected, by Type of Treatment and Local Authority"
628,ג'ת,Jatt,,12232.0,,2021,7835.398999999999,1.7352555634421198,10.264352842784396,89.73564715721561,,True,https://www.cbs.gov.il/he/publications/Pages/2019/פסולת-שנאספה-ברשויות-המקומיות-2014-2017.aspx,"CBS - Household and Commercial Waste Collected, by Type of Treatment and Local Authority"
3730,גבעת זאב,Giv'at Ze'ev,,22117.0,,2021,10315.77,1.4397913121395776,36.26069600233429,63.73930399766572,,True,https://www.cbs.gov.il/he/publications/Pages/2019/פסולת-שנאספה-ברשויות-המקומיות-2014-2017.aspx,"CBS - Household and Commercial Waste Collected, by Type of Treatment and Local Authority"
681,גבעת שמואל,Giv'at Shemu'el,,27472.0,,2021,13782.908,1.3629565169667366,38.28860400141972,61.71139599858028,,True,https://www.cbs.gov.il/he/publications/Pages/2019/פסולת-שנאספה-ברשויות-המקומיות-2014-2017.aspx,"CBS - Household and Commercial Waste Collected, by Type of Treatment and Local Authority"
6300,גבעתיים,Giv'atayim,,58052.0,,2021,30484.721,1.3653493250338207,40.1630082164767,59.836991783523295,,True,https://www.cbs.gov.il/he/publications/Pages/2019/פסולת-שנאספה-ברשויות-המקומיות-2014-2017.aspx,"CBS - Household and Commercial Waste Collected, by Type of Treatment and Local Authority"
2550,גדרה,Gedera,,29260.0,,2021,18622.934999999998,1.7211489585085475,25.879819695445427,74.12018030455457,,True,https://www.cbs.gov.il/he/publications/Pages/2019/פסולת-שנאספה-ברשויות-המקומיות-2014-2017.aspx,"CBS - Household and Commercial Waste Collected, by Type of Treatment and Local Authority"
,גדרות,Gederot,,5008.0,,2021,3233.989,1.6994809313544526,34.158712351835455,65.84128764816455,,True,https://www.cbs.gov.il/he/publications/Pages/2019/פסולת-שנאספה-ברשויות-המקומיות-2014-2017.aspx,"CBS - Household and Commercial Waste Collected, by Type of Treatment and Local Authority"
,גולן,Golan,,20110.0,,2021,13523.107999999998,1.9639337905594545,31.73706813552033,68.26293186447967,,True,https://www.cbs.gov.il/he/publications/Pages/2019/פסולת-שנאספה-ברשויות-המקומיות-2014-2017.aspx,"CBS - Household and Commercial Waste Collected, by Type of Treatment and Local Authority"
,גוש עציון,Gush Etzion,,26401.0,,2021,15953.704,1.7266983262761681,15.847191348165918,84.15280865183408,,True,https://www.cbs.gov.il/he/publications/Pages/2019/פסולת-שנאספה-ברשויות-המקומיות-2014-2017.aspx,"CBS - Household and Commercial Waste Collected, by Type of Treatment and Local Authority"
370,גזר,Gezer,,396.0,,2021,22118.494,2.204708349655466,56.25048703587143,43.74951296412857,,True,https://www.cbs.gov.il/he/publications/Pages/2019/פסולת-שנאספה-ברשויות-המקומיות-2014-2017.aspx,"CBS - Household and Commercial Waste Collected, by Type of Treatment and Local Authority"
166,גן יבנה,Gan Yavne,,23688.0,,2021,16117.408,1.8331651524319506,28.88193399335675,71.11806600664325,,True,https://www.cbs.gov.il/he/publications/Pages/2019/פסולת-שנאספה-ברשויות-המקומיות-2014-2017.aspx,"CBS - Household and Commercial Waste Collected, by Type of Treatment and Local Authority"
,גן רווה,Gan Rawe,,5976.0,,2021,6438.325,2.6977512541626467,39.44216857645428,60.557831423545714,,True,https://www.cbs.gov.il/he/publications/Pages/2019/פסולת-שנאספה-ברשויות-המקומיות-2014-2017.aspx,"CBS - Household and Commercial Waste Collected, by Type of Treatment and Local Authority"
229,גני תקווה,Ganne Tiqwa,,23650.0,,2021,10432.017,1.2919366478992285,36.196998145229244,63.803001854770756,,True,https://www.cbs.gov.il/he/publications/Pages/2019/פסולת-שנאספה-ברשויות-המקומיות-2014-2017.aspx,"CBS - Household and Commercial Waste Collected, by Type of Treatment and Local Authority"
494,דאלית אל-כרמל,Daliyat Al-Karmel,,17672.0,,2021,13470.921000000002,2.054534632822798,2.98059056244187,97.01940943755812,,True,https://www.cbs.gov.il/he/publications/Pages/2019/פסולת-שנאספה-ברשויות-המקומיות-2014-2017.aspx,"CBS - Household and Commercial Waste Collected, by Type of Treatment and Local Authority"
489,דבורייה,Daburiyya,,10480.0,,2021,6089.798,1.5546382857055332,2.580216946440588,97.4197830535594,,True,https://www.cbs.gov.il/he/publications/Pages/2019/פסולת-שנאספה-ברשויות-המקומיות-2014-2017.aspx,"CBS - Household and Commercial Waste Collected, by Type of Treatment and Local Authority"
490,דייר אל-אסד,Deir Al-Asad,,12176.0,,2021,7151.882,1.5266817764832268,0.7002632314123751,99.29973676858762,,True,https://www.cbs.gov.il/he/publications/Pages/2019/פסולת-שנאספה-ברשויות-המקומיות-2014-2017.aspx,"CBS - Household and Commercial Waste Collected, by Type of Treatment and Local Authority"
492,דייר חנא,Deir Hanna,,10283.0,,2021,6527.854,1.696422243950611,1.685454362183958,98.31454563781604,,True,https://www.cbs.gov.il/he/publications/Pages/2019/פסולת-שנאספה-ברשויות-המקומיות-2014-2017.aspx,"CBS - Household and Commercial Waste Collected, by Type of Treatment and Local Authority"
2200,דימונה,Dimona,,37213.0,,2021,21821.234,1.6802519003309684,2.17326847785052,97.82673152214947,,True,https://www.cbs.gov.il/he/publications/Pages/2019/פסולת-שנאספה-ברשויות-המקומיות-2014-2017.aspx,"CBS - Household and Commercial Waste Collected, by Type of Treatment and Local Authority"
,דרום השרון,Derom HaSharon,,34313.0,,2021,,,,,,False,https://www.cbs.gov.il/he/publications/Pages/2019/פסולת-שנאספה-ברשויות-המקומיות-2014-2017.aspx,"CBS - Household and Commercial Waste Collected, by Type of Treatment and Local Authority"
,הגלבוע,HaGilbo'a,,32947.0,,2021,16057.166,1.38342538770856,21.001003539478884,78.99899646052113,,True,https://www.cbs.gov.il/he/publications/Pages/2019/פסולת-שנאספה-ברשויות-המקומיות-2014-2017.aspx,"CBS - Household and Commercial Waste Collected, by Type of Treatment and Local Authority"
,הגליל העליון,HaGalil HaElyon,,19674.0,,2021,22036.425,3.137766598580514,42.6224988853682,57.37750111463179,,True,https://www.cbs.gov.il/he/publications/Pages/2019/פסולת-שנאספה-ברשויות-המקומיות-2014-2017.aspx,"CBS - Household and Commercial Waste Collected, by Type of Treatment and Local Authority"
,הגליל התחתון,HaGalil HaTahton,,12801.0,,2021,8218.168,1.7734348430311349,2.4410306530603902,97.5589693469396,,True,https://www.cbs.gov.il/he/publications/Pages/2019/פסולת-שנאספה-ברשויות-המקומיות-2014-2017.aspx,"CBS - Household and Commercial Waste Collected, by Type of Treatment and Local Authority"
9700,הוד השרון,Hod HaSharon,,65020.0,,2021,39625.459,1.6721021065499648,20.502209198384296,79.4977908016157,,True,https://www.cbs.gov.il/he/publications/Pages/2019/פסולת-שנאספה-ברשויות-המקומיות-2014-2017.aspx,"CBS - Household and Commercial Waste Collected, by Type of Treatment and Local Authority"
,הערבה התיכונה,HaArava HaTikhona,,6089.0,,2021,3123.167,2.2860331065477477,7.580990705908458,92.41900929409155,,True,https://www.cbs.gov.il/he/publications/Pages/2019/פסולת-שנאספה-ברשויות-המקומיות-2014-2017.aspx,"CBS - Household and Commercial Waste Collected, by Type of Treatment and Local Authority"
3769,הר אדר,Har Adar,,4405.0,,2021,4497.778,3.008466663099315,28.979553904172235,71.02044609582777,,True,https://www.cbs.gov.il/he/publications/Pages/2019/פסולת-שנאספה-ברשויות-המקומיות-2014-2017.aspx,"CBS - Household and Commercial Waste Collected, by Type of Treatment and Local Authority"
,הר חברון,Har Hevron,,10631.0,,2021,4350.177,1.222514427190987,2.0729501351324324,97.92704986486757,,True,https://www.cbs.gov.il/he/publications/Pages/2019/פסולת-שנאספה-ברשויות-המקומיות-2014-2017.aspx,"CBS - Household and Commercial Waste Collected, by Type of Treatment and Local Authority"
6400,הרצלייה,Herzliyya,,105273.0,,2021,81119.429,2.1973563006357804,18.80753907673586,81.19246092326414,,True,https://www.cbs.gov.il/he/publications/Pages/2019/פסולת-שנאספה-ברשויות-המקומיות-2014-2017.aspx,"CBS - Household and Commercial Waste Collected, by Type of Treatment and Local Authority"
,זבולון,Zevulun,,13401.0,,2021,10046.064999999999,2.0046954188735677,34.69084661506769,65.3091533849323,,True,https://www.cbs.gov.il/he/publications/Pages/2019/פסולת-שנאספה-ברשויות-המקומיות-2014-2017.aspx,"CBS - Household and Commercial Waste Collected, by Type of Treatment and Local Authority"
9300,זכרון יעקב,Zikhron Ya'aqov,,23513.0,,2021,15448.388,1.789840177820929,23.507504472311286,76.4924955276887,,True,https://www.cbs.gov.il/he/publications/Pages/2019/פסולת-שנאספה-ברשויות-המקומיות-2014-2017.aspx,"CBS - Household and Commercial Waste Collected, by Type of Treatment and Local Authority"
1290,זמר,Zemer,,7482.0,,2021,4662.349999999999,1.7483659517979213,11.373594860960676,88.62640513903933,,True,https://www.cbs.gov.il/he/publications/Pages/2019/פסולת-שנאספה-ברשויות-המקומיות-2014-2017.aspx,"CBS - Household and Commercial Waste Collected, by Type of Treatment and Local Authority"
975,זרזיר,Zarzir,,8836.0,,2021,3778.092,1.240598907688784,0.5820927600492523,99.41790723995074,,True,https://www.cbs.gov.il/he/publications/Pages/2019/פסולת-שנאספה-ברשויות-המקומיות-2014-2017.aspx,"CBS - Household and Commercial Waste Collected, by Type of Treatment and Local Authority"
,חבל אילות,Hevel Elot,,4678.0,,2021,8757.611333333334,5.1749068710800294,16.009517663758693,83.99048233624131,,True,https://www.cbs.gov.il/he/publications/Pages/2019/פסולת-שנאספה-ברשויות-המקומיות-2014-2017.aspx,"CBS - Household and Commercial Waste Collected, by Type of Treatment and Local Authority"
,חבל יבנה,Hevel Yavne,,6388.0,,2021,6612.644999999999,2.6082400829885337,24.956655014748254,75.04334498525175,,True,https://www.cbs.gov.il/he/publications/Pages/2019/פסולת-שנאספה-ברשויות-המקומיות-2014-2017.aspx,"CBS - Household and Commercial Waste Collected, by Type of Treatment and Local Authority"
,חבל מודיעין,Hevel Modi'in,,23646.0,,2021,28570.703999999998,3.2532948762437606,33.83339801497367,66.16660198502633,,True,https://www.cbs.gov.il/he/publications/Pages/2019/פסולת-שנאספה-ברשויות-המקומיות-2014-2017.aspx,"CBS - Household and Commercial Waste Collected, by Type of Treatment and Local Authority"
6500,חדרה,Hadera,,103847.0,,2021,71256.648,1.9567472338809448,16.18165788545091,83.8183421145491,,True,https://www.cbs.gov.il/he/publications/Pages/2019/פסולת-שנאספה-ברשויות-המקומיות-2014-2017.aspx,"CBS - Household and Commercial Waste Collected, by Type of Treatment and Local Authority"
6600,חולון,Holon,,192655.0,,2021,131279.831,1.8224558276355487,36.3232955411102,63.67670445888981,,True,https://www.cbs.gov.il/he/publications/Pages/2019/פסולת-שנאספה-ברשויות-המקומיות-2014-2017.aspx,"CBS - Household and Commercial Waste Collected, by Type of Treatment and Local Authority"
,חוף אשקלון,Hof Ashqelon,,20100.0,,2021,11710.008,1.6856542072050513,11.445662547796722,88.55433745220327,,True,https://www.cbs.gov.il/he/publications/Pages/2019/פסולת-שנאספה-ברשויות-המקומיות-2014-2017.aspx,"CBS - Household and Commercial Waste Collected, by Type of Treatment and Local Authority"
,חוף הכרמל,Hof HaKarmel,,34463.0,,2021,35192.696,2.755203463508485,24.878037192717485,75.12196280728251,,True,https://www.cbs.gov.il/he/publications/Pages/2019/פסולת-שנאספה-ברשויות-המקומיות-2014-2017.aspx,"CBS - Household and Commercial Waste Collected, by Type of Treatment and Local Authority"
,חוף השרון,Hof HaSharon,,12534.0,,2021,20174.432,3.7376532619932488,27.09881001854228,72.90118998145772,,True,https://www.cbs.gov.il/he/publications/Pages/2019/פסולת-שנאספה-ברשויות-המקומיות-2014-2017.aspx,"CBS - Household and Commercial Waste Collected, by Type of Treatment and Local Authority"
1303,חורה,Hura,,20671.0,,2021,8200.385,0.9550996139598725,16.23041588901009,83.76958411098991,,True,https://www.cbs.gov.il/he/publications/Pages/2019/פסולת-שנאספה-ברשויות-המקומיות-2014-2017.aspx,"CBS - Household and Commercial Waste Collected, by Type of Treatment and Local Authority"
496,חורפיש,Hurfeish,,6544.0,,2021,5093.919,2.1354054725351426,1.8378580421086397,98.16214195789136,,True,https://www.cbs.gov.il/he/publications/Pages/2019/פסולת-שנאספה-ברשויות-המקומיות-2014-2017.aspx,"CBS - Household and Commercial Waste Collected, by Type of Treatment and Local Authority"
4000,חיפה,Haifa,,289507.0,,2021,186653.81199999998,1.805185985969257,27.915059136322384,72.08494086367762,,True,https://www.cbs.gov.il/he/publications/Pages/2019/פסולת-שנאספה-ברשויות-המקומיות-2014-2017.aspx,"CBS - Household and Commercial Waste Collected, by Type of Treatment and Local Authority"
2034,חצור הגלילית,Hazor HaGelilit,,10638.0,,2021,8070.611,2.2875297965754844,9.918468378664267,90.08153162133573,,True,https://www.cbs.gov.il/he/publications/Pages/2019/פסולת-שנאספה-ברשויות-המקומיות-2014-2017.aspx,"CBS - Household and Commercial Waste Collected, by Type of Treatment and Local Authority"
1247,חריש,Harish,,31733.0,,2021,10699.585000000001,1.2588380180297305,9.601545293579141,90.39845470642085,,True,https://www.cbs.gov.il/he/publications/Pages/2019/פסולת-שנאספה-ברשויות-המקומיות-2014-2017.aspx,"CBS - Household and Commercial Waste Collected, by Type of Treatment and Local Authority"
6700,טבריה,Tiberias,,48509.0,,2021,43131.965000000004,2.5532278317568777,6.707797801468121,93.29220219853187,,True,https://www.cbs.gov.il/he/publications/Pages/2019/פסולת-שנאספה-ברשויות-המקומיות-2014-2017.aspx,"CBS - Household and Commercial Waste Collected, by Type of Treatment and Local Authority"
962,טובא-זנגרייה,Tuba-Zangariyye,,6935.0,,2021,3988.622,1.5715440435535077,5.001025416798082,94.99897458320191,,True,https://www.cbs.gov.il/he/publications/Pages/2019/פסולת-שנאספה-ברשויות-המקומיות-2014-2017.aspx,"CBS - Household and Commercial Waste Collected, by Type of Treatment and Local Authority"
498,טורעאן,Tur'an,,14397.0,,2021,9257.591999999999,1.7437190714258468,33.1473022358298,66.85269776417022,,True,https://www.cbs.gov.il/he/publications/Pages/2019/פסולת-שנאספה-ברשויות-המקומיות-2014-2017.aspx,"CBS - Household and Commercial Waste Collected, by Type of Treatment and Local Authority"
2730,טייבה,Tayibe,,45071.0,,2021,,,,,,False,https://www.cbs.gov.il/he/publications/Pages/2019/פסולת-שנאספה-ברשויות-המקומיות-2014-2017.aspx,"CBS - Household and Commercial Waste Collected, by Type of Treatment and Local Authority"
2720,טירה,Tire,,26567.0,,2021,20050.71487,2.0185737266576127,10.391614680619115,89.60838531938089,,True,https://www.cbs.gov.il/he/publications/Pages/2019/פסולת-שנאספה-ברשויות-המקומיות-2014-2017.aspx,"CBS - Household and Commercial Waste Collected, by Type of Treatment and Local Authority"
2100,טירת כרמל,Tirat Karmel,,29069.0,,2021,15742.206999999999,1.687970500042086,18.862615642139634,81.13738435786037,,True,https://www.cbs.gov.il/he/publications/Pages/2019/פסולת-שנאספה-ברשויות-המקומיות-2014-2017.aspx,"CBS - Household and Commercial Waste Collected, by Type of Treatment and Local Authority"
8900,טמרה,Tamra,,35349.0,,2021,23266.794,1.8139677611875134,10.017039734825518,89.98296026517448,,True,https://www.cbs.gov.il/he/publications/Pages/2019/פסולת-שנאספה-ברשויות-המקומיות-2014-2017.aspx,"CBS - Household and Commercial Waste Collected, by Type of Treatment and Local Authority"
1295,יאנוח-ג'ת,Yanuh-Jat,,6759.0,,2021,,,,,,False,https://www.cbs.gov.il/he/publications/Pages/2019/פסולת-שנאספה-ברשויות-המקומיות-2014-2017.aspx,"CBS - Household and Commercial Waste Collected, by Type of Treatment and Local Authority"
46,יבנאל,Yavne'el,,4557.0,,2021,2724.41,1.7002589946016788,1.9237192639874323,98.07628073601258,,True,https://www.cbs.gov.il/he/publications/Pages/2019/פסולת-שנאספה-ברשויות-המקומיות-2014-2017.aspx,"CBS - Household and Commercial Waste Collected, by Type of Treatment and Local Authority"
2660,יבנה,Yavne,,54981.0,,2021,30792.832,1.6313082787108553,21.44957631698182,78.5504236830182,,True,https://www.cbs.gov.il/he/publications/Pages/2019/פסולת-שנאספה-ברשויות-המקומיות-2014-2017.aspx,"CBS - Household and Commercial Waste Collected, by Type of Treatment and Local Authority"
9400,יהוד-מונוסון,Yehud,,30977.0,,2021,19895.032,1.797751842421589,53.37283197131827,46.62716802868173,,True,https://www.cbs.gov.il/he/publications/Pages/2019/פסולת-שנאספה-ברשויות-המקומיות-2014-2017.aspx,"CBS - Household and Commercial Waste Collected, by Type of Treatment and Local Authority"
,יואב,Yo'av,,9133.0,,2021,6472.69,1.9375468189318736,32.04571824079324,67.95428175920676,,True,https://www.cbs.gov.il/he/publications/Pages/2019/פסולת-שנאספה-ברשויות-המקומיות-2014-2017.aspx,"CBS - Household and Commercial Waste Collected, by Type of Treatment and Local Authority"
29,יסוד המעלה,Yesud HaMa'ala,,1969.0,,2021,2077.398,3.1929881457857023,52.00678926233682,47.993210737663176,,True,https://www.cbs.gov.il/he/publications/Pages/2019/פסולת-שנאספה-ברשויות-המקומיות-2014-2017.aspx,"CBS - Household and Commercial Waste Collected, by Type of Treatment and Local Authority"
499,יפיע,Yafi,,18113.0,,2021,9936.216,1.401813104819439,17.101238539902916,82.89876146009708,,True,https://www.cbs.gov.il/he/publications/Pages/2019/פסולת-שנאספה-ברשויות-המקומיות-2014-2017.aspx,"CBS - Household and Commercial Waste Collected, by Type of Treatment and Local Authority"
240,יקנעם עילית,Yoqne'am Illit,,23729.0,,2021,16148.166,1.8338846684876995,45.591034920002684,54.408965079997316,,True,https://www.cbs.gov.il/he/publications/Pages/2019/פסולת-שנאספה-ברשויות-המקומיות-2014-2017.aspx,"CBS - Household and Commercial Waste Collected, by Type of Treatment and Local Authority"
831,ירוחם,Yeroham,,11403.0,,2021,5739.1359999999995,1.4422730025658228,7.91971059755336,92.08028940244664,,True,https://www.cbs.gov.il/he/publications/Pages/2019/פסולת-שנאספה-ברשויות-המקומיות-2014-2017.aspx,"CBS - Household and Commercial Waste Collected, by Type of Treatment and Local Authority"
3000,ירושלים,Jerusalem,,1005919.0,,2021,559541.5805,1.5990647880828257,40.07579031027882,59.924209689721174,,True,https://www.cbs.gov.il/he/publications/Pages/2019/פסולת-שנאספה-ברשויות-המקומיות-2014-2017.aspx,"CBS - Household and Commercial Waste Collected, by Type of Treatment and Local Authority"
502,ירכא,Yirka,,16194.0,,2021,11208.367,1.7556876472668332,1.9393280038028733,98.06067199619713,,True,https://www.cbs.gov.il/he/publications/Pages/2019/פסולת-שנאספה-ברשויות-המקומיות-2014-2017.aspx,"CBS - Household and Commercial Waste Collected, by Type of Treatment and Local Authority"
504,כאבול,Kabul,,11993.0,,2021,6002.089000000001,1.1452903922590052,10.005333143177316,89.99466685682269,,True,https://www.cbs.gov.il/he/publications/Pages/2019/פסולת-שנאספה-ברשויות-המקומיות-2014-2017.aspx,"CBS - Household and Commercial Waste Collected, by Type of Treatment and Local Authority"
505,כאוכב אבו אל-היג'א,Kaokab Abu Al-Hija,,3984.0,,2021,1381.907,1.0243632509043468,2.1641832626942334,97.83581673730578,,True,https://www.cbs.gov.il/he/publications/Pages/2019/פסולת-שנאספה-ברשויות-המקומיות-2014-2017.aspx,"CBS - Household and Commercial Waste Collected, by Type of Treatment and Local Authority"
1224,כוכב יאיר,Kokhav Ya'ir,,9176.0,,2021,7081.529,2.1942376515571698,26.144339732280976,73.85566026771903,,True,https://www.cbs.gov.il/he/publications/Pages/2019/פסולת-שנאספה-ברשויות-המקומיות-2014-2017.aspx,"CBS - Household and Commercial Waste Collected, by Type of Treatment and Local Authority"
1059,כסיפה,Kuseife,,18867.0,,2021,4002.7059999999997,0.47989487815763415,2.0602562366559027,97.9397437633441,,True,https://www.cbs.gov.il/he/publications/Pages/2019/פסולת-שנאספה-ברשויות-המקומיות-2014-2017.aspx,"CBS - Household and Commercial Waste Collected, by Type of Treatment and Local Authority"
1296,כסרא-סמיע,Kisra-Sumei,,8930.0,,2021,5836.035,1.7693948969514048,1.3371235779086315,98.66287642209137,,True,https://www.cbs.gov.il/he/publications/Pages/2019/פסולת-שנאספה-ברשויות-המקומיות-2014-2017.aspx,"CBS - Household and Commercial Waste Collected, by Type of Treatment and Local Authority"
978,כעביה-טבאש-חג'אג'רה,Ka'abiyye-Tabbash-Hajajre,,6170.0,,2021,1980.74,0.9557388044217769,0.0,100.0,,True,https://www.cbs.gov.il/he/publications/Pages/2019/פסולת-שנאספה-ברשויות-המקומיות-2014-2017.aspx,"CBS - Household and Commercial Waste Collected, by Type of Treatment and Local Authority"
633,כפר ברא,Kafar Bara,,3710.0,,2021,2111.16744,1.5201104818821667,8.77168416352613,91.22831583647387,,True,https://www.cbs.gov.il/he/publications/Pages/2019/פסולת-שנאספה-ברשויות-המקומיות-2014-2017.aspx,"CBS - Household and Commercial Waste Collected, by Type of Treatment and Local Authority"
1263,כפר ורדים,Kefar Weradim,,5656.0,,2021,,,,,,False,https://www.cbs.gov.il/he/publications/Pages/2019/פסולת-שנאספה-ברשויות-המקומיות-2014-2017.aspx,"CBS - Household and Commercial Waste Collected, by Type of Treatment and Local Authority"
507,כפר יאסיף,Kafar Yasif,,10574.0,,2021,8179.269,2.179117631582979,0.7490767206702702,99.25092327932973,,True,https://www.cbs.gov.il/he/publications/Pages/2019/פסולת-שנאספה-ברשויות-המקומיות-2014-2017.aspx,"CBS - Household and Commercial Waste Collected, by Type of Treatment and Local Authority"
168,כפר יונה,Kefar Yona,,28135.0,,2021,14986.375999999998,1.518438031936451,17.125919328328614,82.87408067167138,,True,https://www.cbs.gov.il/he/publications/Pages/2019/פסולת-שנאספה-ברשויות-המקומיות-2014-2017.aspx,"CBS - Household and Commercial Waste Collected, by Type of Treatment and Local Authority"
508,כפר כמא,Kafar Kama,,3412.0,,2021,2143.296,1.7008092210330017,5.196948998178506,94.80305100182149,,True,https://www.cbs.gov.il/he/publications/Pages/2019/פסולת-שנאספה-ברשויות-המקומיות-2014-2017.aspx,"CBS - Household and Commercial Waste Collected, by Type of Treatment and Local Authority"
509,כפר כנא,Kafar Kanna,,24262.0,,2021,12947.34,1.5104179000877855,34.87419037423904,65.12580962576097,,True,https://www.cbs.gov.il/he/publications/Pages/2019/פסולת-שנאספה-ברשויות-המקומיות-2014-2017.aspx,"CBS - Household and Commercial Waste Collected, by Type of Treatment and Local Authority"
510,כפר מנדא,Kafar Manda,,21041.0,,2021,13736.849,1.8052621532426443,2.6268687964758146,97.37313120352418,,True,https://www.cbs.gov.il/he/publications/Pages/2019/פסולת-שנאספה-ברשויות-המקומיות-2014-2017.aspx,"CBS - Household and Commercial Waste Collected, by Type of Treatment and Local Authority"
6900,כפר סבא,Kefar Sava,,100262.0,,2021,65672.815,1.7671721942920793,22.098269245805895,77.9017307541941,,True,https://www.cbs.gov.il/he/publications/Pages/2019/פסולת-שנאספה-ברשויות-המקומיות-2014-2017.aspx,"CBS - Household and Commercial Waste Collected, by Type of Treatment and Local Authority"
634,כפר קאסם,Kafar Qasem,,26389.0,,2021,15733.1028,1.7588962615174224,36.08530289397207,63.91469710602793,,True,https://www.cbs.gov.il/he/publications/Pages/2019/פסולת-שנאספה-ברשויות-המקומיות-2014-2017.aspx,"CBS - Household and Commercial Waste Collected, by Type of Treatment and Local Authority"
654,כפר קרע,Kafar Qara,,19890.0,,2021,13682.722,1.923145291216678,16.841108077764062,83.15889192223594,,True,https://www.cbs.gov.il/he/publications/Pages/2019/פסולת-שנאספה-ברשויות-המקומיות-2014-2017.aspx,"CBS - Household and Commercial Waste Collected, by Type of Treatment and Local Authority"
267,כפר שמריהו,Kefar Shemaryahu,,2077.0,,2021,3662.441,5.181556897240821,35.21623146966737,64.78376853033264,,True,https://www.cbs.gov.il/he/publications/Pages/2019/פסולת-שנאספה-ברשויות-המקומיות-2014-2017.aspx,"CBS - Household and Commercial Waste Collected, by Type of Treatment and Local Authority"
47,כפר תבור,Kefar Tavor,,4363.0,,2021,4510.043,2.800290581706702,20.657740957236996,79.342259042763,,True,https://www.cbs.gov.il/he/publications/Pages/2019/פסולת-שנאספה-ברשויות-המקומיות-2014-2017.aspx,"CBS - Household and Commercial Waste Collected, by Type of Treatment and Local Authority"
1139,כרמיאל,Karmi'el,,47450.0,,2021,26797.768,1.5885785913202737,16.99935606577384,83.00064393422616,,True,https://www.cbs.gov.il/he/publications/Pages/2019/פסולת-שנאספה-ברשויות-המקומיות-2014-2017.aspx,"CBS - Household and Commercial Waste Collected, by Type of Treatment and Local Authority"
,לב השרון,Lev HaSharon,,23813.0,,2021,17967.295,2.06938374160482,50.39776159961753,49.60223840038247,,True,https://www.cbs.gov.il/he/publications/Pages/2019/פסולת-שנאספה-ברשויות-המקומיות-2014-2017.aspx,"CBS - Household and Commercial Waste Collected, by Type of Treatment and Local Authority"
1271,להבים,Lehavim,,7686.0,,2021,4563.162,1.8289537998142253,29.21264162876532,70.78735837123469,,True,https://www.cbs.gov.il/he/publications/Pages/2019/פסולת-שנאספה-ברשויות-המקומיות-2014-2017.aspx,"CBS - Household and Commercial Waste Collected, by Type of Treatment and Local Authority"
7000,לוד,Lod,,87430.0,,2021,60568.624,2.0291076187653334,14.897059573286656,85.10294042671335,,True,https://www.cbs.gov.il/he/publications/Pages/2019/פסולת-שנאספה-ברשויות-המקומיות-2014-2017.aspx,"CBS - Household and Commercial Waste Collected, by Type of Treatment and Local Authority"
24,לכיש,Lakhish,,1170.0,,2021,6838.279,1.3822495911837176,2.345784575329553,97.65421542467045,,True,https://www.cbs.gov.il/he/publications/Pages/2019/פסולת-שנאספה-ברשויות-המקומיות-2014-2017.aspx,"CBS - Household and Commercial Waste Collected, by Type of Treatment and Local Authority"
1060,לקיה,Laqye,,17074.0,,2021,4879.0,0.8930168879761655,1.123170731707317,98.87682926829268,,True,https://www.cbs.gov.il/he/publications/Pages/2019/פסולת-שנאספה-ברשויות-המקומיות-2014-2017.aspx,"CBS - Household and Commercial Waste Collected, by Type of Treatment and Local Authority"
,מבואות החרמון,Mevo'ot HaHermon,,8021.0,,2021,6045.599,2.2022716303027323,8.90811646620955,91.09188353379045,,True,https://www.cbs.gov.il/he/publications/Pages/2019/פסולת-שנאספה-ברשויות-המקומיות-2014-2017.aspx,"CBS - Household and Commercial Waste Collected, by Type of Treatment and Local Authority"
1015,מבשרת ציון,Mevasseret Ziyyon,,25476.0,,2021,14915.233999999999,1.661461874141921,8.607535087951018,91.39246491204898,,True,https://www.cbs.gov.il/he/publications/Pages/2019/פסולת-שנאספה-ברשויות-המקומיות-2014-2017.aspx,"CBS - Household and Commercial Waste Collected, by Type of Treatment and Local Authority"
516,מג'ד אל-כרום,Majd Al-Kurum,,14852.0,,2021,10896.184000000001,1.9211995304636609,15.462679411434314,84.53732058856568,,True,https://www.cbs.gov.il/he/publications/Pages/2019/פסולת-שנאספה-ברשויות-המקומיות-2014-2017.aspx,"CBS - Household and Commercial Waste Collected, by Type of Treatment and Local Authority"
4201,מג'דל שמס,Majdal Shams,,11103.0,,2021,7743.906999999999,1.8716583795724788,6.346111852841209,93.6538881471588,,True,https://www.cbs.gov.il/he/publications/Pages/2019/פסולת-שנאספה-ברשויות-המקומיות-2014-2017.aspx,"CBS - Household and Commercial Waste Collected, by Type of Treatment and Local Authority"
481,מגאר,Mughar,,22564.0,,2021,19352.389,2.261039418137548,5.176358329713195,94.8236416702868,,True,https://www.cbs.gov.il/he/publications/Pages/2019/פסולת-שנאספה-ברשויות-המקומיות-2014-2017.aspx,"CBS - Household and Commercial Waste Collected, by Type of Treatment and Local Authority"
65,מגדל,Migdal,,2045.0,,2021,2500.7590000000005,3.4533238510826343,4.784907302143068,95.21509269785693,,True,https://www.cbs.gov.il/he/publications/Pages/2019/פסולת-שנאספה-ברשויות-המקומיות-2014-2017.aspx,"CBS - Household and Commercial Waste Collected, by Type of Treatment and Local Authority"
874,מגדל העמק,Migdal HaEmeq,,27045.0,,2021,22060.388000000003,2.3357778276007113,5.195720039012912,94.80427996098709,,True,https://www.cbs.gov.il/he/publications/Pages/2019/פסולת-שנאספה-ברשויות-המקומיות-2014-2017.aspx,"CBS - Household and Commercial Waste Collected, by Type of Treatment and Local Authority"
586,מגידו,Megiddo,,953.0,,2021,7936.91,1.7966585891191926,40.72000312464171,59.2799968753583,,True,https://www.cbs.gov.il/he/publications/Pages/2019/פסולת-שנאספה-ברשויות-המקומיות-2014-2017.aspx,"CBS - Household and Commercial Waste Collected, by Type of Treatment and Local Authority"
,מגילות ים המלח,Megilot,,2243.0,,2021,2133.734,2.904768484642219,3.51937026827149,96.48062973172851,,True,https://www.cbs.gov.il/he/publications/Pages/2019/פסולת-שנאספה-ברשויות-המקומיות-2014-2017.aspx,"CBS - Household and Commercial Waste Collected, by Type of Treatment and Local Authority"
3797,מודיעין עילית,Modi'in Illit,,83133.0,,2021,27762.424,0.9569703090208206,32.785175746901636,67.21482425309837,,True,https://www.cbs.gov.il/he/publications/Pages/2019/פסולת-שנאספה-ברשויות-המקומיות-2014-2017.aspx,"CBS - Household and Commercial Waste Collected, by Type of Treatment and Local Authority"
1200,מודיעין-מכבים-רעות,Modi'in-Makkabbim-Re'ut,,92307.0,,2021,52146.111000000004,1.4900972864633497,18.231658732901483,81.76834126709852,,True,https://www.cbs.gov.il/he/publications/Pages/2019/פסולת-שנאספה-ברשויות-המקומיות-2014-2017.aspx,"CBS - Household and Commercial Waste Collected, by Type of Treatment and Local Authority"
28,מזכרת בתיה,Mazkeret Batya,,15858.0,,2021,9372.586,1.6828861164740425,23.25362498674326,76.74637501325674,,True,https://www.cbs.gov.il/he/publications/Pages/2019/פסולת-שנאספה-ברשויות-המקומיות-2014-2017.aspx,"CBS - Household and Commercial Waste Collected, by Type of Treatment and Local Authority"
517,מזרעה,Mazra'a,,3772.0,,2021,2558.599,1.7359733219347704,0.40956007565077607,99.59043992434923,,True,https://www.cbs.gov.il/he/publications/Pages/2019/פסולת-שנאספה-ברשויות-המקומיות-2014-2017.aspx,"CBS - Household and Commercial Waste Collected, by Type of Treatment and Local Authority"
,מטה אשר,Matte Asher,,30980.0,,2021,28222.609999999997,2.5275307001203644,30.947775560091717,69.05222443990829,,True,https://www.cbs.gov.il/he/publications/Pages/2019/פסולת-שנאספה-ברשויות-המקומיות-2014-2017.aspx,"CBS - Household and Commercial Waste Collected, by Type of Treatment and Local Authority"
,מטה בנימין,Mate Binyamin,,76014.0,,2021,39648.312999999995,1.4969718256216022,7.95371293603337,92.04628706396663,,True,https://www.cbs.gov.il/he/publications/Pages/2019/פסולת-שנאספה-ברשויות-המקומיות-2014-2017.aspx,"CBS - Household and Commercial Waste Collected, by Type of Treatment and Local Authority"
,מטה יהודה,Matte Yehuda,,59780.0,,2021,43241.2951,1.9134184227381994,22.652374489125787,77.34762551087422,,True,https://www.cbs.gov.il/he/publications/Pages/2019/פסולת-שנאספה-ברשויות-המקומיות-2014-2017.aspx,"CBS - Household and Commercial Waste Collected, by Type of Treatment and Local Authority"
43,מטולה,Metula,,1873.0,,2021,1199.895,1.9643761945884886,10.190474999895823,89.80952500010417,,True,https://www.cbs.gov.il/he/publications/Pages/2019/פסולת-שנאספה-ברשויות-המקומיות-2014-2017.aspx,"CBS - Household and Commercial Waste Collected, by Type of Treatment and Local Authority"
1268,מיתר,Metar,,11207.0,,2021,,,,,,False,https://www.cbs.gov.il/he/publications/Pages/2019/פסולת-שנאספה-ברשויות-המקומיות-2014-2017.aspx,"CBS - Household and Commercial Waste Collected, by Type of Treatment and Local Authority"
,מנשה,Menashe,,21263.0,,2021,15164.615000000002,1.920577391006999,45.05432548073261,54.945674519267385,,True,https://www.cbs.gov.il/he/publications/Pages/2019/פסולת-שנאספה-ברשויות-המקומיות-2014-2017.aspx,"CBS - Household and Commercial Waste Collected, by Type of Treatment and Local Authority"
4203,מסעדה,Mas'ade,,4091.0,,2021,2343.0,1.6970728571557914,5.4041826717883055,94.5958173282117,,True,https://www.cbs.gov.il/he/publications/Pages/2019/פסולת-שנאספה-ברשויות-המקומיות-2014-2017.aspx,"CBS - Household and Commercial Waste Collected, by Type of Treatment and Local Authority"
518,מעיליא,Mi'elya,,3269.0,,2021,2215.814,1.8573422939180766,1.905123805517972,98.09487619448203,,True,https://www.cbs.gov.il/he/publications/Pages/2019/פסולת-שנאספה-ברשויות-המקומיות-2014-2017.aspx,"CBS - Household and Commercial Waste Collected, by Type of Treatment and Local Authority"
3616,מעלה אדומים,Ma'ale Adummim,,36664.0,,2021,27783.268,2.0190327042281515,22.477467373528555,77.52253262647145,,True,https://www.cbs.gov.il/he/publications/Pages/2019/פסולת-שנאספה-ברשויות-המקומיות-2014-2017.aspx,"CBS - Household and Commercial Waste Collected, by Type of Treatment and Local Authority"
3608,מעלה אפרים,Ma'ale Efrayim,,1635.0,,2021,594.23,1.2654701883095796,1.4691281153762012,98.53087188462379,,True,https://www.cbs.gov.il/he/publications/Pages/2019/פסולת-שנאספה-ברשויות-המקומיות-2014-2017.aspx,"CBS - Household and Commercial Waste Collected, by Type of Treatment and Local Authority"
,מעלה יוסף,Ma'ale Yosef,,11929.0,,2021,10083.371,2.440646167735908,4.096754944353432,95.90324505564656,,True,https://www.cbs.gov.il/he/publications/Pages/2019/פסולת-שנאספה-ברשויות-המקומיות-2014-2017.aspx,"CBS - Household and Commercial Waste Collected, by Type of Treatment and Local Authority"
1327,מעלה עירון,Ma'ale Iron,,14865.0,,2021,7263.56,1.2829710775296013,16.61113833987741,83.38886166012259,,True,https://www.cbs.gov.il/he/publications/Pages/2019/פסולת-שנאספה-ברשויות-המקומיות-2014-2017.aspx,"CBS - Household and Commercial Waste Collected, by Type of Treatment and Local Authority"
1063,מעלות-תרשיחא,Ma'alot-Tarshiha,,22720.0,,2021,14103.157000000001,1.739036672204238,2.6019493365917996,97.3980506634082,,True,https://www.cbs.gov.il/he/publications/Pages/2019/פסולת-שנאספה-ברשויות-המקומיות-2014-2017.aspx,"CBS - Household and Commercial Waste Collected, by Type of Treatment and Local Authority"
99,מצפה רמון,Mizpe Ramon,,5385.0,,2021,4308.688,2.2782253512562476,8.524358226912694,91.4756417730873,,True,https://www.cbs.gov.il/he/publications/Pages/2019/פסולת-שנאספה-ברשויות-המקומיות-2014-2017.aspx,"CBS - Household and Commercial Waste Collected, by Type of Treatment and Local Authority"
,מרום הגליל,Merom HaGalil,,15541.0,,2021,14379.848,2.4890601361900706,13.786223609595874,86.21377639040413,,True,https://www.cbs.gov.il/he/publications/Pages/2019/פסולת-שנאספה-ברשויות-המקומיות-2014-2017.aspx,"CBS - Household and Commercial Waste Collected, by Type of Treatment and Local Authority"
,מרחבים,Merhavim,,14544.0,,2021,10269.723,1.9531586822574902,11.645872246018708,88.35412775398129,,True,https://www.cbs.gov.il/he/publications/Pages/2019/פסולת-שנאספה-ברשויות-המקומיות-2014-2017.aspx,"CBS - Household and Commercial Waste Collected, by Type of Treatment and Local Authority"
,משגב,Misgav,,29181.0,,2021,15775.636,1.4454673939983682,46.2353213524957,53.7646786475043,,True,https://www.cbs.gov.il/he/publications/Pages/2019/פסולת-שנאספה-ברשויות-המקומיות-2014-2017.aspx,"CBS - Household and Commercial Waste Collected, by Type of Treatment and Local Authority"
520,משהד,Meshhed,,8499.0,,2021,4266.296,1.3638040011412196,15.326972155706025,84.67302784429397,,True,https://www.cbs.gov.il/he/publications/Pages/2019/פסולת-שנאספה-ברשויות-המקומיות-2014-2017.aspx,"CBS - Household and Commercial Waste Collected, by Type of Treatment and Local Authority"
9100,נהרייה,Nahariyya,,63318.0,,2021,40004.403000000006,1.827263701998784,8.040172478014481,91.95982752198552,,True,https://www.cbs.gov.il/he/publications/Pages/2019/פסולת-שנאספה-ברשויות-המקומיות-2014-2017.aspx,"CBS - Household and Commercial Waste Collected, by Type of Treatment and Local Authority"
,נווה מדבר,Neve Midbar,,13096.0,,2021,1280.13,0.26929822854471186,0.0,100.0,,True,https://www.cbs.gov.il/he/publications/Pages/2019/פסולת-שנאספה-ברשויות-המקומיות-2014-2017.aspx,"CBS - Household and Commercial Waste Collected, by Type of Treatment and Local Authority"
1061,נוף הגליל,Nazerat Illit,,43479.0,,2021,25789.05,1.6704478215204226,26.875941533325193,73.12405846667481,,True,https://www.cbs.gov.il/he/publications/Pages/2019/פסולת-שנאספה-ברשויות-המקומיות-2014-2017.aspx,"CBS - Household and Commercial Waste Collected, by Type of Treatment and Local Authority"
,נחל שורק,Nahal Soreq,,10204.0,,2021,6052.58,1.6396312808527325,17.81356049816772,82.18643950183228,,True,https://www.cbs.gov.il/he/publications/Pages/2019/פסולת-שנאספה-ברשויות-המקומיות-2014-2017.aspx,"CBS - Household and Commercial Waste Collected, by Type of Treatment and Local Authority"
522,נחף,Nahef,,13446.0,,2021,12142.679,2.4744403807229824,0.7664618326812394,99.23353816731877,,True,https://www.cbs.gov.il/he/publications/Pages/2019/פסולת-שנאספה-ברשויות-המקומיות-2014-2017.aspx,"CBS - Household and Commercial Waste Collected, by Type of Treatment and Local Authority"
7200,נס ציונה,Nes Ziyyona,,47620.0,,2021,26820.398999999998,1.452730179424674,19.771202136105437,80.22879786389456,,True,https://www.cbs.gov.il/he/publications/Pages/2019/פסולת-שנאספה-ברשויות-המקומיות-2014-2017.aspx,"CBS - Household and Commercial Waste Collected, by Type of Treatment and Local Authority"
7300,נצרת,Nazareth,,77295.0,,2021,51333.022,1.806333495229887,15.96931406064502,84.03068593935498,,True,https://www.cbs.gov.il/he/publications/Pages/2019/פסולת-שנאספה-ברשויות-המקומיות-2014-2017.aspx,"CBS - Household and Commercial Waste Collected, by Type of Treatment and Local Authority"
2500,נשר,Nesher,,22911.0,,2021,12895.575,1.4782879334610945,23.735893901590273,76.26410609840973,,True,https://www.cbs.gov.il/he/publications/Pages/2019/פסולת-שנאספה-ברשויות-המקומיות-2014-2017.aspx,"CBS - Household and Commercial Waste Collected, by Type of Treatment and Local Authority"
246,נתיבות,Netivot,,45024.0,,2021,27295.817,1.829734047955093,4.870256127523129,95.12974387247688,,True,https://www.cbs.gov.il/he/publications/Pages/2019/פסולת-שנאספה-ברשויות-המקומיות-2014-2017.aspx,"CBS - Household and Commercial Waste Collected, by Type of Treatment and Local Authority"
7400,נתניה,Netanya,,223920.0,,2021,139888.04,1.7178807656275352,20.59558969015507,79.40441030984495,,True,https://www.cbs.gov.il/he/publications/Pages/2019/פסולת-שנאספה-ברשויות-המקומיות-2014-2017.aspx,"CBS - Household and Commercial Waste Collected, by Type of Treatment and Local Authority"
525,סאג'ור,Sajur,,4155.0,,2021,1670.0,1.0418632507693097,0.0,100.0,,True,https://www.cbs.gov.il/he/publications/Pages/2019/פסולת-שנאספה-ברשויות-המקומיות-2014-2017.aspx,"CBS - Household and Commercial Waste Collected, by Type of Treatment and Local Authority"
587,סביון,Savyon,,4494.0,,2021,7313.201000000001,4.963132802399721,36.12837935125808,63.871620648741924,,True,https://www.cbs.gov.il/he/publications/Pages/2019/פסולת-שנאספה-ברשויות-המקומיות-2014-2017.aspx,"CBS - Household and Commercial Waste Collected, by Type of Treatment and Local Authority"
7500,סח'נין,Sakhnin,,32355.0,,2021,,,,,,False,https://www.cbs.gov.il/he/publications/Pages/2019/פסולת-שנאספה-ברשויות-המקומיות-2014-2017.aspx,"CBS - Household and Commercial Waste Collected, by Type of Treatment and Local Authority"
4501,ע'ג'ר,Ghajar,,2629.0,,2021,1349.0629999999999,1.357100427280569,3.808791731742699,96.1912082682573,,True,https://www.cbs.gov.il/he/publications/Pages/2019/פסולת-שנאספה-ברשויות-המקומיות-2014-2017.aspx,"CBS - Household and Commercial Waste Collected, by Type of Treatment and Local Authority"
666,עומר,Omer,,8250.0,,2021,5643.282,2.0308743695445246,25.510050002817508,74.48994999718249,,True,https://www.cbs.gov.il/he/publications/Pages/2019/פסולת-שנאספה-ברשויות-המקומיות-2014-2017.aspx,"CBS - Household and Commercial Waste Collected, by Type of Treatment and Local Authority"
530,עיילבון,Eilabun,,5777.0,,2021,3176.46,1.5005828324831971,0.833002776675922,99.16699722332407,,True,https://www.cbs.gov.il/he/publications/Pages/2019/פסולת-שנאספה-ברשויות-המקומיות-2014-2017.aspx,"CBS - Household and Commercial Waste Collected, by Type of Treatment and Local Authority"
511,עילוט,Ilut,,8561.0,,2021,4662.036,1.485975378961435,24.667891882430766,75.33210811756923,,True,https://www.cbs.gov.il/he/publications/Pages/2019/פסולת-שנאספה-ברשויות-המקומיות-2014-2017.aspx,"CBS - Household and Commercial Waste Collected, by Type of Treatment and Local Authority"
532,עין מאהל,Ein Mahel,,13485.0,,2021,,,,,,False,https://www.cbs.gov.il/he/publications/Pages/2019/פסולת-שנאספה-ברשויות-המקומיות-2014-2017.aspx,"CBS - Household and Commercial Waste Collected, by Type of Treatment and Local Authority"
4502,עין קנייא,Ein Qiniyye,,2361.0,,2021,1113.805,1.4156903493134798,7.427242650194603,92.5727573498054,,True,https://www.cbs.gov.il/he/publications/Pages/2019/פסולת-שנאספה-ברשויות-המקומיות-2014-2017.aspx,"CBS - Household and Commercial Waste Collected, by Type of Treatment and Local Authority"
7600,עכו,Akko,,50555.0,,2021,32286.663999999997,1.7848928780861029,8.889920085890571,91.11007991410943,,True,https://www.cbs.gov.il/he/publications/Pages/2019/פסולת-שנאספה-ברשויות-המקומיות-2014-2017.aspx,"CBS - Household and Commercial Waste Collected, by Type of Treatment and Local Authority"
3660,עמנואל,Immanu'el,,4860.0,,2021,2664.476,1.71742953689574,1.8092112670558866,98.19078873294411,,True,https://www.cbs.gov.il/he/publications/Pages/2019/פסולת-שנאספה-ברשויות-המקומיות-2014-2017.aspx,"CBS - Household and Commercial Waste Collected, by Type of Treatment and Local Authority"
,עמק הירדן,Emeq HaYarden,,15138.0,,2021,17600.0,3.390940793403079,16.437088181818183,83.5629118181818,,True,https://www.cbs.gov.il/he/publications/Pages/2019/פסולת-שנאספה-ברשויות-המקומיות-2014-2017.aspx,"CBS - Household and Commercial Waste Collected, by Type of Treatment and Local Authority"
,עמק המעיינות,Emeq HaMa'ayanot,,15012.0,,2021,12989.914,2.507048394170833,16.912459928526083,83.08754007147391,,True,https://www.cbs.gov.il/he/publications/Pages/2019/פסולת-שנאספה-ברשויות-המקומיות-2014-2017.aspx,"CBS - Household and Commercial Waste Collected, by Type of Treatment and Local Authority"
,עמק חפר,Emeq Hefer,,41826.0,,2021,26282.73,1.6842869879435072,44.659677902561874,55.34032209743812,,True,https://www.cbs.gov.il/he/publications/Pages/2019/פסולת-שנאספה-ברשויות-המקומיות-2014-2017.aspx,"CBS - Household and Commercial Waste Collected, by Type of Treatment and Local Authority"
,עמק יזרעאל,Emeq Yizre'el,,40514.0,,2021,25012.568,1.716730345378439,54.253317772089616,45.74668222791038,,True,https://www.cbs.gov.il/he/publications/Pages/2019/פסולת-שנאספה-ברשויות-המקומיות-2014-2017.aspx,"CBS - Household and Commercial Waste Collected, by Type of Treatment and Local Authority"
534,עספיא,Isifya,,13060.0,,2021,6900.207,1.490963895447673,4.128977579947963,95.87102242005203,,True,https://www.cbs.gov.il/he/publications/Pages/2019/פסולת-שנאספה-ברשויות-המקומיות-2014-2017.aspx,"CBS - Household and Commercial Waste Collected, by Type of Treatment and Local Authority"
7700,עפולה,Afula,,60828.0,,2021,42141.611000000004,1.9933094246253704,37.02186658217693,62.97813341782307,,True,https://www.cbs.gov.il/he/publications/Pages/2019/פסולת-שנאספה-ברשויות-המקומיות-2014-2017.aspx,"CBS - Household and Commercial Waste Collected, by Type of Treatment and Local Authority"
531,עראבה,Arrabe,,26119.0,,2021,22332.421,2.313527879624644,8.553129998758308,91.44687000124169,,True,https://www.cbs.gov.il/he/publications/Pages/2019/פסולת-שנאספה-ברשויות-המקומיות-2014-2017.aspx,"CBS - Household and Commercial Waste Collected, by Type of Treatment and Local Authority"
,ערבות הירדן,Arvot Hayarden,,6294.0,,2021,3601.8050000000003,1.6584804880856454,19.58143208752278,80.41856791247723,,True,https://www.cbs.gov.il/he/publications/Pages/2019/פסולת-שנאספה-ברשויות-המקומיות-2014-2017.aspx,"CBS - Household and Commercial Waste Collected, by Type of Treatment and Local Authority"
2560,ערד,Arad,,27586.0,,2021,14227.820999999998,1.4228994892078595,5.87455380553354,94.12544619446646,,True,https://www.cbs.gov.il/he/publications/Pages/2019/פסולת-שנאספה-ברשויות-המקומיות-2014-2017.aspx,"CBS - Household and Commercial Waste Collected, by Type of Treatment and Local Authority"
637,ערערה,Ar'ara,,19919.0,,2021,12278.31,1.3101164675657528,9.095095334781417,90.90490466521858,,True,https://www.cbs.gov.il/he/publications/Pages/2019/פסולת-שנאספה-ברשויות-המקומיות-2014-2017.aspx,"CBS - Household and Commercial Waste Collected, by Type of Treatment and Local Authority"
1192,ערערה-בנגב,Ar'ara-BaNegev,,19543.0,,2021,5085.3,0.7212470242337469,0.0,100.0,,True,https://www.cbs.gov.il/he/publications/Pages/2019/פסולת-שנאספה-ברשויות-המקומיות-2014-2017.aspx,"CBS - Household and Commercial Waste Collected, by Type of Treatment and Local Authority"
537,פוריידיס,Fureidis,,13108.0,,2021,7651.0,1.5515650507488112,18.76421382825774,81.23578617174226,,True,https://www.cbs.gov.il/he/publications/Pages/2019/פסולת-שנאספה-ברשויות-המקומיות-2014-2017.aspx,"CBS - Household and Commercial Waste Collected, by Type of Treatment and Local Authority"
535,פסוטה,Fassuta,,3358.0,,2021,1653.357,1.4120153383664127,1.7260035189012417,98.27399648109876,,True,https://www.cbs.gov.il/he/publications/Pages/2019/פסולת-שנאספה-ברשויות-המקומיות-2014-2017.aspx,"CBS - Household and Commercial Waste Collected, by Type of Treatment and Local Authority"
536,פקיעין (בוקייעה),Peqi'in (Buqei'a),,5919.0,,2021,,,,,,False,https://www.cbs.gov.il/he/publications/Pages/2019/פסולת-שנאספה-ברשויות-המקומיות-2014-2017.aspx,"CBS - Household and Commercial Waste Collected, by Type of Treatment and Local Authority"
7800,פרדס חנה-כרכור,Pardes Hanna-Karkur,,44161.0,,2021,31039.453999999998,1.9333772877117197,33.89798029308119,66.10201970691881,,True,https://www.cbs.gov.il/he/publications/Pages/2019/פסולת-שנאספה-ברשויות-המקומיות-2014-2017.aspx,"CBS - Household and Commercial Waste Collected, by Type of Treatment and Local Authority"
171,פרדסייה,Pardesiyya,,7743.0,,2021,3763.081,1.4842802992951496,12.933910909704041,87.06608909029595,,True,https://www.cbs.gov.il/he/publications/Pages/2019/פסולת-שנאספה-ברשויות-המקומיות-2014-2017.aspx,"CBS - Household and Commercial Waste Collected, by Type of Treatment and Local Authority"
7900,פתח תקווה,Petah Tiqwa,,264046.0,,2021,170248.038,1.8555117644888666,9.188111759619808,90.8118882403802,,True,https://www.cbs.gov.il/he/publications/Pages/2019/פסולת-שנאספה-ברשויות-המקומיות-2014-2017.aspx,"CBS - Household and Commercial Waste Collected, by Type of Treatment and Local Authority"
8000,צפת,Zefat,,37801.0,,2021,25174.282,1.8759097443715982,1.785957589574948,98.21404241042505,,True,https://www.cbs.gov.il/he/publications/Pages/2019/פסולת-שנאספה-ברשויות-המקומיות-2014-2017.aspx,"CBS - Household and Commercial Waste Collected, by Type of Treatment and Local Authority"
3557,קדומים,Qedumim,,4470.0,,2021,2483.973,1.483305466314746,3.0184305545994268,96.98156944540058,,True,https://www.cbs.gov.il/he/publications/Pages/2019/פסולת-שנאספה-ברשויות-המקומיות-2014-2017.aspx,"CBS - Household and Commercial Waste Collected, by Type of Treatment and Local Authority"
195,קדימה-צורן,Qadima- Zoran,,22153.0,,2021,13183.637999999999,1.5829066838040868,21.494328500221258,78.50567149977874,,True,https://www.cbs.gov.il/he/publications/Pages/2019/פסולת-שנאספה-ברשויות-המקומיות-2014-2017.aspx,"CBS - Household and Commercial Waste Collected, by Type of Treatment and Local Authority"
638,קלנסווה,Qalansawe,,23951.0,,2021,,,,,,False,https://www.cbs.gov.il/he/publications/Pages/2019/פסולת-שנאספה-ברשויות-המקומיות-2014-2017.aspx,"CBS - Household and Commercial Waste Collected, by Type of Treatment and Local Authority"
4100,קצרין,Qazrin,,7633.0,,2021,5270.586,1.9118180383735757,15.328390429451296,84.67160957054871,,True,https://www.cbs.gov.il/he/publications/Pages/2019/פסולת-שנאספה-ברשויות-המקומיות-2014-2017.aspx,"CBS - Household and Commercial Waste Collected, by Type of Treatment and Local Authority"
2620,קריית אונו,Qiryat Ono,,41537.0,,2021,21612.542,1.4313932321806377,33.78849188586886,66.21150811413115,,True,https://www.cbs.gov.il/he/publications/Pages/2019/פסולת-שנאספה-ברשויות-המקומיות-2014-2017.aspx,"CBS - Household and Commercial Waste Collected, by Type of Treatment and Local Authority"
3611,קריית ארבע,Qiryat Arba,,7442.0,,2021,3424.135,1.2645672010274205,2.1203895290343397,97.87961047096566,,True,https://www.cbs.gov.il/he/publications/Pages/2019/פסולת-שנאספה-ברשויות-המקומיות-2014-2017.aspx,"CBS - Household and Commercial Waste Collected, by Type of Treatment and Local Authority"
6800,קריית אתא,Qiryat Atta,,60465.0,,2021,43818.816000000006,2.0098028005446156,39.49183839198211,60.50816160801789,,True,https://www.cbs.gov.il/he/publications/Pages/2019/פסולת-שנאספה-ברשויות-המקומיות-2014-2017.aspx,"CBS - Household and Commercial Waste Collected, by Type of Treatment and Local Authority"
9500,קריית ביאליק,Qiryat Bialik,,44806.0,,2021,26476.803999999996,1.70321767198713,43.50632349735263,56.49367650264736,,True,https://www.cbs.gov.il/he/publications/Pages/2019/פסולת-שנאספה-ברשויות-המקומיות-2014-2017.aspx,"CBS - Household and Commercial Waste Collected, by Type of Treatment and Local Authority"
2630,קריית גת,Qiryat Gat,,63386.0,,2021,37371.151,1.719860160392615,2.640515407192034,97.35948459280797,,True,https://www.cbs.gov.il/he/publications/Pages/2019/פסולת-שנאספה-ברשויות-המקומיות-2014-2017.aspx,"CBS - Household and Commercial Waste Collected, by Type of Treatment and Local Authority"
2300,קריית טבעון,Qiryat Tiv'on,,17944.0,,2021,9537.749,1.4189578984052669,37.19884534600355,62.80115465399645,,True,https://www.cbs.gov.il/he/publications/Pages/2019/פסולת-שנאספה-ברשויות-המקומיות-2014-2017.aspx,"CBS - Household and Commercial Waste Collected, by Type of Treatment and Local Authority"
9600,קריית ים,Qiryat Yam,,38906.0,,2021,22742.392,1.5794150389777246,38.55422068179987,61.44577931820013,,True,https://www.cbs.gov.il/he/publications/Pages/2019/פסולת-שנאספה-ברשויות-המקומיות-2014-2017.aspx,"CBS - Household and Commercial Waste Collected, by Type of Treatment and Local Authority"
1137,קריית יערים,Qiryat Ye'arim,,7161.0,,2021,3250.0,1.4012289856072226,8.072615384615386,91.92738461538461,,True,https://www.cbs.gov.il/he/publications/Pages/2019/פסולת-שנאספה-ברשויות-המקומיות-2014-2017.aspx,"CBS - Household and Commercial Waste Collected, by Type of Treatment and Local Authority"
8200,קריית מוצקין,Qiryat Motzkin,,49057.0,,2021,24509.537,1.4593257799442814,8.41524260535807,91.58475739464193,,True,https://www.cbs.gov.il/he/publications/Pages/2019/פסולת-שנאספה-ברשויות-המקומיות-2014-2017.aspx,"CBS - Household and Commercial Waste Collected, by Type of Treatment and Local Authority"
1034,קריית מלאכי,Qiryat Mal'akhi,,26362.0,,2021,19359.356,2.1470805775350894,14.986444280481228,85.01355571951878,,True,https://www.cbs.gov.il/he/publications/Pages/2019/פסולת-שנאספה-ברשויות-המקומיות-2014-2017.aspx,"CBS - Household and Commercial Waste Collected, by Type of Treatment and Local Authority"
469,קריית עקרון,Qiryat Eqron,,11425.0,,2021,8548.97,2.116941035469844,27.451532757747426,72.54846724225257,,True,https://www.cbs.gov.il/he/publications/Pages/2019/פסולת-שנאספה-ברשויות-המקומיות-2014-2017.aspx,"CBS - Household and Commercial Waste Collected, by Type of Treatment and Local Authority"
2800,קריית שמונה,Qiryat Shemona,,23083.0,,2021,15378.564999999999,1.885190039800467,12.41263407866729,87.5873659213327,,True,https://www.cbs.gov.il/he/publications/Pages/2019/פסולת-שנאספה-ברשויות-המקומיות-2014-2017.aspx,"CBS - Household and Commercial Waste Collected, by Type of Treatment and Local Authority"
3640,קרני שומרון,Qarne Shomeron,,10102.0,,2021,4715.413,1.3541865540909221,12.300184522543415,87.69981547745658,,True,https://www.cbs.gov.il/he/publications/Pages/2019/פסולת-שנאספה-ברשויות-המקומיות-2014-2017.aspx,"CBS - Household and Commercial Waste Collected, by Type of Treatment and Local Authority"
543,ראמה,Rame,,8472.0,,2021,5074.781,1.7846748718363514,1.2371174243775251,98.76288257562248,,True,https://www.cbs.gov.il/he/publications/Pages/2019/פסולת-שנאספה-ברשויות-המקומיות-2014-2017.aspx,"CBS - Household and Commercial Waste Collected, by Type of Treatment and Local Authority"
2640,ראש העין,Rosh HaAyin,,74572.0,,2021,40143.155666666666,1.579339413417002,18.43615815388438,81.56384184611561,,True,https://www.cbs.gov.il/he/publications/Pages/2019/פסולת-שנאספה-ברשויות-המקומיות-2014-2017.aspx,"CBS - Household and Commercial Waste Collected, by Type of Treatment and Local Authority"
26,ראש פינה,Rosh Pinna,,3352.0,,2021,3679.708,3.124075544103476,17.368986887002986,82.63101311299701,,True,https://www.cbs.gov.il/he/publications/Pages/2019/פסולת-שנאספה-ברשויות-המקומיות-2014-2017.aspx,"CBS - Household and Commercial Waste Collected, by Type of Treatment and Local Authority"
8300,ראשון לציון,Rishon LeZiyyon,,252413.0,,2021,176440.749,1.8839330073746579,26.16550953317479,73.83449046682522,,True,https://www.cbs.gov.il/he/publications/Pages/2019/פסולת-שנאספה-ברשויות-המקומיות-2014-2017.aspx,"CBS - Household and Commercial Waste Collected, by Type of Treatment and Local Authority"
1161,רהט,Rahat,,71355.0,,2021,47392.95,1.731191608681537,1.1594277925303236,98.84057220746968,,True,https://www.cbs.gov.il/he/publications/Pages/2019/פסולת-שנאספה-ברשויות-המקומיות-2014-2017.aspx,"CBS - Household and Commercial Waste Collected, by Type of Treatment and Local Authority"
8400,רחובות,Rehovot,,150471.0,,2021,103477.537,1.928749248195331,17.605934126553475,82.39406587344654,,True,https://www.cbs.gov.il/he/publications/Pages/2019/פסולת-שנאספה-ברשויות-המקומיות-2014-2017.aspx,"CBS - Household and Commercial Waste Collected, by Type of Treatment and Local Authority"
542,ריינה,Reine,,17046.0,,2021,9848.292,1.4050732655214402,1.734513964451907,98.2654860355481,,True,https://www.cbs.gov.il/he/publications/Pages/2019/פסולת-שנאספה-ברשויות-המקומיות-2014-2017.aspx,"CBS - Household and Commercial Waste Collected, by Type of Treatment and Local Authority"
922,רכסים,Rekhasim,,13910.0,,2021,,,,,,False,https://www.cbs.gov.il/he/publications/Pages/2019/פסולת-שנאספה-ברשויות-המקומיות-2014-2017.aspx,"CBS - Household and Commercial Waste Collected, by Type of Treatment and Local Authority"
8500,רמלה,Ramla,,81126.0,,2021,51715.179,1.830738403822182,13.432885923105866,86.56711407689414,,True,https://www.cbs.gov.il/he/publications/Pages/2019/פסולת-שנאספה-ברשויות-המקומיות-2014-2017.aspx,"CBS - Household and Commercial Waste Collected, by Type of Treatment and Local Authority"
8600,רמת גן,Ramat Gan,,165155.0,,2021,103562.84000000003,1.6825720550739673,38.13074264861797,61.86925735138203,,True,https://www.cbs.gov.il/he/publications/Pages/2019/פסולת-שנאספה-ברשויות-המקומיות-2014-2017.aspx,"CBS - Household and Commercial Waste Collected, by Type of Treatment and Local Authority"
2650,רמת השרון,Ramat HaSharon,,48986.0,,2021,40047.494,2.298216661650062,37.886525434025906,62.113474565974094,,True,https://www.cbs.gov.il/he/publications/Pages/2019/פסולת-שנאספה-ברשויות-המקומיות-2014-2017.aspx,"CBS - Household and Commercial Waste Collected, by Type of Treatment and Local Authority"
122,רמת ישי,Ramat Yishay,,7880.0,,2021,5869.923,2.0142761550498256,20.362457906176964,79.63754209382301,,True,https://www.cbs.gov.il/he/publications/Pages/2019/פסולת-שנאספה-ברשויות-המקומיות-2014-2017.aspx,"CBS - Household and Commercial Waste Collected, by Type of Treatment and Local Authority"
,רמת נגב,Ramat Negev,,8097.0,,2021,10957.631,3.5720039085388864,7.254131846564281,92.74586815343572,,True,https://www.cbs.gov.il/he/publications/Pages/2019/פסולת-שנאספה-ברשויות-המקומיות-2014-2017.aspx,"CBS - Household and Commercial Waste Collected, by Type of Treatment and Local Authority"
8700,רעננה,Ra'annana,,80155.0,,2021,49569.147,1.754156022601293,20.022033261940138,79.97796673805986,,True,https://www.cbs.gov.il/he/publications/Pages/2019/פסולת-שנאספה-ברשויות-המקומיות-2014-2017.aspx,"CBS - Household and Commercial Waste Collected, by Type of Treatment and Local Authority"
913,שבלי-אום אל-גנם,Shibli-Umm Al-Ghanam,,6278.0,,2021,2670.527,1.1772344857227872,0.5140183941222088,99.4859816058778,,True,https://www.cbs.gov.il/he/publications/Pages/2019/פסולת-שנאספה-ברשויות-המקומיות-2014-2017.aspx,"CBS - Household and Commercial Waste Collected, by Type of Treatment and Local Authority"
1286,שגב-שלום,Segev-Shalom,,14654.0,,2021,5993.771999999999,1.4139222619842369,2.4220474185537926,97.57795258144621,,True,https://www.cbs.gov.il/he/publications/Pages/2019/פסולת-שנאספה-ברשויות-המקומיות-2014-2017.aspx,"CBS - Household and Commercial Waste Collected, by Type of Treatment and Local Authority"
,שדות דן,Sedot Dan,,,,2021,15849.685000000001,2.720022206805597,21.600587014820793,78.39941298517921,,True,https://www.cbs.gov.il/he/publications/Pages/2019/פסולת-שנאספה-ברשויות-המקומיות-2014-2017.aspx,"CBS - Household and Commercial Waste Collected, by Type of Treatment and Local Authority"
,שדות נגב,Sedot Negev,,11590.0,,2021,9770.512,2.443386977079755,12.391039486978777,87.60896051302123,,True,https://www.cbs.gov.il/he/publications/Pages/2019/פסולת-שנאספה-ברשויות-המקומיות-2014-2017.aspx,"CBS - Household and Commercial Waste Collected, by Type of Treatment and Local Authority"
1031,שדרות,Sederot,,31108.0,,2021,26625.626,2.4467748016148794,1.813754320743482,98.18624567925653,,True,https://www.cbs.gov.il/he/publications/Pages/2019/פסולת-שנאספה-ברשויות-המקומיות-2014-2017.aspx,"CBS - Household and Commercial Waste Collected, by Type of Treatment and Local Authority"
1304,שוהם,Shoham,,21171.0,,2021,12109.996,1.5629759148687652,42.860674768183245,57.13932523181676,,True,https://www.cbs.gov.il/he/publications/Pages/2019/פסולת-שנאספה-ברשויות-המקומיות-2014-2017.aspx,"CBS - Household and Commercial Waste Collected, by Type of Treatment and Local Authority"
,שומרון,Shomron,,51691.0,,2021,22188.264,1.250805328825046,7.720234444659573,92.27976555534042,,True,https://www.cbs.gov.il/he/publications/Pages/2019/פסולת-שנאספה-ברשויות-המקומיות-2014-2017.aspx,"CBS - Household and Commercial Waste Collected, by Type of Treatment and Local Authority"
812,שלומי,Shelomi,,7497.0,,2021,3965.906,1.573683234182194,44.217790335928285,55.782209664071715,,True,https://www.cbs.gov.il/he/publications/Pages/2019/פסולת-שנאספה-ברשויות-המקומיות-2014-2017.aspx,"CBS - Household and Commercial Waste Collected, by Type of Treatment and Local Authority"
538,שעב,Sha'ab,,7445.0,,2021,3027.1699999999996,1.135411929407374,1.0164609189440965,98.98353908105591,,True,https://www.cbs.gov.il/he/publications/Pages/2019/פסולת-שנאספה-ברשויות-המקומיות-2014-2017.aspx,"CBS - Household and Commercial Waste Collected, by Type of Treatment and Local Authority"
,שער הנגב,Sha'ar HaNegev,,8917.0,,2021,3662.5559999999996,1.1207237393198188,9.330533103111598,90.66946689688841,,True,https://www.cbs.gov.il/he/publications/Pages/2019/פסולת-שנאספה-ברשויות-המקומיות-2014-2017.aspx,"CBS - Household and Commercial Waste Collected, by Type of Treatment and Local Authority"
692,שפיר,Shafir,,1030.0,,2021,10970.655999999999,2.3852544862171188,22.749375780263275,77.25062421973672,,True,https://www.cbs.gov.il/he/publications/Pages/2019/פסולת-שנאספה-ברשויות-המקומיות-2014-2017.aspx,"CBS - Household and Commercial Waste Collected, by Type of Treatment and Local Authority"
8800,שפרעם,Shefar'am,,42713.0,,2021,36223.9,2.3206182865789557,0.0,86.51194377192958,,True,https://www.cbs.gov.il/he/publications/Pages/2019/פסולת-שנאספה-ברשויות-המקומיות-2014-2017.aspx,"CBS - Household and Commercial Waste Collected, by Type of Treatment and Local Authority"
5000,תל אביב-יפו,Tel Aviv - Yafo,,492872.0,,2021,408995.65599999996,2.4054019314200565,36.78785429447202,63.21214570552798,,True,https://www.cbs.gov.il/he/publications/Pages/2019/פסולת-שנאספה-ברשויות-המקומיות-2014-2017.aspx,"CBS - Household and Commercial Waste Collected, by Type of Treatment and Local Authority"
154,תל מונד,Tel Mond,,14115.0,,2021,8557.738,1.6946158457769198,27.881608434378336,72.11839156562166,,True,https://www.cbs.gov.il/he/publications/Pages/2019/פסולת-שנאספה-ברשויות-המקומיות-2014-2017.aspx,"CBS - Household and Commercial Waste Collected, by Type of Treatment and Local Authority"
1054,תל שבע,Tel Sheva,,22760.0,,2021,8753.054999999998,1.0964985986941185,1.4767091032787985,98.52329089672122,,True,https://www.cbs.gov.il/he/publications/Pages/2019/פסולת-שנאספה-ברשויות-המקומיות-2014-2017.aspx,"CBS - Household and Commercial Waste Collected, by Type of Treatment and Local Authority"
,תמר,Tamar,,1524.0,,2021,9935.277,17.404051781522615,1.7737502437023138,98.22624975629768,,True,https://www.cbs.gov.il/he/publications/Pages/2019/פסולת-שנאספה-ברשויות-המקומיות-2014-2017.aspx,"CBS - Household and Commercial Waste Collected, by Type of Treatment and Local Authority"
472,אבו גוש,Abu Ghosh,,8657.0,,2022,5611.973,1.9435303366389438,38.837865399566255,61.162134600433745,,True,https://www.cbs.gov.il/he/publications/Pages/2019/פסולת-שנאספה-ברשויות-המקומיות-2014-2017.aspx,"CBS - Household and Commercial Waste Collected, by Type of Treatment and Local Authority"
473,אבו סנאן,Abu Snan,,13895.0,,2022,7195.729,1.3529837366959891,0.9404050652824751,99.05959493471754,,True,https://www.cbs.gov.il/he/publications/Pages/2019/פסולת-שנאספה-ברשויות-המקומיות-2014-2017.aspx,"CBS - Household and Commercial Waste Collected, by Type of Treatment and Local Authority"
182,אבן יהודה,Even Yehuda,,14989.0,,2022,12258.529,2.3460592336211876,12.165562442279983,87.83443755772002,,True,https://www.cbs.gov.il/he/publications/Pages/2019/פסולת-שנאספה-ברשויות-המקומיות-2014-2017.aspx,"CBS - Household and Commercial Waste Collected, by Type of Treatment and Local Authority"
2710,אום אל-פחם,Umm Al-Fahm,,57560.0,,2022,31079.428,1.4637726325526323,4.836311659275068,95.16368834072495,,True,https://www.cbs.gov.il/he/publications/Pages/2019/פסולת-שנאספה-ברשויות-המקומיות-2014-2017.aspx,"CBS - Household and Commercial Waste Collected, by Type of Treatment and Local Authority"
31,אופקים,Ofaqim,,35355.0,,2022,20419.877,1.6098084596259459,19.531805234674042,80.46819476532595,,True,https://www.cbs.gov.il/he/publications/Pages/2019/פסולת-שנאספה-ברשויות-המקומיות-2014-2017.aspx,"CBS - Household and Commercial Waste Collected, by Type of Treatment and Local Authority"
2400,אור יהודה,Or Yehuda,,36850.0,,2022,29604.414,2.1437572470005906,35.44070826735499,64.55929173264501,,True,https://www.cbs.gov.il/he/publications/Pages/2019/פסולת-שנאספה-ברשויות-המקומיות-2014-2017.aspx,"CBS - Household and Commercial Waste Collected, by Type of Treatment and Local Authority"
1020,אור עקיבא,Or Aqiva,,22173.0,,2022,18612.879999999997,2.5011865695910296,38.64082291402513,61.35917708597488,,True,https://www.cbs.gov.il/he/publications/Pages/2019/פסולת-שנאספה-ברשויות-המקומיות-2014-2017.aspx,"CBS - Household and Commercial Waste Collected, by Type of Treatment and Local Authority"
3760,אורנית,Oranit,,9979.0,,2022,5307.8555,1.5798869969051768,34.7778024477117,65.22219755228829,,True,https://www.cbs.gov.il/he/publications/Pages/2019/פסולת-שנאספה-ברשויות-המקומיות-2014-2017.aspx,"CBS - Household and Commercial Waste Collected, by Type of Treatment and Local Authority"
565,אזור,Azor,,13191.0,,2022,10788.606,2.184048816457993,35.2763461748441,64.7236538251559,,True,https://www.cbs.gov.il/he/publications/Pages/2019/פסולת-שנאספה-ברשויות-המקומיות-2014-2017.aspx,"CBS - Household and Commercial Waste Collected, by Type of Treatment and Local Authority"
2600,אילת,Eilat,,55213.0,,2022,68976.419,3.568826303273888,9.303786849241911,90.69621315075808,,True,https://www.cbs.gov.il/he/publications/Pages/2019/פסולת-שנאספה-ברשויות-המקומיות-2014-2017.aspx,"CBS - Household and Commercial Waste Collected, by Type of Treatment and Local Authority"
478,אכסאל,Iksal,,14646.0,,2022,8650.651,1.5550432188590078,27.08063242870392,72.91936757129608,,True,https://www.cbs.gov.il/he/publications/Pages/2019/פסולת-שנאספה-ברשויות-המקומיות-2014-2017.aspx,"CBS - Household and Commercial Waste Collected, by Type of Treatment and Local Authority"
,אל קסום,El Kasum,,18954.0,,2022,5968.25,0.9245636178232846,0.28366774180036025,99.71633225819964,,True,https://www.cbs.gov.il/he/publications/Pages/2019/פסולת-שנאספה-ברשויות-המקומיות-2014-2017.aspx,"CBS - Household and Commercial Waste Collected, by Type of Treatment and Local Authority"
,אל-בטוף,El Batuf,,8903.0,,2022,,,,,,False,https://www.cbs.gov.il/he/publications/Pages/2019/פסולת-שנאספה-ברשויות-המקומיות-2014-2017.aspx,"CBS - Household and Commercial Waste Collected, by Type of Treatment and Local Authority"
,אלונה,Allona,,2195.0,,2022,2163.8532,2.61391751830108,66.54578970514265,33.45421029485735,,True,https://www.cbs.gov.il/he/publications/Pages/2019/פסולת-שנאספה-ברשויות-המקומיות-2014-2017.aspx,"CBS - Household and Commercial Waste Collected, by Type of Treatment and Local Authority"
41,אליכין,Elyakhin,,3926.0,,2022,2447.04,1.9367959491787352,13.193368314371648,86.80663168562836,,True,https://www.cbs.gov.il/he/publications/Pages/2019/פסולת-שנאספה-ברשויות-המקומיות-2014-2017.aspx,"CBS - Household and Commercial Waste Collected, by Type of Treatment and Local Authority"
1309,אלעד,El'ad,,48825.0,,2022,20422.026,1.1294056553165839,13.333672183161454,86.66632781683855,,True,https://www.cbs.gov.il/he/publications/Pages/2019/פסולת-שנאספה-ברשויות-המקומיות-2014-2017.aspx,"CBS - Household and Commercial Waste Collected, by Type of Treatment and Local Authority"
3750,אלפי מנשה,Alfei Menashe,,8068.0,,2022,5353.8,1.8402791801617782,29.593503791699355,70.40649620830064,,True,https://www.cbs.gov.il/he/publications/Pages/2019/פסולת-שנאספה-ברשויות-המקומיות-2014-2017.aspx,"CBS - Household and Commercial Waste Collected, by Type of Treatment and Local Authority"
3560,אלקנה,Elqana,,4144.0,,2022,2416.78,1.581587261075636,27.05621860492059,72.94378139507941,,True,https://www.cbs.gov.il/he/publications/Pages/2019/פסולת-שנאספה-ברשויות-המקומיות-2014-2017.aspx,"CBS - Household and Commercial Waste Collected, by Type of Treatment and Local Authority"
529,אעבלין,I'billin,,13357.0,,2022,7516.391,1.4957582752710745,1.6429560410042534,98.35704395899575,,True,https://www.cbs.gov.il/he/publications/Pages/2019/פסולת-שנאספה-ברשויות-המקומיות-2014-2017.aspx,"CBS - Household and Commercial Waste Collected, by Type of Treatment and Local Authority"
3650,אפרת,Efrat,,12082.0,,2022,4723.85,1.0941416743053258,8.20241963652529,91.79758036347471,,True,https://www.cbs.gov.il/he/publications/Pages/2019/פסולת-שנאספה-ברשויות-המקומיות-2014-2017.aspx,"CBS - Household and Commercial Waste Collected, by Type of Treatment and Local Authority"
3570,אריאל,Ariel,,21428.0,,2022,10670.452,1.4556285044187094,45.47709881455819,54.52290118544181,,True,https://www.cbs.gov.il/he/publications/Pages/2019/פסולת-שנאספה-ברשויות-המקומיות-2014-2017.aspx,"CBS - Household and Commercial Waste Collected, by Type of Treatment and Local Authority"
70,אשדוד,Ashdod,,227865.0,,2022,130894.674,1.5839839276570309,19.66465342967278,80.33534657032723,,True,https://www.cbs.gov.il/he/publications/Pages/2019/פסולת-שנאספה-ברשויות-המקומיות-2014-2017.aspx,"CBS - Household and Commercial Waste Collected, by Type of Treatment and Local Authority"
,אשכול,Eshkol,,18228.0,,2022,13924.622,2.4982580344499845,24.724605666135858,75.27539433386414,,True,https://www.cbs.gov.il/he/publications/Pages/2019/פסולת-שנאספה-ברשויות-המקומיות-2014-2017.aspx,"CBS - Household and Commercial Waste Collected, by Type of Treatment and Local Authority"
7100,אשקלון,Ashqelon,,152370.0,,2022,107364.492,1.9460882516634903,9.364409697016027,90.63559030298397,,True,https://www.cbs.gov.il/he/publications/Pages/2019/פסולת-שנאספה-ברשויות-המקומיות-2014-2017.aspx,"CBS - Household and Commercial Waste Collected, by Type of Treatment and Local Authority"
6000,באקה אל-גרביה,Baqa Al-Gharbiyye,,29868.0,,2022,22144.126666666667,1.9454494206396795,31.985576912945163,68.01442308705484,,True,https://www.cbs.gov.il/he/publications/Pages/2019/פסולת-שנאספה-ברשויות-המקומיות-2014-2017.aspx,"CBS - Household and Commercial Waste Collected, by Type of Treatment and Local Authority"
155,באר טוביה,Be'er Toviyya,,1404.0,,2022,35162.349,4.047442503192069,17.702382147449818,82.29761785255019,,True,https://www.cbs.gov.il/he/publications/Pages/2019/פסולת-שנאספה-ברשויות-המקומיות-2014-2017.aspx,"CBS - Household and Commercial Waste Collected, by Type of Treatment and Local Authority"
2530,באר יעקב,Be'er Ya'aqov,,31439.0,,2022,18359.53,1.644411533477641,11.914520687621089,88.08547931237891,,True,https://www.cbs.gov.il/he/publications/Pages/2019/פסולת-שנאספה-ברשויות-המקומיות-2014-2017.aspx,"CBS - Household and Commercial Waste Collected, by Type of Treatment and Local Authority"
9000,באר שבע,Be'er Sheva,,217577.0,,2022,158852.721,2.0460725659374552,30.31984372618962,69.68015627381038,,True,https://www.cbs.gov.il/he/publications/Pages/2019/פסולת-שנאספה-ברשויות-המקומיות-2014-2017.aspx,"CBS - Household and Commercial Waste Collected, by Type of Treatment and Local Authority"
,בוסתן אל-מרג',Bustan El-Marj,,8111.0,,2022,,,,,,False,https://www.cbs.gov.il/he/publications/Pages/2019/פסולת-שנאספה-ברשויות-המקומיות-2014-2017.aspx,"CBS - Household and Commercial Waste Collected, by Type of Treatment and Local Authority"
482,בועיינה-נוג'ידאת,Bu'eine-Nujeidat,,10087.0,,2022,5293.508,1.4200295352820538,3.3491590075994977,96.65084099240049,,True,https://www.cbs.gov.il/he/publications/Pages/2019/פסולת-שנאספה-ברשויות-המקומיות-2014-2017.aspx,"CBS - Household and Commercial Waste Collected, by Type of Treatment and Local Authority"
4001,בוקעאתא,Buq'ata,,6720.0,,2022,3300.2999999999997,1.3339113090239991,0.07544768657394783,99.92455231342606,,True,https://www.cbs.gov.il/he/publications/Pages/2019/פסולת-שנאספה-ברשויות-המקומיות-2014-2017.aspx,"CBS - Household and Commercial Waste Collected, by Type of Treatment and Local Authority"
998,ביר אל-מכסור,Bir El-Maksur,,10510.0,,2022,3699.2329999999997,1.0067433129538936,1.050839457801117,98.94916054219888,,True,https://www.cbs.gov.il/he/publications/Pages/2019/פסולת-שנאספה-ברשויות-המקומיות-2014-2017.aspx,"CBS - Household and Commercial Waste Collected, by Type of Treatment and Local Authority"
3574,בית אל,Bet El,,5629.0,,2022,2592.417,1.2049388970679655,4.45942917362446,95.54057082637554,,True,https://www.cbs.gov.il/he/publications/Pages/2019/פסולת-שנאספה-ברשויות-המקומיות-2014-2017.aspx,"CBS - Household and Commercial Waste Collected, by Type of Treatment and Local Authority"
3652,בית אריה-עופרים,Bet Arye,,5373.0,,2022,2940.94,1.4748983823931354,19.391487075560878,80.60851292443913,,True,https://www.cbs.gov.il/he/publications/Pages/2019/פסולת-שנאספה-ברשויות-המקומיות-2014-2017.aspx,"CBS - Household and Commercial Waste Collected, by Type of Treatment and Local Authority"
480,בית ג'ן,Beit Jann,,12038.0,,2022,7901.16034,1.7499607623392877,1.0888021037173383,98.91119789628266,,True,https://www.cbs.gov.il/he/publications/Pages/2019/פסולת-שנאספה-ברשויות-המקומיות-2014-2017.aspx,"CBS - Household and Commercial Waste Collected, by Type of Treatment and Local Authority"
466,בית דגן,Bet Dagan,,7616.0,,2022,6197.3099999999995,2.1955041710544143,32.84860689557244,67.15139310442756,,True,https://www.cbs.gov.il/he/publications/Pages/2019/פסולת-שנאספה-ברשויות-המקומיות-2014-2017.aspx,"CBS - Household and Commercial Waste Collected, by Type of Treatment and Local Authority"
9200,בית שאן,Bet She'an,,19825.0,,2022,15601.817,2.251320891664553,3.1448196065881304,96.85518039341187,,True,https://www.cbs.gov.il/he/publications/Pages/2019/פסולת-שנאספה-ברשויות-המקומיות-2014-2017.aspx,"CBS - Household and Commercial Waste Collected, by Type of Treatment and Local Authority"
2610,בית שמש,Bet Shemesh,,145554.0,,2022,81790.872,1.5117458852310803,7.163405715982584,92.83659428401741,,True,https://www.cbs.gov.il/he/publications/Pages/2019/פסולת-שנאספה-ברשויות-המקומיות-2014-2017.aspx,"CBS - Household and Commercial Waste Collected, by Type of Treatment and Local Authority"
3780,ביתר עילית,Betar Illit,,65660.0,,2022,28103.56,1.2102872582369855,3.863460714585626,96.13653928541437,,True,https://www.cbs.gov.il/he/publications/Pages/2019/פסולת-שנאספה-ברשויות-המקומיות-2014-2017.aspx,"CBS - Household and Commercial Waste Collected, by Type of Treatment and Local Authority"
6100,בני ברק,Bene Beraq,,216869.0,,2022,104011.19600000003,1.3230916203380036,36.3527749454972,63.64722505450279,,True,https://www.cbs.gov.il/he/publications/Pages/2019/פסולת-שנאספה-ברשויות-המקומיות-2014-2017.aspx,"CBS - Household and Commercial Waste Collected, by Type of Treatment and Local Authority"
1066,"בני עי""ש",Bene Ayish,,6740.0,,2022,,,,,,False,https://www.cbs.gov.il/he/publications/Pages/2019/פסולת-שנאספה-ברשויות-המקומיות-2014-2017.aspx,"CBS - Household and Commercial Waste Collected, by Type of Treatment and Local Authority"
,בני שמעון,Bene Shim'on,,11508.0,,2022,8586.632,2.0414821172458186,34.70027598713908,65.29972401286092,,True,https://www.cbs.gov.il/he/publications/Pages/2019/פסולת-שנאספה-ברשויות-המקומיות-2014-2017.aspx,"CBS - Household and Commercial Waste Collected, by Type of Treatment and Local Authority"
9800,בנימינה-גבעת עדה,Binyamina-Giv'at Ada,,15268.0,,2022,11020.653999999999,1.866335307376667,49.46969571860255,50.530304281397456,,True,https://www.cbs.gov.il/he/publications/Pages/2019/פסולת-שנאספה-ברשויות-המקומיות-2014-2017.aspx,"CBS - Household and Commercial Waste Collected, by Type of Treatment and Local Authority"
1326,"בסמ""ה",Basma,,11266.0,,2022,6678.953,1.7230227278590409,13.595214699070349,86.40478530092966,,True,https://www.cbs.gov.il/he/publications/Pages/2019/פסולת-שנאספה-ברשויות-המקומיות-2014-2017.aspx,"CBS - Household and Commercial Waste Collected, by Type of Treatment and Local Authority"
944,בסמת טבעון,Basmat Tab'un,,8043.0,,2022,3965.03,1.3400476025918657,4.769951299233549,95.23004870076645,,True,https://www.cbs.gov.il/he/publications/Pages/2019/פסולת-שנאספה-ברשויות-המקומיות-2014-2017.aspx,"CBS - Household and Commercial Waste Collected, by Type of Treatment and Local Authority"
483,בענה,Bi'ne,,8518.0,,2022,8521.402,2.7202221787725103,15.387632222960493,84.6123677770395,,True,https://www.cbs.gov.il/he/publications/Pages/2019/פסולת-שנאספה-ברשויות-המקומיות-2014-2017.aspx,"CBS - Household and Commercial Waste Collected, by Type of Treatment and Local Authority"
,ברנר,Brenner,,7758.0,,2022,4748.130999999999,1.6140676322590455,51.847427966920044,48.152572033079956,,True,https://www.cbs.gov.il/he/publications/Pages/2019/פסולת-שנאספה-ברשויות-המקומיות-2014-2017.aspx,"CBS - Household and Commercial Waste Collected, by Type of Treatment and Local Authority"
6200,בת ים,Bat Yam,,128152.0,,2022,75251.29299999999,1.6185584269388018,40.33470228876998,59.66529771123001,,True,https://www.cbs.gov.il/he/publications/Pages/2019/פסולת-שנאספה-ברשויות-המקומיות-2014-2017.aspx,"CBS - Household and Commercial Waste Collected, by Type of Treatment and Local Authority"
1292,ג'דיידה-מכר,Judeide-Maker,,19842.0,,2022,12254.662999999999,1.5571106195196265,0.4440758591239923,99.555924140876,,True,https://www.cbs.gov.il/he/publications/Pages/2019/פסולת-שנאספה-ברשויות-המקומיות-2014-2017.aspx,"CBS - Household and Commercial Waste Collected, by Type of Treatment and Local Authority"
485,ג'ולס,Julis,,6543.0,,2022,,,,,,False,https://www.cbs.gov.il/he/publications/Pages/2019/פסולת-שנאספה-ברשויות-המקומיות-2014-2017.aspx,"CBS - Household and Commercial Waste Collected, by Type of Treatment and Local Authority"
627,ג'לג'וליה,Jaljulye,,10502.0,,2022,,,,,,False,https://www.cbs.gov.il/he/publications/Pages/2019/פסולת-שנאספה-ברשויות-המקומיות-2014-2017.aspx,"CBS - Household and Commercial Waste Collected, by Type of Treatment and Local Authority"
541,ג'סר א-זרקא,Jisr Az-Zarqa,,15418.0,,2022,,,,,,False,https://www.cbs.gov.il/he/publications/Pages/2019/פסולת-שנאספה-ברשויות-המקומיות-2014-2017.aspx,"CBS - Household and Commercial Waste Collected, by Type of Treatment and Local Authority"
487,ג'ש (גוש חלב),Jish(Gush Halav),,3256.0,,2022,2313.064,1.9896896840928153,5.773035246754954,94.22696475324504,,True,https://www.cbs.gov.il/he/publications/Pages/2019/פסולת-שנאספה-ברשויות-המקומיות-2014-2017.aspx,"CBS - Household and Commercial Waste Collected, by Type of Treatment and Local Authority"
628,ג'ת,Jatt,,12232.0,,2022,7693.5560000000005,1.6783370982115104,4.8954735625502686,95.10452643744972,,True,https://www.cbs.gov.il/he/publications/Pages/2019/פסולת-שנאספה-ברשויות-המקומיות-2014-2017.aspx,"CBS - Household and Commercial Waste Collected, by Type of Treatment and Local Authority"
3730,גבעת זאב,Giv'at Ze'ev,,22117.0,,2022,11055.953,1.4728687458015035,36.74195250287334,63.258047497126654,,True,https://www.cbs.gov.il/he/publications/Pages/2019/פסולת-שנאספה-ברשויות-המקומיות-2014-2017.aspx,"CBS - Household and Commercial Waste Collected, by Type of Treatment and Local Authority"
681,גבעת שמואל,Giv'at Shemu'el,,27472.0,,2022,13870.759,1.3297669344269996,39.012277554530364,60.98772244546963,,True,https://www.cbs.gov.il/he/publications/Pages/2019/פסולת-שנאספה-ברשויות-המקומיות-2014-2017.aspx,"CBS - Household and Commercial Waste Collected, by Type of Treatment and Local Authority"
6300,גבעתיים,Giv'atayim,,58052.0,,2022,30752.151,1.367679371667557,41.32605553348122,58.673944466518776,,True,https://www.cbs.gov.il/he/publications/Pages/2019/פסולת-שנאספה-ברשויות-המקומיות-2014-2017.aspx,"CBS - Household and Commercial Waste Collected, by Type of Treatment and Local Authority"
2550,גדרה,Gedera,,29260.0,,2022,19393.891,1.7187109152581426,33.667258932207055,66.33274106779294,,True,https://www.cbs.gov.il/he/publications/Pages/2019/פסולת-שנאספה-ברשויות-המקומיות-2014-2017.aspx,"CBS - Household and Commercial Waste Collected, by Type of Treatment and Local Authority"
,גדרות,Gederot,,5008.0,,2022,3260.635,1.7190891129303312,33.63439943446598,66.36560056553402,,True,https://www.cbs.gov.il/he/publications/Pages/2019/פסולת-שנאספה-ברשויות-המקומיות-2014-2017.aspx,"CBS - Household and Commercial Waste Collected, by Type of Treatment and Local Authority"
,גולן,Golan,,20110.0,,2022,14720.585,2.0515486869808837,36.62846958867463,63.371530411325374,,True,https://www.cbs.gov.il/he/publications/Pages/2019/פסולת-שנאספה-ברשויות-המקומיות-2014-2017.aspx,"CBS - Household and Commercial Waste Collected, by Type of Treatment and Local Authority"
,גוש עציון,Gush Etzion,,26401.0,,2022,15347.666000000001,1.6112350078553093,16.577159028610602,83.42284097138939,,True,https://www.cbs.gov.il/he/publications/Pages/2019/פסולת-שנאספה-ברשויות-המקומיות-2014-2017.aspx,"CBS - Household and Commercial Waste Collected, by Type of Treatment and Local Authority"
370,גזר,Gezer,,396.0,,2022,23699.605,2.3460913664378613,56.38045444217319,43.61954555782682,,True,https://www.cbs.gov.il/he/publications/Pages/2019/פסולת-שנאספה-ברשויות-המקומיות-2014-2017.aspx,"CBS - Household and Commercial Waste Collected, by Type of Treatment and Local Authority"
166,גן יבנה,Gan Yavne,,23688.0,,2022,16322.141,1.831774481128436,30.843177987495636,69.15682201250436,,True,https://www.cbs.gov.il/he/publications/Pages/2019/פסולת-שנאספה-ברשויות-המקומיות-2014-2017.aspx,"CBS - Household and Commercial Waste Collected, by Type of Treatment and Local Authority"
,גן רווה,Gan Rawe,,5976.0,,2022,,,,,,False,https://www.cbs.gov.il/he/publications/Pages/2019/פסולת-שנאספה-ברשויות-המקומיות-2014-2017.aspx,"CBS - Household and Commercial Waste Collected, by Type of Treatment and Local Authority"
229,גני תקווה,Ganne Tiqwa,,23650.0,,2022,11005.42,1.3013308423149916,37.42683150665763,62.57316849334238,,True,https://www.cbs.gov.il/he/publications/Pages/2019/פסולת-שנאספה-ברשויות-המקומיות-2014-2017.aspx,"CBS - Household and Commercial Waste Collected, by Type of Treatment and Local Authority"
494,דאלית אל-כרמל,Daliyat Al-Karmel,,17672.0,,2022,12995.73,1.9643452443258058,8.640684286300191,91.3593157136998,,True,https://www.cbs.gov.il/he/publications/Pages/2019/פסולת-שנאספה-ברשויות-המקומיות-2014-2017.aspx,"CBS - Household and Commercial Waste Collected, by Type of Treatment and Local Authority"
489,דבורייה,Daburiyya,,10480.0,,2022,6011.28,1.5240142760350348,25.99596092679096,74.00403907320904,,True,https://www.cbs.gov.il/he/publications/Pages/2019/פסולת-שנאספה-ברשויות-המקומיות-2014-2017.aspx,"CBS - Household and Commercial Waste Collected, by Type of Treatment and Local Authority"
490,דייר אל-אסד,Deir Al-Asad,,12176.0,,2022,6952.83,1.46456381924949,1.1021411425275751,98.89785885747241,,True,https://www.cbs.gov.il/he/publications/Pages/2019/פסולת-שנאספה-ברשויות-המקומיות-2014-2017.aspx,"CBS - Household and Commercial Waste Collected, by Type of Treatment and Local Authority"
492,דייר חנא,Deir Hanna,,10283.0,,2022,6187.18,1.5882299336823555,1.8158514864607136,98.18414851353928,,True,https://www.cbs.gov.il/he/publications/Pages/2019/פסולת-שנאספה-ברשויות-המקומיות-2014-2017.aspx,"CBS - Household and Commercial Waste Collected, by Type of Treatment and Local Authority"
2200,דימונה,Dimona,,37213.0,,2022,,,,,,False,https://www.cbs.gov.il/he/publications/Pages/2019/פסולת-שנאספה-ברשויות-המקומיות-2014-2017.aspx,"CBS - Household and Commercial Waste Collected, by Type of Treatment and Local Authority"
,דרום השרון,Derom HaSharon,,34313.0,,2022,28542.331,2.27207970256814,24.329544072626728,75.67045592737327,,True,https://www.cbs.gov.il/he/publications/Pages/2019/פסולת-שנאספה-ברשויות-המקומיות-2014-2017.aspx,"CBS - Household and Commercial Waste Collected, by Type of Treatment and Local Authority"
,הגלבוע,HaGilbo'a,,32947.0,,2022,18181.456,1.5409094154696017,39.0422857223316,60.957714277668394,,True,https://www.cbs.gov.il/he/publications/Pages/2019/פסולת-שנאספה-ברשויות-המקומיות-2014-2017.aspx,"CBS - Household and Commercial Waste Collected, by Type of Treatment and Local Authority"
,הגליל העליון,HaGalil HaElyon,,19674.0,,2022,20676.907,2.8783629019852954,35.47622959275292,64.52377040724707,,True,https://www.cbs.gov.il/he/publications/Pages/2019/פסולת-שנאספה-ברשויות-המקומיות-2014-2017.aspx,"CBS - Household and Commercial Waste Collected, by Type of Treatment and Local Authority"
,הגליל התחתון,HaGalil HaTahton,,12801.0,,2022,10958.789,2.329524727629654,16.422334621097274,83.57766537890272,,True,https://www.cbs.gov.il/he/publications/Pages/2019/פסולת-שנאספה-ברשויות-המקומיות-2014-2017.aspx,"CBS - Household and Commercial Waste Collected, by Type of Treatment and Local Authority"
9700,הוד השרון,Hod HaSharon,,65020.0,,2022,38765.899999999994,1.6217800866637568,17.032959379248258,82.96704062075175,,True,https://www.cbs.gov.il/he/publications/Pages/2019/פסולת-שנאספה-ברשויות-המקומיות-2014-2017.aspx,"CBS - Household and Commercial Waste Collected, by Type of Treatment and Local Authority"
,הערבה התיכונה,HaArava HaTikhona,,6089.0,,2022,3203.95,2.2711371812365986,7.1864417359821475,92.81355826401784,,True,https://www.cbs.gov.il/he/publications/Pages/2019/פסולת-שנאספה-ברשויות-המקומיות-2014-2017.aspx,"CBS - Household and Commercial Waste Collected, by Type of Treatment and Local Authority"
3769,הר אדר,Har Adar,,4405.0,,2022,1981.776,1.328648791795236,33.87648250861853,66.12351749138146,,True,https://www.cbs.gov.il/he/publications/Pages/2019/פסולת-שנאספה-ברשויות-המקומיות-2014-2017.aspx,"CBS - Household and Commercial Waste Collected, by Type of Treatment and Local Authority"
,הר חברון,Har Hevron,,10631.0,,2022,4315.195,1.1373210249922578,2.744140183699694,97.2558598163003,,True,https://www.cbs.gov.il/he/publications/Pages/2019/פסולת-שנאספה-ברשויות-המקומיות-2014-2017.aspx,"CBS - Household and Commercial Waste Collected, by Type of Treatment and Local Authority"
6400,הרצלייה,Herzliyya,,105273.0,,2022,83555.099,2.17955983273323,13.339989101084063,86.66001089891594,,True,https://www.cbs.gov.il/he/publications/Pages/2019/פסולת-שנאספה-ברשויות-המקומיות-2014-2017.aspx,"CBS - Household and Commercial Waste Collected, by Type of Treatment and Local Authority"
,זבולון,Zevulun,,13401.0,,2022,9457.058,1.865016947648406,29.448793694614118,70.55120630538589,,True,https://www.cbs.gov.il/he/publications/Pages/2019/פסולת-שנאספה-ברשויות-המקומיות-2014-2017.aspx,"CBS - Household and Commercial Waste Collected, by Type of Treatment and Local Authority"
9300,זכרון יעקב,Zikhron Ya'aqov,,23513.0,,2022,15929.751999999999,1.818389073971233,9.015658247535807,90.98434175246419,,True,https://www.cbs.gov.il/he/publications/Pages/2019/פסולת-שנאספה-ברשויות-המקומיות-2014-2017.aspx,"CBS - Household and Commercial Waste Collected, by Type of Treatment and Local Authority"
1290,זמר,Zemer,,7482.0,,2022,4034.6200000000003,1.492036636924821,4.182054319861598,95.81794568013841,,True,https://www.cbs.gov.il/he/publications/Pages/2019/פסולת-שנאספה-ברשויות-המקומיות-2014-2017.aspx,"CBS - Household and Commercial Waste Collected, by Type of Treatment and Local Authority"
975,זרזיר,Zarzir,,8836.0,,2022,4154.093870967742,1.3407644576240512,24.33969723298998,75.66030276701001,,True,https://www.cbs.gov.il/he/publications/Pages/2019/פסולת-שנאספה-ברשויות-המקומיות-2014-2017.aspx,"CBS - Household and Commercial Waste Collected, by Type of Treatment and Local Authority"
,חבל אילות,Hevel Elot,,4678.0,,2022,9958.625,5.682962738927108,23.93668804679361,76.06331195320641,,True,https://www.cbs.gov.il/he/publications/Pages/2019/פסולת-שנאספה-ברשויות-המקומיות-2014-2017.aspx,"CBS - Household and Commercial Waste Collected, by Type of Treatment and Local Authority"
,חבל יבנה,Hevel Yavne,,6388.0,,2022,8888.386999999999,3.508391471759033,23.94536826535569,76.05463173464432,,True,https://www.cbs.gov.il/he/publications/Pages/2019/פסולת-שנאספה-ברשויות-המקומיות-2014-2017.aspx,"CBS - Household and Commercial Waste Collected, by Type of Treatment and Local Authority"
,חבל מודיעין,Hevel Modi'in,,23646.0,,2022,28620.900999999998,3.2597558676890572,30.198738327629865,69.80126167237015,,True,https://www.cbs.gov.il/he/publications/Pages/2019/פסולת-שנאספה-ברשויות-המקומיות-2014-2017.aspx,"CBS - Household and Commercial Waste Collected, by Type of Treatment and Local Authority"
6500,חדרה,Hadera,,103847.0,,2022,71363.913,1.919925859843412,27.846813739039224,72.15318626096078,,True,https://www.cbs.gov.il/he/publications/Pages/2019/פסולת-שנאספה-ברשויות-המקומיות-2014-2017.aspx,"CBS - Household and Commercial Waste Collected, by Type of Treatment and Local Authority"
6600,חולון,Holon,,192655.0,,2022,128519.77,1.7809320137479274,40.20796022277351,59.79203977722649,,True,https://www.cbs.gov.il/he/publications/Pages/2019/פסולת-שנאספה-ברשויות-המקומיות-2014-2017.aspx,"CBS - Household and Commercial Waste Collected, by Type of Treatment and Local Authority"
,חוף אשקלון,Hof Ashqelon,,20100.0,,2022,14572.361999999997,2.0546693146032005,27.378514272428866,72.62148572757113,,True,https://www.cbs.gov.il/he/publications/Pages/2019/פסולת-שנאספה-ברשויות-המקומיות-2014-2017.aspx,"CBS - Household and Commercial Waste Collected, by Type of Treatment and Local Authority"
,חוף הכרמל,Hof HaKarmel,,34463.0,,2022,35097.55,2.6702675950868975,28.283062492966028,71.71693750703398,,True,https://www.cbs.gov.il/he/publications/Pages/2019/פסולת-שנאספה-ברשויות-המקומיות-2014-2017.aspx,"CBS - Household and Commercial Waste Collected, by Type of Treatment and Local Authority"
,חוף השרון,Hof HaSharon,,12534.0,,2022,20263.894,3.6716720881068206,11.551328683420865,88.44867131657914,,True,https://www.cbs.gov.il/he/publications/Pages/2019/פסולת-שנאספה-ברשויות-המקומיות-2014-2017.aspx,"CBS - Household and Commercial Waste Collected, by Type of Treatment and Local Authority"
1303,חורה,Hura,,20671.0,,2022,,,,,,False,https://www.cbs.gov.il/he/publications/Pages/2019/פסולת-שנאספה-ברשויות-המקומיות-2014-2017.aspx,"CBS - Household and Commercial Waste Collected, by Type of Treatment and Local Authority"
496,חורפיש,Hurfeish,,6544.0,,2022,5440.735,2.2550867303587343,2.0279429158008977,97.97205708419911,,True,https://www.cbs.gov.il/he/publications/Pages/2019/פסולת-שנאספה-ברשויות-המקומיות-2014-2017.aspx,"CBS - Household and Commercial Waste Collected, by Type of Treatment and Local Authority"
4000,חיפה,Haifa,,289507.0,,2022,177028.39700000003,1.6924695513098595,16.764771925263492,83.2352280747365,,True,https://www.cbs.gov.il/he/publications/Pages/2019/פסולת-שנאספה-ברשויות-המקומיות-2014-2017.aspx,"CBS - Household and Commercial Waste Collected, by Type of Treatment and Local Authority"
2034,חצור הגלילית,Hazor HaGelilit,,10638.0,,2022,7532.178,2.0832975730239807,4.27443430041085,95.72556569958915,,True,https://www.cbs.gov.il/he/publications/Pages/2019/פסולת-שנאספה-ברשויות-המקומיות-2014-2017.aspx,"CBS - Household and Commercial Waste Collected, by Type of Treatment and Local Authority"
1247,חריש,Harish,,31733.0,,2022,13558.124,1.230270102523083,8.717255499359647,91.28274450064036,,True,https://www.cbs.gov.il/he/publications/Pages/2019/פסולת-שנאספה-ברשויות-המקומיות-2014-2017.aspx,"CBS - Household and Commercial Waste Collected, by Type of Treatment and Local Authority"
6700,טבריה,Tiberias,,48509.0,,2022,39621.46200000001,2.281222038140833,8.095471085847361,91.90452891415264,,True,https://www.cbs.gov.il/he/publications/Pages/2019/פסולת-שנאספה-ברשויות-המקומיות-2014-2017.aspx,"CBS - Household and Commercial Waste Collected, by Type of Treatment and Local Authority"
962,טובא-זנגרייה,Tuba-Zangariyye,,6935.0,,2022,4250.94,1.6512705173548998,2.8755992792182434,97.12440072078175,,True,https://www.cbs.gov.il/he/publications/Pages/2019/פסולת-שנאספה-ברשויות-המקומיות-2014-2017.aspx,"CBS - Household and Commercial Waste Collected, by Type of Treatment and Local Authority"
498,טורעאן,Tur'an,,14397.0,,2022,7942.756,1.4771229529232794,1.803605700590576,98.19639429940942,,True,https://www.cbs.gov.il/he/publications/Pages/2019/פסולת-שנאספה-ברשויות-המקומיות-2014-2017.aspx,"CBS - Household and Commercial Waste Collected, by Type of Treatment and Local Authority"
2730,טייבה,Tayibe,,45071.0,,2022,,,,,,False,https://www.cbs.gov.il/he/publications/Pages/2019/פסולת-שנאספה-ברשויות-המקומיות-2014-2017.aspx,"CBS - Household and Commercial Waste Collected, by Type of Treatment and Local Authority"
2720,טירה,Tire,,26567.0,,2022,,,,,,False,https://www.cbs.gov.il/he/publications/Pages/2019/פסולת-שנאספה-ברשויות-המקומיות-2014-2017.aspx,"CBS - Household and Commercial Waste Collected, by Type of Treatment and Local Authority"
2100,טירת כרמל,Tirat Karmel,,29069.0,,2022,15910.582000000002,1.5691655939249576,15.851789708258313,84.14821029174168,,True,https://www.cbs.gov.il/he/publications/Pages/2019/פסולת-שנאספה-ברשויות-המקומיות-2014-2017.aspx,"CBS - Household and Commercial Waste Collected, by Type of Treatment and Local Authority"
8900,טמרה,Tamra,,35349.0,,2022,,,,,,False,https://www.cbs.gov.il/he/publications/Pages/2019/פסולת-שנאספה-ברשויות-המקומיות-2014-2017.aspx,"CBS - Household and Commercial Waste Collected, by Type of Treatment and Local Authority"
1295,יאנוח-ג'ת,Yanuh-Jat,,6759.0,,2022,,,,,,False,https://www.cbs.gov.il/he/publications/Pages/2019/פסולת-שנאספה-ברשויות-המקומיות-2014-2017.aspx,"CBS - Household and Commercial Waste Collected, by Type of Treatment and Local Authority"
46,יבנאל,Yavne'el,,4557.0,,2022,2732.5789999999997,1.665521203163332,1.8809703214435889,98.11902967855642,,True,https://www.cbs.gov.il/he/publications/Pages/2019/פסולת-שנאספה-ברשויות-המקומיות-2014-2017.aspx,"CBS - Household and Commercial Waste Collected, by Type of Treatment and Local Authority"
2660,יבנה,Yavne,,54981.0,,2022,28965.869999999995,1.445155525420989,14.845500583963132,85.15449941603687,,True,https://www.cbs.gov.il/he/publications/Pages/2019/פסולת-שנאספה-ברשויות-המקומיות-2014-2017.aspx,"CBS - Household and Commercial Waste Collected, by Type of Treatment and Local Authority"
9400,יהוד-מונוסון,Yehud,,30977.0,,2022,19056.811333333335,1.6835561076077785,36.35241600579767,63.64758399420233,,True,https://www.cbs.gov.il/he/publications/Pages/2019/פסולת-שנאספה-ברשויות-המקומיות-2014-2017.aspx,"CBS - Household and Commercial Waste Collected, by Type of Treatment and Local Authority"
,יואב,Yo'av,,9133.0,,2022,6071.419,1.8027554630469542,32.58412901497986,67.41587098502015,,True,https://www.cbs.gov.il/he/publications/Pages/2019/פסולת-שנאספה-ברשויות-המקומיות-2014-2017.aspx,"CBS - Household and Commercial Waste Collected, by Type of Treatment and Local Authority"
29,יסוד המעלה,Yesud HaMa'ala,,1969.0,,2022,1913.45,2.9107877663094324,42.295330424103064,57.704669575896936,,True,https://www.cbs.gov.il/he/publications/Pages/2019/פסולת-שנאספה-ברשויות-המקומיות-2014-2017.aspx,"CBS - Household and Commercial Waste Collected, by Type of Treatment and Local Authority"
499,יפיע,Yafi,,18113.0,,2022,7745.456,1.0815160999572027,25.685459965171837,74.31454003482816,,True,https://www.cbs.gov.il/he/publications/Pages/2019/פסולת-שנאספה-ברשויות-המקומיות-2014-2017.aspx,"CBS - Household and Commercial Waste Collected, by Type of Treatment and Local Authority"
240,יקנעם עילית,Yoqne'am Illit,,23729.0,,2022,15722.168,1.7662504511209567,32.627993798310776,67.37200620168923,,True,https://www.cbs.gov.il/he/publications/Pages/2019/פסולת-שנאספה-ברשויות-המקומיות-2014-2017.aspx,"CBS - Household and Commercial Waste Collected, by Type of Treatment and Local Authority"
831,ירוחם,Yeroham,,11403.0,,2022,5601.03,1.382396078666085,5.322056835974812,94.67794316402518,,True,https://www.cbs.gov.il/he/publications/Pages/2019/פסולת-שנאספה-ברשויות-המקומיות-2014-2017.aspx,"CBS - Household and Commercial Waste Collected, by Type of Treatment and Local Authority"
3000,ירושלים,Jerusalem,,1005919.0,,2022,585634.2521,1.6473742035880292,41.05887441483547,58.94112558516452,,True,https://www.cbs.gov.il/he/publications/Pages/2019/פסולת-שנאספה-ברשויות-המקומיות-2014-2017.aspx,"CBS - Household and Commercial Waste Collected, by Type of Treatment and Local Authority"
502,ירכא,Yirka,,16194.0,,2022,23523.073000000004,3.647758615676568,1.3674786453283545,98.63252135467165,,True,https://www.cbs.gov.il/he/publications/Pages/2019/פסולת-שנאספה-ברשויות-המקומיות-2014-2017.aspx,"CBS - Household and Commercial Waste Collected, by Type of Treatment and Local Authority"
504,כאבול,Kabul,,11993.0,,2022,7214.807,1.3584821497919621,12.710208325738998,87.28979167426101,,True,https://www.cbs.gov.il/he/publications/Pages/2019/פסולת-שנאספה-ברשויות-המקומיות-2014-2017.aspx,"CBS - Household and Commercial Waste Collected, by Type of Treatment and Local Authority"
505,כאוכב אבו אל-היג'א,Kaokab Abu Al-Hija,,3984.0,,2022,,,,,,False,https://www.cbs.gov.il/he/publications/Pages/2019/פסולת-שנאספה-ברשויות-המקומיות-2014-2017.aspx,"CBS - Household and Commercial Waste Collected, by Type of Treatment and Local Authority"
1224,כוכב יאיר,Kokhav Ya'ir,,9176.0,,2022,,,,,,False,https://www.cbs.gov.il/he/publications/Pages/2019/פסולת-שנאספה-ברשויות-המקומיות-2014-2017.aspx,"CBS - Household and Commercial Waste Collected, by Type of Treatment and Local Authority"
1059,כסיפה,Kuseife,,18867.0,,2022,4485.954,0.5206755038872608,1.929890498208408,98.0701095017916,,True,https://www.cbs.gov.il/he/publications/Pages/2019/פסולת-שנאספה-ברשויות-המקומיות-2014-2017.aspx,"CBS - Household and Commercial Waste Collected, by Type of Treatment and Local Authority"
1296,כסרא-סמיע,Kisra-Sumei,,8930.0,,2022,6608.221,1.975311228901113,0.9567022652541434,99.04329773474586,,True,https://www.cbs.gov.il/he/publications/Pages/2019/פסולת-שנאספה-ברשויות-המקומיות-2014-2017.aspx,"CBS - Household and Commercial Waste Collected, by Type of Treatment and Local Authority"
978,כעביה-טבאש-חג'אג'רה,Ka'abiyye-Tabbash-Hajajre,,6170.0,,2022,2172.0,1.0250964567625924,25.1841620626151,74.8158379373849,,True,https://www.cbs.gov.il/he/publications/Pages/2019/פסולת-שנאספה-ברשויות-המקומיות-2014-2017.aspx,"CBS - Household and Commercial Waste Collected, by Type of Treatment and Local Authority"
633,כפר ברא,Kafar Bara,,3710.0,,2022,,,,,,False,https://www.cbs.gov.il/he/publications/Pages/2019/פסולת-שנאספה-ברשויות-המקומיות-2014-2017.aspx,"CBS - Household and Commercial Waste Collected, by Type of Treatment and Local Authority"
1263,כפר ורדים,Kefar Weradim,,5656.0,,2022,3706.1,1.8306497124559609,46.02520169450366,53.97479830549634,,True,https://www.cbs.gov.il/he/publications/Pages/2019/פסולת-שנאספה-ברשויות-המקומיות-2014-2017.aspx,"CBS - Household and Commercial Waste Collected, by Type of Treatment and Local Authority"
507,כפר יאסיף,Kafar Yasif,,10574.0,,2022,8105.885,2.143930502446208,13.335558054425888,86.66444194557411,,True,https://www.cbs.gov.il/he/publications/Pages/2019/פסולת-שנאספה-ברשויות-המקומיות-2014-2017.aspx,"CBS - Household and Commercial Waste Collected, by Type of Treatment and Local Authority"
168,כפר יונה,Kefar Yona,,28135.0,,2022,14227.963,1.3594448123019183,13.100402004137907,86.89959799586208,,True,https://www.cbs.gov.il/he/publications/Pages/2019/פסולת-שנאספה-ברשויות-המקומיות-2014-2017.aspx,"CBS - Household and Commercial Waste Collected, by Type of Treatment and Local Authority"
508,כפר כמא,Kafar Kama,,3412.0,,2022,2250.6000000000004,1.7670231830520922,4.752066115702479,95.24793388429754,,True,https://www.cbs.gov.il/he/publications/Pages/2019/פסולת-שנאספה-ברשויות-המקומיות-2014-2017.aspx,"CBS - Household and Commercial Waste Collected, by Type of Treatment and Local Authority"
509,כפר כנא,Kafar Kanna,,24262.0,,2022,11825.4,1.3552111837526848,9.437312902734792,90.56268709726521,,True,https://www.cbs.gov.il/he/publications/Pages/2019/פסולת-שנאספה-ברשויות-המקומיות-2014-2017.aspx,"CBS - Household and Commercial Waste Collected, by Type of Treatment and Local Authority"
510,כפר מנדא,Kafar Manda,,21041.0,,2022,11947.05,1.5386472916662643,20.78379181471577,79.21620818528424,,True,https://www.cbs.gov.il/he/publications/Pages/2019/פסולת-שנאספה-ברשויות-המקומיות-2014-2017.aspx,"CBS - Household and Commercial Waste Collected, by Type of Treatment and Local Authority"
6900,כפר סבא,Kefar Sava,,100262.0,,2022,66839.058,1.8009776584953072,13.597660218371118,86.4023397816289,,True,https://www.cbs.gov.il/he/publications/Pages/2019/פסולת-שנאספה-ברשויות-המקומיות-2014-2017.aspx,"CBS - Household and Commercial Waste Collected, by Type of Treatment and Local Authority"
634,כפר קאסם,Kafar Qasem,,26389.0,,2022,,,,,,False,https://www.cbs.gov.il/he/publications/Pages/2019/פסולת-שנאספה-ברשויות-המקומיות-2014-2017.aspx,"CBS - Household and Commercial Waste Collected, by Type of Treatment and Local Authority"
654,כפר קרע,Kafar Qara,,19890.0,,2022,13513.302,1.8647029744128258,26.714802940095623,73.28519705990438,,True,https://www.cbs.gov.il/he/publications/Pages/2019/פסולת-שנאספה-ברשויות-המקומיות-2014-2017.aspx,"CBS - Household and Commercial Waste Collected, by Type of Treatment and Local Authority"
267,כפר שמריהו,Kefar Shemaryahu,,2077.0,,2022,3559.374,5.002159317281917,25.20443808377541,74.79556191622459,,True,https://www.cbs.gov.il/he/publications/Pages/2019/פסולת-שנאספה-ברשויות-המקומיות-2014-2017.aspx,"CBS - Household and Commercial Waste Collected, by Type of Treatment and Local Authority"
47,כפר תבור,Kefar Tavor,,4363.0,,2022,4792.110000000001,2.972058515710399,33.43266327358929,66.5673367264107,,True,https://www.cbs.gov.il/he/publications/Pages/2019/פסולת-שנאספה-ברשויות-המקומיות-2014-2017.aspx,"CBS - Household and Commercial Waste Collected, by Type of Treatment and Local Authority"
1139,כרמיאל,Karmi'el,,47450.0,,2022,28702.507999999998,1.6797754564698182,22.643031751789774,77.35696824821024,,True,https://www.cbs.gov.il/he/publications/Pages/2019/פסולת-שנאספה-ברשויות-המקומיות-2014-2017.aspx,"CBS - Household and Commercial Waste Collected, by Type of Treatment and Local Authority"
,לב השרון,Lev HaSharon,,23813.0,,2022,17795.863,2.0587699113713325,56.54147820760363,43.45852179239636,,True,https://www.cbs.gov.il/he/publications/Pages/2019/פסולת-שנאספה-ברשויות-המקומיות-2014-2017.aspx,"CBS - Household and Commercial Waste Collected, by Type of Treatment and Local Authority"
1271,להבים,Lehavim,,7686.0,,2022,4359.17,1.6825769944842652,31.409734467800064,68.59026553219994,,True,https://www.cbs.gov.il/he/publications/Pages/2019/פסולת-שנאספה-ברשויות-המקומיות-2014-2017.aspx,"CBS - Household and Commercial Waste Collected, by Type of Treatment and Local Authority"
7000,לוד,Lod,,87430.0,,2022,59592.69499999999,1.9438940056464646,25.141311363750212,74.8586886362498,,True,https://www.cbs.gov.il/he/publications/Pages/2019/פסולת-שנאספה-ברשויות-המקומיות-2014-2017.aspx,"CBS - Household and Commercial Waste Collected, by Type of Treatment and Local Authority"
24,לכיש,Lakhish,,1170.0,,2022,7226.112,1.4215241705527155,23.75319812369363,76.24680187630636,,True,https://www.cbs.gov.il/he/publications/Pages/2019/פסולת-שנאספה-ברשויות-המקומיות-2014-2017.aspx,"CBS - Household and Commercial Waste Collected, by Type of Treatment and Local Authority"
1060,לקיה,Laqye,,17074.0,,2022,5115.400000000001,0.8953423957418992,17.111736325605033,82.88826367439496,,True,https://www.cbs.gov.il/he/publications/Pages/2019/פסולת-שנאספה-ברשויות-המקומיות-2014-2017.aspx,"CBS - Household and Commercial Waste Collected, by Type of Treatment and Local Authority"
,מבואות החרמון,Mevo'ot HaHermon,,8021.0,,2022,6080.972,2.178942879973054,8.259238819057217,91.74076118094277,,True,https://www.cbs.gov.il/he/publications/Pages/2019/פסולת-שנאספה-ברשויות-המקומיות-2014-2017.aspx,"CBS - Household and Commercial Waste Collected, by Type of Treatment and Local Authority"
1015,מבשרת ציון,Mevasseret Ziyyon,,25476.0,,2022,14460.682,1.5712197838316506,8.632041006088095,91.3679589939119,,True,https://www.cbs.gov.il/he/publications/Pages/2019/פסולת-שנאספה-ברשויות-המקומיות-2014-2017.aspx,"CBS - Household and Commercial Waste Collected, by Type of Treatment and Local Authority"
516,מג'ד אל-כרום,Majd Al-Kurum,,14852.0,,2022,11089.824,1.9347966664791156,14.2971250039676,85.70287499603239,,True,https://www.cbs.gov.il/he/publications/Pages/2019/פסולת-שנאספה-ברשויות-המקומיות-2014-2017.aspx,"CBS - Household and Commercial Waste Collected, by Type of Treatment and Local Authority"
4201,מג'דל שמס,Majdal Shams,,11103.0,,2022,8497.252,2.0364906150333226,2.329600204866232,97.67039979513378,,True,https://www.cbs.gov.il/he/publications/Pages/2019/פסולת-שנאספה-ברשויות-המקומיות-2014-2017.aspx,"CBS - Household and Commercial Waste Collected, by Type of Treatment and Local Authority"
481,מגאר,Mughar,,22564.0,,2022,16346.679258064516,1.8808711362325938,2.688205054538679,97.31179494546132,,True,https://www.cbs.gov.il/he/publications/Pages/2019/פסולת-שנאספה-ברשויות-המקומיות-2014-2017.aspx,"CBS - Household and Commercial Waste Collected, by Type of Treatment and Local Authority"
65,מגדל,Migdal,,2045.0,,2022,2703.332,3.6856875048996716,6.371026570173402,93.6289734298266,,True,https://www.cbs.gov.il/he/publications/Pages/2019/פסולת-שנאספה-ברשויות-המקומיות-2014-2017.aspx,"CBS - Household and Commercial Waste Collected, by Type of Treatment and Local Authority"
874,מגדל העמק,Migdal HaEmeq,,27045.0,,2022,23963.805,2.4720620620130127,9.793810248414223,90.20618975158577,,True,https://www.cbs.gov.il/he/publications/Pages/2019/פסולת-שנאספה-ברשויות-המקומיות-2014-2017.aspx,"CBS - Household and Commercial Waste Collected, by Type of Treatment and Local Authority"
586,מגידו,Megiddo,,953.0,,2022,7437.407,1.6604023414477327,56.624667710130694,43.375332289869306,,True,https://www.cbs.gov.il/he/publications/Pages/2019/פסולת-שנאספה-ברשויות-המקומיות-2014-2017.aspx,"CBS - Household and Commercial Waste Collected, by Type of Treatment and Local Authority"
,מגילות ים המלח,Megilot,,2243.0,,2022,2159.049,2.8438474710221286,4.77288843375023,95.22711156624976,,True,https://www.cbs.gov.il/he/publications/Pages/2019/פסולת-שנאספה-ברשויות-המקומיות-2014-2017.aspx,"CBS - Household and Commercial Waste Collected, by Type of Treatment and Local Authority"
3797,מודיעין עילית,Modi'in Illit,,83133.0,,2022,28311.469999999998,0.9438968948704817,35.36909245616706,64.63090754383293,,True,https://www.cbs.gov.il/he/publications/Pages/2019/פסולת-שנאספה-ברשויות-המקומיות-2014-2017.aspx,"CBS - Household and Commercial Waste Collected, by Type of Treatment and Local Authority"
1200,מודיעין-מכבים-רעות,Modi'in-Makkabbim-Re'ut,,92307.0,,2022,51859.215,1.4478166700215056,22.015402662766878,77.98459733723313,,True,https://www.cbs.gov.il/he/publications/Pages/2019/פסולת-שנאספה-ברשויות-המקומיות-2014-2017.aspx,"CBS - Household and Commercial Waste Collected, by Type of Treatment and Local Authority"
28,מזכרת בתיה,Mazkeret Batya,,15858.0,,2022,8837.328,1.5545333890366981,19.09266692375795,80.90733307624205,,True,https://www.cbs.gov.il/he/publications/Pages/2019/פסולת-שנאספה-ברשויות-המקומיות-2014-2017.aspx,"CBS - Household and Commercial Waste Collected, by Type of Treatment and Local Authority"
517,מזרעה,Mazra'a,,3772.0,,2022,2251.367,1.505707010160695,0.4320486175732344,99.56795138242677,,True,https://www.cbs.gov.il/he/publications/Pages/2019/פסולת-שנאספה-ברשויות-המקומיות-2014-2017.aspx,"CBS - Household and Commercial Waste Collected, by Type of Treatment and Local Authority"
,מטה אשר,Matte Asher,,30980.0,,2022,22151.266,1.9441440287032292,26.073525549284632,73.92647445071536,,True,https://www.cbs.gov.il/he/publications/Pages/2019/פסולת-שנאספה-ברשויות-המקומיות-2014-2017.aspx,"CBS - Household and Commercial Waste Collected, by Type of Treatment and Local Authority"
,מטה בנימין,Mate Binyamin,,76014.0,,2022,42527.450000000004,1.5645284354366156,6.5213644363816785,93.47863556361831,,True,https://www.cbs.gov.il/he/publications/Pages/2019/פסולת-שנאספה-ברשויות-המקומיות-2014-2017.aspx,"CBS - Household and Commercial Waste Collected, by Type of Treatment and Local Authority"
,מטה יהודה,Matte Yehuda,,59780.0,,2022,45926.5288,2.0080289540047693,27.549466355489074,72.45053364451093,,True,https://www.cbs.gov.il/he/publications/Pages/2019/פסולת-שנאספה-ברשויות-המקומיות-2014-2017.aspx,"CBS - Household and Commercial Waste Collected, by Type of Treatment and Local Authority"
43,מטולה,Metula,,1873.0,,2022,1368.0500000000002,2.183560845779681,17.33269982822265,82.66730017177736,,True,https://www.cbs.gov.il/he/publications/Pages/2019/פסולת-שנאספה-ברשויות-המקומיות-2014-2017.aspx,"CBS - Household and Commercial Waste Collected, by Type of Treatment and Local Authority"
1268,מיתר,Metar,,11207.0,,2022,,,,,,False,https://www.cbs.gov.il/he/publications/Pages/2019/פסולת-שנאספה-ברשויות-המקומיות-2014-2017.aspx,"CBS - Household and Commercial Waste Collected, by Type of Treatment and Local Authority"
,מנשה,Menashe,,21263.0,,2022,16153.248,2.0131222950213905,43.37213172236321,56.62786827763679,,True,https://www.cbs.gov.il/he/publications/Pages/2019/פסולת-שנאספה-ברשויות-המקומיות-2014-2017.aspx,"CBS - Household and Commercial Waste Collected, by Type of Treatment and Local Authority"
4203,מסעדה,Mas'ade,,4091.0,,2022,2845.52,2.0299297501573887,0.21472349517838565,99.78527650482161,,True,https://www.cbs.gov.il/he/publications/Pages/2019/פסולת-שנאספה-ברשויות-המקומיות-2014-2017.aspx,"CBS - Household and Commercial Waste Collected, by Type of Treatment and Local Authority"
518,מעיליא,Mi'elya,,3269.0,,2022,2254.066,1.8862319143772854,2.212268851045178,97.78773114895483,,True,https://www.cbs.gov.il/he/publications/Pages/2019/פסולת-שנאספה-ברשויות-המקומיות-2014-2017.aspx,"CBS - Household and Commercial Waste Collected, by Type of Treatment and Local Authority"
3616,מעלה אדומים,Ma'ale Adummim,,36664.0,,2022,28344.219,2.0543483424967377,23.700956445474823,76.29904355452518,,True,https://www.cbs.gov.il/he/publications/Pages/2019/פסולת-שנאספה-ברשויות-המקומיות-2014-2017.aspx,"CBS - Household and Commercial Waste Collected, by Type of Treatment and Local Authority"
3608,מעלה אפרים,Ma'ale Efrayim,,1635.0,,2022,,,,,,False,https://www.cbs.gov.il/he/publications/Pages/2019/פסולת-שנאספה-ברשויות-המקומיות-2014-2017.aspx,"CBS - Household and Commercial Waste Collected, by Type of Treatment and Local Authority"
,מעלה יוסף,Ma'ale Yosef,,11929.0,,2022,9726.157,2.3119039978702114,2.322983270782078,97.67701672921793,,True,https://www.cbs.gov.il/he/publications/Pages/2019/פסולת-שנאספה-ברשויות-המקומיות-2014-2017.aspx,"CBS - Household and Commercial Waste Collected, by Type of Treatment and Local Authority"
1327,מעלה עירון,Ma'ale Iron,,14865.0,,2022,,,,,,False,https://www.cbs.gov.il/he/publications/Pages/2019/פסולת-שנאספה-ברשויות-המקומיות-2014-2017.aspx,"CBS - Household and Commercial Waste Collected, by Type of Treatment and Local Authority"
1063,מעלות-תרשיחא,Ma'alot-Tarshiha,,22720.0,,2022,14062.256,1.718562261001128,2.627003803657109,97.3729961963429,,True,https://www.cbs.gov.il/he/publications/Pages/2019/פסולת-שנאספה-ברשויות-המקומיות-2014-2017.aspx,"CBS - Household and Commercial Waste Collected, by Type of Treatment and Local Authority"
99,מצפה רמון,Mizpe Ramon,,5385.0,,2022,4345.34,2.2804407807471336,12.596022405611528,87.40397759438846,,True,https://www.cbs.gov.il/he/publications/Pages/2019/פסולת-שנאספה-ברשויות-המקומיות-2014-2017.aspx,"CBS - Household and Commercial Waste Collected, by Type of Treatment and Local Authority"
,מרום הגליל,Merom HaGalil,,15541.0,,2022,15298.757,2.6117333545020425,13.844111649070573,86.15588835092942,,True,https://www.cbs.gov.il/he/publications/Pages/2019/פסולת-שנאספה-ברשויות-המקומיות-2014-2017.aspx,"CBS - Household and Commercial Waste Collected, by Type of Treatment and Local Authority"
,מרחבים,Merhavim,,14544.0,,2022,10329.077000000001,1.9188256777793882,30.229213036169643,69.77078696383036,,True,https://www.cbs.gov.il/he/publications/Pages/2019/פסולת-שנאספה-ברשויות-המקומיות-2014-2017.aspx,"CBS - Household and Commercial Waste Collected, by Type of Treatment and Local Authority"
,משגב,Misgav,,29181.0,,2022,16300.127,1.4674886940105096,44.294912548840884,55.705087451159116,,True,https://www.cbs.gov.il/he/publications/Pages/2019/פסולת-שנאספה-ברשויות-המקומיות-2014-2017.aspx,"CBS - Household and Commercial Waste Collected, by Type of Treatment and Local Authority"
520,משהד,Meshhed,,8499.0,,2022,4272.657,1.3434993215931477,25.4562208012485,74.54377919875151,,True,https://www.cbs.gov.il/he/publications/Pages/2019/פסולת-שנאספה-ברשויות-המקומיות-2014-2017.aspx,"CBS - Household and Commercial Waste Collected, by Type of Treatment and Local Authority"
9100,נהרייה,Nahariyya,,63318.0,,2022,40077.479,1.7602993487734502,11.539221316789911,88.46077868321008,,True,https://www.cbs.gov.il/he/publications/Pages/2019/פסולת-שנאספה-ברשויות-המקומיות-2014-2017.aspx,"CBS - Household and Commercial Waste Collected, by Type of Treatment and Local Authority"
,נווה מדבר,Neve Midbar,,13096.0,,2022,,,,,,False,https://www.cbs.gov.il/he/publications/Pages/2019/פסולת-שנאספה-ברשויות-המקומיות-2014-2017.aspx,"CBS - Household and Commercial Waste Collected, by Type of Treatment and Local Authority"
1061,נוף הגליל,Nazerat Illit,,43479.0,,2022,24325.46,1.5348762886288956,27.76703914335022,72.23296085664978,,True,https://www.cbs.gov.il/he/publications/Pages/2019/פסולת-שנאספה-ברשויות-המקומיות-2014-2017.aspx,"CBS - Household and Commercial Waste Collected, by Type of Treatment and Local Authority"
,נחל שורק,Nahal Soreq,,10204.0,,2022,6056.6140000000005,1.6252963429843414,36.837301568169934,63.162698431830066,,True,https://www.cbs.gov.il/he/publications/Pages/2019/פסולת-שנאספה-ברשויות-המקומיות-2014-2017.aspx,"CBS - Household and Commercial Waste Collected, by Type of Treatment and Local Authority"
522,נחף,Nahef,,13446.0,,2022,10668.524,2.1432691385306932,0.7709970001473494,99.22900299985264,,True,https://www.cbs.gov.il/he/publications/Pages/2019/פסולת-שנאספה-ברשויות-המקומיות-2014-2017.aspx,"CBS - Household and Commercial Waste Collected, by Type of Treatment and Local Authority"
7200,נס ציונה,Nes Ziyyona,,47620.0,,2022,25600.582000000002,1.391679927416844,17.117415533756226,82.88258446624378,,True,https://www.cbs.gov.il/he/publications/Pages/2019/פסולת-שנאספה-ברשויות-המקומיות-2014-2017.aspx,"CBS - Household and Commercial Waste Collected, by Type of Treatment and Local Authority"
7300,נצרת,Nazareth,,77295.0,,2022,52446.66,1.8429761620713492,26.184412887303026,73.81558711269697,,True,https://www.cbs.gov.il/he/publications/Pages/2019/פסולת-שנאספה-ברשויות-המקומיות-2014-2017.aspx,"CBS - Household and Commercial Waste Collected, by Type of Treatment and Local Authority"
2500,נשר,Nesher,,22911.0,,2022,13005.130000000001,1.499568323506868,13.031595993273424,86.96840400672657,,True,https://www.cbs.gov.il/he/publications/Pages/2019/פסולת-שנאספה-ברשויות-המקומיות-2014-2017.aspx,"CBS - Household and Commercial Waste Collected, by Type of Treatment and Local Authority"
246,נתיבות,Netivot,,45024.0,,2022,28451.492,1.7632993598381443,20.674184739063957,79.32581526093605,,True,https://www.cbs.gov.il/he/publications/Pages/2019/פסולת-שנאספה-ברשויות-המקומיות-2014-2017.aspx,"CBS - Household and Commercial Waste Collected, by Type of Treatment and Local Authority"
7400,נתניה,Netanya,,223920.0,,2022,144224.656,1.728617555113487,14.407106730765925,85.59289326923407,,True,https://www.cbs.gov.il/he/publications/Pages/2019/פסולת-שנאספה-ברשויות-המקומיות-2014-2017.aspx,"CBS - Household and Commercial Waste Collected, by Type of Treatment and Local Authority"
525,סאג'ור,Sajur,,4155.0,,2022,2380.0,1.4643045015058342,0.0,100.0,,True,https://www.cbs.gov.il/he/publications/Pages/2019/פסולת-שנאספה-ברשויות-המקומיות-2014-2017.aspx,"CBS - Household and Commercial Waste Collected, by Type of Treatment and Local Authority"
587,סביון,Savyon,,4494.0,,2022,6948.389999999999,4.697516331031918,30.968181118215877,69.03181888178412,,True,https://www.cbs.gov.il/he/publications/Pages/2019/פסולת-שנאספה-ברשויות-המקומיות-2014-2017.aspx,"CBS - Household and Commercial Waste Collected, by Type of Treatment and Local Authority"
7500,סח'נין,Sakhnin,,32355.0,,2022,,,,,,False,https://www.cbs.gov.il/he/publications/Pages/2019/פסולת-שנאספה-ברשויות-המקומיות-2014-2017.aspx,"CBS - Household and Commercial Waste Collected, by Type of Treatment and Local Authority"
4501,ע'ג'ר,Ghajar,,2629.0,,2022,1559.59,1.539488133694287,2.0947813207317307,97.90521867926827,,True,https://www.cbs.gov.il/he/publications/Pages/2019/פסולת-שנאספה-ברשויות-המקומיות-2014-2017.aspx,"CBS - Household and Commercial Waste Collected, by Type of Treatment and Local Authority"
666,עומר,Omer,,8250.0,,2022,5539.715,1.9754394598285843,30.414507930462126,69.58549206953786,,True,https://www.cbs.gov.il/he/publications/Pages/2019/פסולת-שנאספה-ברשויות-המקומיות-2014-2017.aspx,"CBS - Household and Commercial Waste Collected, by Type of Treatment and Local Authority"
530,עיילבון,Eilabun,,5777.0,,2022,2376.97,1.1217374171634598,0.7139341262195148,99.28606587378049,,True,https://www.cbs.gov.il/he/publications/Pages/2019/פסולת-שנאספה-ברשויות-המקומיות-2014-2017.aspx,"CBS - Household and Commercial Waste Collected, by Type of Treatment and Local Authority"
511,עילוט,Ilut,,8561.0,,2022,4896.482,1.5316571534032302,21.998365357005294,78.00163464299472,,True,https://www.cbs.gov.il/he/publications/Pages/2019/פסולת-שנאספה-ברשויות-המקומיות-2014-2017.aspx,"CBS - Household and Commercial Waste Collected, by Type of Treatment and Local Authority"
532,עין מאהל,Ein Mahel,,13485.0,,2022,,,,,,False,https://www.cbs.gov.il/he/publications/Pages/2019/פסולת-שנאספה-ברשויות-המקומיות-2014-2017.aspx,"CBS - Household and Commercial Waste Collected, by Type of Treatment and Local Authority"
4502,עין קנייא,Ein Qiniyye,,2361.0,,2022,1138.85,1.4305992601106692,5.435307547086974,94.56469245291301,,True,https://www.cbs.gov.il/he/publications/Pages/2019/פסולת-שנאספה-ברשויות-המקומיות-2014-2017.aspx,"CBS - Household and Commercial Waste Collected, by Type of Treatment and Local Authority"
7600,עכו,Akko,,50555.0,,2022,32335.088,1.7536528731274783,12.813077508865911,87.18692249113408,,True,https://www.cbs.gov.il/he/publications/Pages/2019/פסולת-שנאספה-ברשויות-המקומיות-2014-2017.aspx,"CBS - Household and Commercial Waste Collected, by Type of Treatment and Local Authority"
3660,עמנואל,Immanu'el,,4860.0,,2022,2311.28,1.4028077032792954,26.813062891557916,73.18693710844208,,True,https://www.cbs.gov.il/he/publications/Pages/2019/פסולת-שנאספה-ברשויות-המקומיות-2014-2017.aspx,"CBS - Household and Commercial Waste Collected, by Type of Treatment and Local Authority"
,עמק הירדן,Emeq HaYarden,,15138.0,,2022,14225.690999999999,2.6903082688210778,12.423476441320146,87.57652355867985,,True,https://www.cbs.gov.il/he/publications/Pages/2019/פסולת-שנאספה-ברשויות-המקומיות-2014-2017.aspx,"CBS - Household and Commercial Waste Collected, by Type of Treatment and Local Authority"
,עמק המעיינות,Emeq HaMa'ayanot,,15012.0,,2022,11541.092,2.169429168918443,17.01227232223779,82.98772767776221,,True,https://www.cbs.gov.il/he/publications/Pages/2019/פסולת-שנאספה-ברשויות-המקומיות-2014-2017.aspx,"CBS - Household and Commercial Waste Collected, by Type of Treatment and Local Authority"
,עמק חפר,Emeq Hefer,,41826.0,,2022,21507.805,1.3687369201803659,33.72018317071407,66.27981682928593,,True,https://www.cbs.gov.il/he/publications/Pages/2019/פסולת-שנאספה-ברשויות-המקומיות-2014-2017.aspx,"CBS - Household and Commercial Waste Collected, by Type of Treatment and Local Authority"
,עמק יזרעאל,Emeq Yizre'el,,40514.0,,2022,25247.421000000002,1.7111796857817623,54.20173807059343,45.79826192940657,,True,https://www.cbs.gov.il/he/publications/Pages/2019/פסולת-שנאספה-ברשויות-המקומיות-2014-2017.aspx,"CBS - Household and Commercial Waste Collected, by Type of Treatment and Local Authority"
534,עספיא,Isifya,,13060.0,,2022,,,,,,False,https://www.cbs.gov.il/he/publications/Pages/2019/פסולת-שנאספה-ברשויות-המקומיות-2014-2017.aspx,"CBS - Household and Commercial Waste Collected, by Type of Treatment and Local Authority"
7700,עפולה,Afula,,60828.0,,2022,43624.958,1.9821953476410488,36.52715952184985,63.47284047815015,,True,https://www.cbs.gov.il/he/publications/Pages/2019/פסולת-שנאספה-ברשויות-המקומיות-2014-2017.aspx,"CBS - Household and Commercial Waste Collected, by Type of Treatment and Local Authority"
531,עראבה,Arrabe,,26119.0,,2022,13148.023818181819,1.3402032540930067,13.746111392806476,86.25388860719352,,True,https://www.cbs.gov.il/he/publications/Pages/2019/פסולת-שנאספה-ברשויות-המקומיות-2014-2017.aspx,"CBS - Household and Commercial Waste Collected, by Type of Treatment and Local Authority"
,ערבות הירדן,Arvot Hayarden,,6294.0,,2022,3488.8499999999995,1.533530105997903,17.2793327314158,82.72066726858421,,True,https://www.cbs.gov.il/he/publications/Pages/2019/פסולת-שנאספה-ברשויות-המקומיות-2014-2017.aspx,"CBS - Household and Commercial Waste Collected, by Type of Treatment and Local Authority"
2560,ערד,Arad,,27586.0,,2022,13223.991999999998,1.299688444127319,6.327680778996236,93.67231922100378,,True,https://www.cbs.gov.il/he/publications/Pages/2019/פסולת-שנאספה-ברשויות-המקומיות-2014-2017.aspx,"CBS - Household and Commercial Waste Collected, by Type of Treatment and Local Authority"
637,ערערה,Ar'ara,,19919.0,,2022,,,,,,False,https://www.cbs.gov.il/he/publications/Pages/2019/פסולת-שנאספה-ברשויות-המקומיות-2014-2017.aspx,"CBS - Household and Commercial Waste Collected, by Type of Treatment and Local Authority"
1192,ערערה-בנגב,Ar'ara-BaNegev,,19543.0,,2022,5400.38,0.7386147639385775,0.8732348464367321,99.12676515356326,,True,https://www.cbs.gov.il/he/publications/Pages/2019/פסולת-שנאספה-ברשויות-המקומיות-2014-2017.aspx,"CBS - Household and Commercial Waste Collected, by Type of Treatment and Local Authority"
537,פוריידיס,Fureidis,,13108.0,,2022,7666.37,1.5391875586001418,25.53791859771965,74.46208140228035,,True,https://www.cbs.gov.il/he/publications/Pages/2019/פסולת-שנאספה-ברשויות-המקומיות-2014-2017.aspx,"CBS - Household and Commercial Waste Collected, by Type of Treatment and Local Authority"
535,פסוטה,Fassuta,,3358.0,,2022,1559.965,1.3168623362590564,2.0016474728599682,97.99835252714004,,True,https://www.cbs.gov.il/he/publications/Pages/2019/פסולת-שנאספה-ברשויות-המקומיות-2014-2017.aspx,"CBS - Household and Commercial Waste Collected, by Type of Treatment and Local Authority"
536,פקיעין (בוקייעה),Peqi'in (Buqei'a),,5919.0,,2022,4240.528,1.9155622310810962,3.2929389925028203,96.70706100749719,,True,https://www.cbs.gov.il/he/publications/Pages/2019/פסולת-שנאספה-ברשויות-המקומיות-2014-2017.aspx,"CBS - Household and Commercial Waste Collected, by Type of Treatment and Local Authority"
7800,פרדס חנה-כרכור,Pardes Hanna-Karkur,,44161.0,,2022,29615.373,1.8223022620814842,43.372349218765535,56.62765078123445,,True,https://www.cbs.gov.il/he/publications/Pages/2019/פסולת-שנאספה-ברשויות-המקומיות-2014-2017.aspx,"CBS - Household and Commercial Waste Collected, by Type of Treatment and Local Authority"
171,פרדסייה,Pardesiyya,,7743.0,,2022,3748.0,1.3997400696135402,15.190144557097115,84.80985544290289,,True,https://www.cbs.gov.il/he/publications/Pages/2019/פסולת-שנאספה-ברשויות-המקומיות-2014-2017.aspx,"CBS - Household and Commercial Waste Collected, by Type of Treatment and Local Authority"
7900,פתח תקווה,Petah Tiqwa,,264046.0,,2022,169911.788,1.833961702272225,9.870055631455072,90.12994436854493,,True,https://www.cbs.gov.il/he/publications/Pages/2019/פסולת-שנאספה-ברשויות-המקומיות-2014-2017.aspx,"CBS - Household and Commercial Waste Collected, by Type of Treatment and Local Authority"
8000,צפת,Zefat,,37801.0,,2022,25429.545000000002,1.8455381068163303,1.380940948805808,98.61905905119418,,True,https://www.cbs.gov.il/he/publications/Pages/2019/פסולת-שנאספה-ברשויות-המקומיות-2014-2017.aspx,"CBS - Household and Commercial Waste Collected, by Type of Treatment and Local Authority"
3557,קדומים,Qedumim,,4470.0,,2022,2126.33,1.2750189634133544,30.880907479083675,69.11909252091633,,True,https://www.cbs.gov.il/he/publications/Pages/2019/פסולת-שנאספה-ברשויות-המקומיות-2014-2017.aspx,"CBS - Household and Commercial Waste Collected, by Type of Treatment and Local Authority"
195,קדימה-צורן,Qadima- Zoran,,22153.0,,2022,12465.593,1.4803775287837495,16.296951424613333,83.70304857538667,,True,https://www.cbs.gov.il/he/publications/Pages/2019/פסולת-שנאספה-ברשויות-המקומיות-2014-2017.aspx,"CBS - Household and Commercial Waste Collected, by Type of Treatment and Local Authority"
638,קלנסווה,Qalansawe,,23951.0,,2022,,,,,,False,https://www.cbs.gov.il/he/publications/Pages/2019/פסולת-שנאספה-ברשויות-המקומיות-2014-2017.aspx,"CBS - Household and Commercial Waste Collected, by Type of Treatment and Local Authority"
4100,קצרין,Qazrin,,7633.0,,2022,5544.265,1.962248691808251,9.024550594172537,90.97544940582746,,True,https://www.cbs.gov.il/he/publications/Pages/2019/פסולת-שנאספה-ברשויות-המקומיות-2014-2017.aspx,"CBS - Household and Commercial Waste Collected, by Type of Treatment and Local Authority"
2620,קריית אונו,Qiryat Ono,,41537.0,,2022,21420.399999999998,1.378560914183772,34.77820208772947,65.22179791227055,,True,https://www.cbs.gov.il/he/publications/Pages/2019/פסולת-שנאספה-ברשויות-המקומיות-2014-2017.aspx,"CBS - Household and Commercial Waste Collected, by Type of Treatment and Local Authority"
3611,קריית ארבע,Qiryat Arba,,7442.0,,2022,3278.4799999999996,1.1984971627595393,2.0103828603499183,97.9896171396501,,True,https://www.cbs.gov.il/he/publications/Pages/2019/פסולת-שנאספה-ברשויות-המקומיות-2014-2017.aspx,"CBS - Household and Commercial Waste Collected, by Type of Treatment and Local Authority"
6800,קריית אתא,Qiryat Atta,,60465.0,,2022,42465.740000000005,1.9191793928059937,32.079977883347844,67.92002211665216,,True,https://www.cbs.gov.il/he/publications/Pages/2019/פסולת-שנאספה-ברשויות-המקומיות-2014-2017.aspx,"CBS - Household and Commercial Waste Collected, by Type of Treatment and Local Authority"
9500,קריית ביאליק,Qiryat Bialik,,44806.0,,2022,27884.792999999998,1.7385208995797996,24.37634376557861,75.6236562344214,,True,https://www.cbs.gov.il/he/publications/Pages/2019/פסולת-שנאספה-ברשויות-המקומיות-2014-2017.aspx,"CBS - Household and Commercial Waste Collected, by Type of Treatment and Local Authority"
2630,קריית גת,Qiryat Gat,,63386.0,,2022,39589.443999999996,1.735163937273315,7.569801662281493,92.43019833771852,,True,https://www.cbs.gov.il/he/publications/Pages/2019/פסולת-שנאספה-ברשויות-המקומיות-2014-2017.aspx,"CBS - Household and Commercial Waste Collected, by Type of Treatment and Local Authority"
2300,קריית טבעון,Qiryat Tiv'on,,17944.0,,2022,10364.96,1.5065201031821274,21.397284697673697,78.6027153023263,,True,https://www.cbs.gov.il/he/publications/Pages/2019/פסולת-שנאספה-ברשויות-המקומיות-2014-2017.aspx,"CBS - Household and Commercial Waste Collected, by Type of Treatment and Local Authority"
9600,קריית ים,Qiryat Yam,,38906.0,,2022,22446.77,1.5272176417999404,15.394063377492618,84.60593662250737,,True,https://www.cbs.gov.il/he/publications/Pages/2019/פסולת-שנאספה-ברשויות-המקומיות-2014-2017.aspx,"CBS - Household and Commercial Waste Collected, by Type of Treatment and Local Authority"
1137,קריית יערים,Qiryat Ye'arim,,7161.0,,2022,3075.462,1.2937084734640307,34.849584745316314,65.15041525468368,,True,https://www.cbs.gov.il/he/publications/Pages/2019/פסולת-שנאספה-ברשויות-המקומיות-2014-2017.aspx,"CBS - Household and Commercial Waste Collected, by Type of Treatment and Local Authority"
8200,קריית מוצקין,Qiryat Motzkin,,49057.0,,2022,24950.902000000002,1.4457338920211993,19.257227654535292,80.74277234546472,,True,https://www.cbs.gov.il/he/publications/Pages/2019/פסולת-שנאספה-ברשויות-המקומיות-2014-2017.aspx,"CBS - Household and Commercial Waste Collected, by Type of Treatment and Local Authority"
1034,קריית מלאכי,Qiryat Mal'akhi,,26362.0,,2022,19095.77,2.0626955302774372,34.11455887874644,65.88544112125356,,True,https://www.cbs.gov.il/he/publications/Pages/2019/פסולת-שנאספה-ברשויות-המקומיות-2014-2017.aspx,"CBS - Household and Commercial Waste Collected, by Type of Treatment and Local Authority"
469,קריית עקרון,Qiryat Eqron,,11425.0,,2022,7671.755,1.9069594310755824,17.061835264551593,82.93816473544841,,True,https://www.cbs.gov.il/he/publications/Pages/2019/פסולת-שנאספה-ברשויות-המקומיות-2014-2017.aspx,"CBS - Household and Commercial Waste Collected, by Type of Treatment and Local Authority"
2800,קריית שמונה,Qiryat Shemona,,23083.0,,2022,,,,,,False,https://www.cbs.gov.il/he/publications/Pages/2019/פסולת-שנאספה-ברשויות-המקומיות-2014-2017.aspx,"CBS - Household and Commercial Waste Collected, by Type of Treatment and Local Authority"
3640,קרני שומרון,Qarne Shomeron,,10102.0,,2022,5274.478,1.4758335962349227,37.718744110791626,62.281255889208374,,True,https://www.cbs.gov.il/he/publications/Pages/2019/פסולת-שנאספה-ברשויות-המקומיות-2014-2017.aspx,"CBS - Household and Commercial Waste Collected, by Type of Treatment and Local Authority"
543,ראמה,Rame,,8472.0,,2022,5606.354,1.9708569926993955,2.253764211107611,97.74623578889239,,True,https://www.cbs.gov.il/he/publications/Pages/2019/פסולת-שנאספה-ברשויות-המקומיות-2014-2017.aspx,"CBS - Household and Commercial Waste Collected, by Type of Treatment and Local Authority"
2640,ראש העין,Rosh HaAyin,,74572.0,,2022,40804.081,1.5384679278014164,17.95193230794733,82.04806769205265,,True,https://www.cbs.gov.il/he/publications/Pages/2019/פסולת-שנאספה-ברשויות-המקומיות-2014-2017.aspx,"CBS - Household and Commercial Waste Collected, by Type of Treatment and Local Authority"
26,ראש פינה,Rosh Pinna,,3352.0,,2022,3890.622,3.2572156932511485,17.433767659772652,82.56623234022736,,True,https://www.cbs.gov.il/he/publications/Pages/2019/פסולת-שנאספה-ברשויות-המקומיות-2014-2017.aspx,"CBS - Household and Commercial Waste Collected, by Type of Treatment and Local Authority"
8300,ראשון לציון,Rishon LeZiyyon,,252413.0,,2022,182192.547,1.9288098404450653,23.871584055521218,76.12841594447877,,True,https://www.cbs.gov.il/he/publications/Pages/2019/פסולת-שנאספה-ברשויות-המקומיות-2014-2017.aspx,"CBS - Household and Commercial Waste Collected, by Type of Treatment and Local Authority"
1161,רהט,Rahat,,71355.0,,2022,44578.10999999999,1.5728399459009028,15.113999983399928,84.88600001660006,,True,https://www.cbs.gov.il/he/publications/Pages/2019/פסולת-שנאספה-ברשויות-המקומיות-2014-2017.aspx,"CBS - Household and Commercial Waste Collected, by Type of Treatment and Local Authority"
8400,רחובות,Rehovot,,150471.0,,2022,101844.442,1.8687312457264316,15.723138529248363,84.27686147075164,,True,https://www.cbs.gov.il/he/publications/Pages/2019/פסולת-שנאספה-ברשויות-המקומיות-2014-2017.aspx,"CBS - Household and Commercial Waste Collected, by Type of Treatment and Local Authority"
542,ריינה,Reine,,17046.0,,2022,9212.088,1.3056022585626181,12.771784203537786,87.22821579646222,,True,https://www.cbs.gov.il/he/publications/Pages/2019/פסולת-שנאספה-ברשויות-המקומיות-2014-2017.aspx,"CBS - Household and Commercial Waste Collected, by Type of Treatment and Local Authority"
922,רכסים,Rekhasim,,13910.0,,2022,6288.06,1.2334475294505345,11.335133570608422,88.66486642939158,,True,https://www.cbs.gov.il/he/publications/Pages/2019/פסולת-שנאספה-ברשויות-המקומיות-2014-2017.aspx,"CBS - Household and Commercial Waste Collected, by Type of Treatment and Local Authority"
8500,רמלה,Ramla,,81126.0,,2022,53575.099,1.8706568935281327,13.333983759880688,86.66601624011932,,True,https://www.cbs.gov.il/he/publications/Pages/2019/פסולת-שנאספה-ברשויות-המקומיות-2014-2017.aspx,"CBS - Household and Commercial Waste Collected, by Type of Treatment and Local Authority"
8600,רמת גן,Ramat Gan,,165155.0,,2022,101707.40100000001,1.6286202698989467,39.65371310589285,60.34628689410715,,True,https://www.cbs.gov.il/he/publications/Pages/2019/פסולת-שנאספה-ברשויות-המקומיות-2014-2017.aspx,"CBS - Household and Commercial Waste Collected, by Type of Treatment and Local Authority"
2650,רמת השרון,Ramat HaSharon,,48986.0,,2022,39359.94,2.2430437968361123,35.458946329694605,64.54105367030539,,True,https://www.cbs.gov.il/he/publications/Pages/2019/פסולת-שנאספה-ברשויות-המקומיות-2014-2017.aspx,"CBS - Household and Commercial Waste Collected, by Type of Treatment and Local Authority"
122,רמת ישי,Ramat Yishay,,7880.0,,2022,5928.793,2.006456487326377,33.35911710865938,66.64088289134061,,True,https://www.cbs.gov.il/he/publications/Pages/2019/פסולת-שנאספה-ברשויות-המקומיות-2014-2017.aspx,"CBS - Household and Commercial Waste Collected, by Type of Treatment and Local Authority"
,רמת נגב,Ramat Negev,,8097.0,,2022,10870.17,3.4954562994404785,7.599237178443391,92.40076282155661,,True,https://www.cbs.gov.il/he/publications/Pages/2019/פסולת-שנאספה-ברשויות-המקומיות-2014-2017.aspx,"CBS - Household and Commercial Waste Collected, by Type of Treatment and Local Authority"
8700,רעננה,Ra'annana,,80155.0,,2022,50527.035,1.743212311603082,13.027865775223107,86.9721342247769,,True,https://www.cbs.gov.il/he/publications/Pages/2019/פסולת-שנאספה-ברשויות-המקומיות-2014-2017.aspx,"CBS - Household and Commercial Waste Collected, by Type of Treatment and Local Authority"
913,שבלי-אום אל-גנם,Shibli-Umm Al-Ghanam,,6278.0,,2022,,,,,,False,https://www.cbs.gov.il/he/publications/Pages/2019/פסולת-שנאספה-ברשויות-המקומיות-2014-2017.aspx,"CBS - Household and Commercial Waste Collected, by Type of Treatment and Local Authority"
1286,שגב-שלום,Segev-Shalom,,14654.0,,2022,6046.812999999999,1.3576407259909125,5.1626470340657145,94.83735296593429,,True,https://www.cbs.gov.il/he/publications/Pages/2019/פסולת-שנאספה-ברשויות-המקומיות-2014-2017.aspx,"CBS - Household and Commercial Waste Collected, by Type of Treatment and Local Authority"
,שדות דן,Sedot Dan,,,,2022,20099.031,3.453269682438504,17.034458029344798,82.96554197065521,,True,https://www.cbs.gov.il/he/publications/Pages/2019/פסולת-שנאספה-ברשויות-המקומיות-2014-2017.aspx,"CBS - Household and Commercial Waste Collected, by Type of Treatment and Local Authority"
,שדות נגב,Sedot Negev,,11590.0,,2022,11474.13,2.8206345987204777,21.399586068834846,78.60041393116515,,True,https://www.cbs.gov.il/he/publications/Pages/2019/פסולת-שנאספה-ברשויות-המקומיות-2014-2017.aspx,"CBS - Household and Commercial Waste Collected, by Type of Treatment and Local Authority"
1031,שדרות,Sederot,,31108.0,,2022,32336.69,2.7879371011840677,11.371322296747131,88.62867770325286,,True,https://www.cbs.gov.il/he/publications/Pages/2019/פסולת-שנאספה-ברשויות-המקומיות-2014-2017.aspx,"CBS - Household and Commercial Waste Collected, by Type of Treatment and Local Authority"
1304,שוהם,Shoham,,21171.0,,2022,12136.443,1.5055025249987906,43.84450205055963,56.15549794944037,,True,https://www.cbs.gov.il/he/publications/Pages/2019/פסולת-שנאספה-ברשויות-המקומיות-2014-2017.aspx,"CBS - Household and Commercial Waste Collected, by Type of Treatment and Local Authority"
,שומרון,Shomron,,51691.0,,2022,22002.89,1.1777717291084717,33.51467379057932,66.48532620942068,,True,https://www.cbs.gov.il/he/publications/Pages/2019/פסולת-שנאספה-ברשויות-המקומיות-2014-2017.aspx,"CBS - Household and Commercial Waste Collected, by Type of Treatment and Local Authority"
812,שלומי,Shelomi,,7497.0,,2022,5593.889999999999,2.1137474694706926,19.858631471122955,80.14136852887704,,True,https://www.cbs.gov.il/he/publications/Pages/2019/פסולת-שנאספה-ברשויות-המקומיות-2014-2017.aspx,"CBS - Household and Commercial Waste Collected, by Type of Treatment and Local Authority"
538,שעב,Sha'ab,,7445.0,,2022,3450.22,1.2730851897975184,0.5535878871492255,99.44641211285078,,True,https://www.cbs.gov.il/he/publications/Pages/2019/פסולת-שנאספה-ברשויות-המקומיות-2014-2017.aspx,"CBS - Household and Commercial Waste Collected, by Type of Treatment and Local Authority"
,שער הנגב,Sha'ar HaNegev,,8917.0,,2022,4158.494000000001,1.236167118382829,28.452384925889035,71.54761507411096,,True,https://www.cbs.gov.il/he/publications/Pages/2019/פסולת-שנאספה-ברשויות-המקומיות-2014-2017.aspx,"CBS - Household and Commercial Waste Collected, by Type of Treatment and Local Authority"
692,שפיר,Shafir,,1030.0,,2022,11192.411,2.338899334581244,26.13821567131514,73.86178432868486,,True,https://www.cbs.gov.il/he/publications/Pages/2019/פסולת-שנאספה-ברשויות-המקומיות-2014-2017.aspx,"CBS - Household and Commercial Waste Collected, by Type of Treatment and Local Authority"
8800,שפרעם,Shefar'am,,42713.0,,2022,42950.335,2.718669008269563,20.06290288539077,79.93709711460923,,True,https://www.cbs.gov.il/he/publications/Pages/2019/פסולת-שנאספה-ברשויות-המקומיות-2014-2017.aspx,"CBS - Household and Commercial Waste Collected, by Type of Treatment and Local Authority"
5000,תל אביב-יפו,Tel Aviv - Yafo,,492872.0,,2022,420327.37000000005,2.4439213196373926,39.718498464661,60.281501535339,,True,https://www.cbs.gov.il/he/publications/Pages/2019/פסולת-שנאספה-ברשויות-המקומיות-2014-2017.aspx,"CBS - Household and Commercial Waste Collected, by Type of Treatment and Local Authority"
154,תל מונד,Tel Mond,,14115.0,,2022,,,,,,False,https://www.cbs.gov.il/he/publications/Pages/2019/פסולת-שנאספה-ברשויות-המקומיות-2014-2017.aspx,"CBS - Household and Commercial Waste Collected, by Type of Treatment and Local Authority"
1054,תל שבע,Tel Sheva,,22760.0,,2022,10093.300000000001,1.2280343153179134,16.910151882932244,83.08984811706775,,True,https://www.cbs.gov.il/he/publications/Pages/2019/פסולת-שנאספה-ברשויות-המקומיות-2014-2017.aspx,"CBS - Household and Commercial Waste Collected, by Type of Treatment and Local Authority"
,תמר,Tamar,,1524.0,,2022,11386.095,19.706115490788257,1.1952737088527716,98.80472629114723,,True,https://www.cbs.gov.il/he/publications/Pages/2019/פסולת-שנאספה-ברשויות-המקומיות-2014-2017.aspx,"CBS - Household and Commercial Waste Collected, by Type of Treatment and Local Authority"
472,אבו גוש,Abu Ghosh,,8657.0,,2023,5481.4091750904045,1.7946414177592407,15.094205680727313,84.90579431927269,,True,https://www.cbs.gov.il/he/publications/Pages/2019/פסולת-שנאספה-ברשויות-המקומיות-2014-2017.aspx,"CBS - Household and Commercial Waste Collected, by Type of Treatment and Local Authority"
473,אבו סנאן,Abu Snan,,13895.0,,2023,7227.4400000000005,1.3692832777437285,0.77482483424283,99.22517516575718,,True,https://www.cbs.gov.il/he/publications/Pages/2019/פסולת-שנאספה-ברשויות-המקומיות-2014-2017.aspx,"CBS - Household and Commercial Waste Collected, by Type of Treatment and Local Authority"
182,אבן יהודה,Even Yehuda,,14989.0,,2023,10651.846846278524,1.980666624446769,11.348734766129917,88.65126523387008,,True,https://www.cbs.gov.il/he/publications/Pages/2019/פסולת-שנאספה-ברשויות-המקומיות-2014-2017.aspx,"CBS - Household and Commercial Waste Collected, by Type of Treatment and Local Authority"
2710,אום אל-פחם,Umm Al-Fahm,,57560.0,,2023,28921.995535278664,1.3432049079921058,16.29110197784029,83.7088980221597,,True,https://www.cbs.gov.il/he/publications/Pages/2019/פסולת-שנאספה-ברשויות-המקומיות-2014-2017.aspx,"CBS - Household and Commercial Waste Collected, by Type of Treatment and Local Authority"
31,אופקים,Ofaqim,,35355.0,,2023,21565.160867457336,1.611110179798804,30.401357577400457,69.59864242259954,,True,https://www.cbs.gov.il/he/publications/Pages/2019/פסולת-שנאספה-ברשויות-המקומיות-2014-2017.aspx,"CBS - Household and Commercial Waste Collected, by Type of Treatment and Local Authority"
2400,אור יהודה,Or Yehuda,,36850.0,,2023,30199.035391499543,2.0946627323320164,33.396018318977035,66.60398168102297,,True,https://www.cbs.gov.il/he/publications/Pages/2019/פסולת-שנאספה-ברשויות-המקומיות-2014-2017.aspx,"CBS - Household and Commercial Waste Collected, by Type of Treatment and Local Authority"
1020,אור עקיבא,Or Aqiva,,22173.0,,2023,21261.55105094987,2.5845031744403104,43.03795630442053,56.96204369557947,,True,https://www.cbs.gov.il/he/publications/Pages/2019/פסולת-שנאספה-ברשויות-המקומיות-2014-2017.aspx,"CBS - Household and Commercial Waste Collected, by Type of Treatment and Local Authority"
3760,אורנית,Oranit,,9979.0,,2023,5788.383064198363,1.6390453968817904,32.73337377958702,67.26662622041299,,True,https://www.cbs.gov.il/he/publications/Pages/2019/פסולת-שנאספה-ברשויות-המקומיות-2014-2017.aspx,"CBS - Household and Commercial Waste Collected, by Type of Treatment and Local Authority"
565,אזור,Azor,,13191.0,,2023,10814.807882803772,2.2277065251545847,32.39269639152901,67.60730360847099,,True,https://www.cbs.gov.il/he/publications/Pages/2019/פסולת-שנאספה-ברשויות-המקומיות-2014-2017.aspx,"CBS - Household and Commercial Waste Collected, by Type of Treatment and Local Authority"
2600,אילת,Eilat,,55213.0,,2023,73694.03720395912,3.6546560193984763,13.143583350104137,86.85641664989586,,True,https://www.cbs.gov.il/he/publications/Pages/2019/פסולת-שנאספה-ברשויות-המקומיות-2014-2017.aspx,"CBS - Household and Commercial Waste Collected, by Type of Treatment and Local Authority"
478,אכסאל,Iksal,,14646.0,,2023,9087.807304960068,1.6425717248561849,26.47291281855189,73.52708718144811,,True,https://www.cbs.gov.il/he/publications/Pages/2019/פסולת-שנאספה-ברשויות-המקומיות-2014-2017.aspx,"CBS - Household and Commercial Waste Collected, by Type of Treatment and Local Authority"
,אל קסום,El Kasum,,18954.0,,2023,6108.389999999999,0.8791403166890707,0.314812904873461,99.68518709512655,,True,https://www.cbs.gov.il/he/publications/Pages/2019/פסולת-שנאספה-ברשויות-המקומיות-2014-2017.aspx,"CBS - Household and Commercial Waste Collected, by Type of Treatment and Local Authority"
,אל-בטוף,El Batuf,,8903.0,,2023,4392.215152182882,1.3575661293280754,11.992061725872194,88.00793827412781,,True,https://www.cbs.gov.il/he/publications/Pages/2019/פסולת-שנאספה-ברשויות-המקומיות-2014-2017.aspx,"CBS - Household and Commercial Waste Collected, by Type of Treatment and Local Authority"
,אלונה,Allona,,2195.0,,2023,2434.0004810663318,2.993040605329839,60.723097327360506,39.27690267263949,,True,https://www.cbs.gov.il/he/publications/Pages/2019/פסולת-שנאספה-ברשויות-המקומיות-2014-2017.aspx,"CBS - Household and Commercial Waste Collected, by Type of Treatment and Local Authority"
41,אליכין,Elyakhin,,3926.0,,2023,2439.6467026881905,1.8312228956188332,10.995842241936165,89.00415775806384,,True,https://www.cbs.gov.il/he/publications/Pages/2019/פסולת-שנאספה-ברשויות-המקומיות-2014-2017.aspx,"CBS - Household and Commercial Waste Collected, by Type of Treatment and Local Authority"
1309,אלעד,El'ad,,48825.0,,2023,21555.31872701973,1.1900146645963716,11.668204765940247,88.33179523405975,,True,https://www.cbs.gov.il/he/publications/Pages/2019/פסולת-שנאספה-ברשויות-המקומיות-2014-2017.aspx,"CBS - Household and Commercial Waste Collected, by Type of Treatment and Local Authority"
3750,אלפי מנשה,Alfei Menashe,,8068.0,,2023,5174.88774812944,1.7611048571404788,26.758366664667687,73.24163333533231,,True,https://www.cbs.gov.il/he/publications/Pages/2019/פסולת-שנאספה-ברשויות-המקומיות-2014-2017.aspx,"CBS - Household and Commercial Waste Collected, by Type of Treatment and Local Authority"
3560,אלקנה,Elqana,,4144.0,,2023,2257.5927894759066,1.4231904566478428,29.891120870941634,70.10887912905837,,True,https://www.cbs.gov.il/he/publications/Pages/2019/פסולת-שנאספה-ברשויות-המקומיות-2014-2017.aspx,"CBS - Household and Commercial Waste Collected, by Type of Treatment and Local Authority"
529,אעבלין,I'billin,,13357.0,,2023,7941.577225577028,1.5882145934887193,23.323481884827295,76.6765181151727,,True,https://www.cbs.gov.il/he/publications/Pages/2019/פסולת-שנאספה-ברשויות-המקומיות-2014-2017.aspx,"CBS - Household and Commercial Waste Collected, by Type of Treatment and Local Authority"
3650,אפרת,Efrat,,12082.0,,2023,4729.263660682059,1.072900819077935,7.261461515396467,92.73853848460354,,True,https://www.cbs.gov.il/he/publications/Pages/2019/פסולת-שנאספה-ברשויות-המקומיות-2014-2017.aspx,"CBS - Household and Commercial Waste Collected, by Type of Treatment and Local Authority"
3570,אריאל,Ariel,,21428.0,,2023,,,,,,False,https://www.cbs.gov.il/he/publications/Pages/2019/פסולת-שנאספה-ברשויות-המקומיות-2014-2017.aspx,"CBS - Household and Commercial Waste Collected, by Type of Treatment and Local Authority"
70,אשדוד,Ashdod,,227865.0,,2023,132847.86539289606,1.5963454144784435,26.1376088281151,73.8623911718849,,True,https://www.cbs.gov.il/he/publications/Pages/2019/פסולת-שנאספה-ברשויות-המקומיות-2014-2017.aspx,"CBS - Household and Commercial Waste Collected, by Type of Treatment and Local Authority"
,אשכול,Eshkol,,18228.0,,2023,15412.324631977155,2.494420305820163,15.988444902493859,84.01155509750613,,True,https://www.cbs.gov.il/he/publications/Pages/2019/פסולת-שנאספה-ברשויות-המקומיות-2014-2017.aspx,"CBS - Household and Commercial Waste Collected, by Type of Treatment and Local Authority"
7100,אשקלון,Ashqelon,,152370.0,,2023,113742.32492372853,1.9792926770274366,8.00447408634707,91.99552591365293,,True,https://www.cbs.gov.il/he/publications/Pages/2019/פסולת-שנאספה-ברשויות-המקומיות-2014-2017.aspx,"CBS - Household and Commercial Waste Collected, by Type of Treatment and Local Authority"
6000,באקה אל-גרביה,Baqa Al-Gharbiyye,,29868.0,,2023,22431.770383928033,1.977791531737547,38.20416417095724,61.79583582904276,,True,https://www.cbs.gov.il/he/publications/Pages/2019/פסולת-שנאספה-ברשויות-המקומיות-2014-2017.aspx,"CBS - Household and Commercial Waste Collected, by Type of Treatment and Local Authority"
155,באר טוביה,Be'er Toviyya,,1404.0,,2023,36342.245046089956,4.1739627595137945,21.318830017969756,78.68116998203024,,True,https://www.cbs.gov.il/he/publications/Pages/2019/פסולת-שנאספה-ברשויות-המקומיות-2014-2017.aspx,"CBS - Household and Commercial Waste Collected, by Type of Treatment and Local Authority"
2530,באר יעקב,Be'er Ya'aqov,,31439.0,,2023,18970.104908725625,1.5767038849889916,11.79311827472604,88.20688172527396,,True,https://www.cbs.gov.il/he/publications/Pages/2019/פסולת-שנאספה-ברשויות-המקומיות-2014-2017.aspx,"CBS - Household and Commercial Waste Collected, by Type of Treatment and Local Authority"
9000,באר שבע,Be'er Sheva,,217577.0,,2023,157476.35188409325,1.9920816699553274,39.92106454838658,60.078935451613425,,True,https://www.cbs.gov.il/he/publications/Pages/2019/פסולת-שנאספה-ברשויות-המקומיות-2014-2017.aspx,"CBS - Household and Commercial Waste Collected, by Type of Treatment and Local Authority"
,בוסתן אל-מרג',Bustan El-Marj,,8111.0,,2023,,,,,,False,https://www.cbs.gov.il/he/publications/Pages/2019/פסולת-שנאספה-ברשויות-המקומיות-2014-2017.aspx,"CBS - Household and Commercial Waste Collected, by Type of Treatment and Local Authority"
482,בועיינה-נוג'ידאת,Bu'eine-Nujeidat,,10087.0,,2023,9918.39096727784,2.6220556648770192,14.268251493077052,85.73174850692294,,True,https://www.cbs.gov.il/he/publications/Pages/2019/פסולת-שנאספה-ברשויות-המקומיות-2014-2017.aspx,"CBS - Household and Commercial Waste Collected, by Type of Treatment and Local Authority"
4001,בוקעאתא,Buq'ata,,6720.0,,2023,3284.6462822285584,1.3195059985652826,0.631309445426474,99.36869055457352,,True,https://www.cbs.gov.il/he/publications/Pages/2019/פסולת-שנאספה-ברשויות-המקומיות-2014-2017.aspx,"CBS - Household and Commercial Waste Collected, by Type of Treatment and Local Authority"
998,ביר אל-מכסור,Bir El-Maksur,,10510.0,,2023,3875.617,1.0078907230302123,29.028096352142125,70.97190364785787,,True,https://www.cbs.gov.il/he/publications/Pages/2019/פסולת-שנאספה-ברשויות-המקומיות-2014-2017.aspx,"CBS - Household and Commercial Waste Collected, by Type of Treatment and Local Authority"
3574,בית אל,Bet El,,5629.0,,2023,2575.119260951601,1.16152803142593,5.5084540394910775,94.49154596050893,,True,https://www.cbs.gov.il/he/publications/Pages/2019/פסולת-שנאספה-ברשויות-המקומיות-2014-2017.aspx,"CBS - Household and Commercial Waste Collected, by Type of Treatment and Local Authority"
3652,בית אריה-עופרים,Bet Arye,,5373.0,,2023,3143.5460000000003,1.5612172200707966,12.475910961697394,87.5240890383026,,True,https://www.cbs.gov.il/he/publications/Pages/2019/פסולת-שנאספה-ברשויות-המקומיות-2014-2017.aspx,"CBS - Household and Commercial Waste Collected, by Type of Treatment and Local Authority"
480,בית ג'ן,Beit Jann,,12038.0,,2023,7844.962,1.7389899733275995,1.1551617458440206,98.84483825415597,,True,https://www.cbs.gov.il/he/publications/Pages/2019/פסולת-שנאספה-ברשויות-המקומיות-2014-2017.aspx,"CBS - Household and Commercial Waste Collected, by Type of Treatment and Local Authority"
466,בית דגן,Bet Dagan,,7616.0,,2023,6151.100646512559,2.176741221698602,30.92943451658857,69.07056548341143,,True,https://www.cbs.gov.il/he/publications/Pages/2019/פסולת-שנאספה-ברשויות-המקומיות-2014-2017.aspx,"CBS - Household and Commercial Waste Collected, by Type of Treatment and Local Authority"
9200,בית שאן,Bet She'an,,19825.0,,2023,,,,,,False,https://www.cbs.gov.il/he/publications/Pages/2019/פסולת-שנאספה-ברשויות-המקומיות-2014-2017.aspx,"CBS - Household and Commercial Waste Collected, by Type of Treatment and Local Authority"
2610,בית שמש,Bet Shemesh,,145554.0,,2023,85638.55395908146,1.4572511287179368,6.145239165990586,93.85476083400941,,True,https://www.cbs.gov.il/he/publications/Pages/2019/פסולת-שנאספה-ברשויות-המקומיות-2014-2017.aspx,"CBS - Household and Commercial Waste Collected, by Type of Treatment and Local Authority"
3780,ביתר עילית,Betar Illit,,65660.0,,2023,28539.143887919105,1.1731612160718907,4.086999569783353,95.91300043021664,,True,https://www.cbs.gov.il/he/publications/Pages/2019/פסולת-שנאספה-ברשויות-המקומיות-2014-2017.aspx,"CBS - Household and Commercial Waste Collected, by Type of Treatment and Local Authority"
6100,בני ברק,Bene Beraq,,216869.0,,2023,115199.82087878323,1.4276645683098215,32.73149262832558,67.26850737167442,,True,https://www.cbs.gov.il/he/publications/Pages/2019/פסולת-שנאספה-ברשויות-המקומיות-2014-2017.aspx,"CBS - Household and Commercial Waste Collected, by Type of Treatment and Local Authority"
1066,"בני עי""ש",Bene Ayish,,6740.0,,2023,4051.502726255393,1.6394664307204576,17.209168384290074,82.79083161570992,,True,https://www.cbs.gov.il/he/publications/Pages/2019/פסולת-שנאספה-ברשויות-המקומיות-2014-2017.aspx,"CBS - Household and Commercial Waste Collected, by Type of Treatment and Local Authority"
,בני שמעון,Bene Shim'on,,11508.0,,2023,8312.81575455584,1.9473995454223711,59.162910616182884,40.83708938381711,,True,https://www.cbs.gov.il/he/publications/Pages/2019/פסולת-שנאספה-ברשויות-המקומיות-2014-2017.aspx,"CBS - Household and Commercial Waste Collected, by Type of Treatment and Local Authority"
9800,בנימינה-גבעת עדה,Binyamina-Giv'at Ada,,15268.0,,2023,10652.230664825134,1.8419131939954332,49.92504004242229,50.07495995757771,,True,https://www.cbs.gov.il/he/publications/Pages/2019/פסולת-שנאספה-ברשויות-המקומיות-2014-2017.aspx,"CBS - Household and Commercial Waste Collected, by Type of Treatment and Local Authority"
1326,"בסמ""ה",Basma,,11266.0,,2023,6920.596608186586,1.6871058106122696,16.55343712464652,83.44656287535348,,True,https://www.cbs.gov.il/he/publications/Pages/2019/פסולת-שנאספה-ברשויות-המקומיות-2014-2017.aspx,"CBS - Household and Commercial Waste Collected, by Type of Treatment and Local Authority"
944,בסמת טבעון,Basmat Tab'un,,8043.0,,2023,4040.06421986089,1.3563714350235019,29.896731985673224,70.10326801432677,,True,https://www.cbs.gov.il/he/publications/Pages/2019/פסולת-שנאספה-ברשויות-המקומיות-2014-2017.aspx,"CBS - Household and Commercial Waste Collected, by Type of Treatment and Local Authority"
483,בענה,Bi'ne,,8518.0,,2023,8792.925085745255,2.7800133534557223,19.59740437842255,80.40259562157745,,True,https://www.cbs.gov.il/he/publications/Pages/2019/פסולת-שנאספה-ברשויות-המקומיות-2014-2017.aspx,"CBS - Household and Commercial Waste Collected, by Type of Treatment and Local Authority"
,ברנר,Brenner,,7758.0,,2023,5803.278983500932,2.026949831125066,60.36823308789957,39.63176691210043,,True,https://www.cbs.gov.il/he/publications/Pages/2019/פסולת-שנאספה-ברשויות-המקומיות-2014-2017.aspx,"CBS - Household and Commercial Waste Collected, by Type of Treatment and Local Authority"
6200,בת ים,Bat Yam,,128152.0,,2023,77064.2636667741,1.6268432367359575,38.09088969396089,61.90911030603912,,True,https://www.cbs.gov.il/he/publications/Pages/2019/פסולת-שנאספה-ברשויות-המקומיות-2014-2017.aspx,"CBS - Household and Commercial Waste Collected, by Type of Treatment and Local Authority"
1292,ג'דיידה-מכר,Judeide-Maker,,19842.0,,2023,12454.01084287571,1.6338925274967329,0.925207066092849,99.07479293390715,,True,https://www.cbs.gov.il/he/publications/Pages/2019/פסולת-שנאספה-ברשויות-המקומיות-2014-2017.aspx,"CBS - Household and Commercial Waste Collected, by Type of Treatment and Local Authority"
485,ג'ולס,Julis,,6543.0,,2023,2928.1622857142856,1.19389276383875,2.196189750607109,97.80381024939288,,True,https://www.cbs.gov.il/he/publications/Pages/2019/פסולת-שנאספה-ברשויות-המקומיות-2014-2017.aspx,"CBS - Household and Commercial Waste Collected, by Type of Treatment and Local Authority"
627,ג'לג'וליה,Jaljulye,,10502.0,,2023,,,,,,False,https://www.cbs.gov.il/he/publications/Pages/2019/פסולת-שנאספה-ברשויות-המקומיות-2014-2017.aspx,"CBS - Household and Commercial Waste Collected, by Type of Treatment and Local Authority"
541,ג'סר א-זרקא,Jisr Az-Zarqa,,15418.0,,2023,,,,,,False,https://www.cbs.gov.il/he/publications/Pages/2019/פסולת-שנאספה-ברשויות-המקומיות-2014-2017.aspx,"CBS - Household and Commercial Waste Collected, by Type of Treatment and Local Authority"
487,ג'ש (גוש חלב),Jish(Gush Halav),,3256.0,,2023,2214.237,1.8813467947669489,8.83676860245764,91.16323139754236,,True,https://www.cbs.gov.il/he/publications/Pages/2019/פסולת-שנאספה-ברשויות-המקומיות-2014-2017.aspx,"CBS - Household and Commercial Waste Collected, by Type of Treatment and Local Authority"
628,ג'ת,Jatt,,12232.0,,2023,7792.94072062709,1.6946204081487422,5.441780398824396,94.5582196011756,,True,https://www.cbs.gov.il/he/publications/Pages/2019/פסולת-שנאספה-ברשויות-המקומיות-2014-2017.aspx,"CBS - Household and Commercial Waste Collected, by Type of Treatment and Local Authority"
3730,גבעת זאב,Giv'at Ze'ev,,22117.0,,2023,11319.31069349793,1.3694771525357654,34.71201383097407,65.28798616902594,,True,https://www.cbs.gov.il/he/publications/Pages/2019/פסולת-שנאספה-ברשויות-המקומיות-2014-2017.aspx,"CBS - Household and Commercial Waste Collected, by Type of Treatment and Local Authority"
681,גבעת שמואל,Giv'at Shemu'el,,27472.0,,2023,14089.221444327155,1.3397871193914381,36.68990131749625,63.31009868250375,,True,https://www.cbs.gov.il/he/publications/Pages/2019/פסולת-שנאספה-ברשויות-המקומיות-2014-2017.aspx,"CBS - Household and Commercial Waste Collected, by Type of Treatment and Local Authority"
6300,גבעתיים,Giv'atayim,,58052.0,,2023,31223.62810802862,1.4200444318579475,38.33900425220132,61.66099574779869,,True,https://www.cbs.gov.il/he/publications/Pages/2019/פסולת-שנאספה-ברשויות-המקומיות-2014-2017.aspx,"CBS - Household and Commercial Waste Collected, by Type of Treatment and Local Authority"
2550,גדרה,Gedera,,29260.0,,2023,,,,,,False,https://www.cbs.gov.il/he/publications/Pages/2019/פסולת-שנאספה-ברשויות-המקומיות-2014-2017.aspx,"CBS - Household and Commercial Waste Collected, by Type of Treatment and Local Authority"
,גדרות,Gederot,,5008.0,,2023,3752.8031056298096,2.021360924838545,40.766410135792576,59.23358986420742,,True,https://www.cbs.gov.il/he/publications/Pages/2019/פסולת-שנאספה-ברשויות-המקומיות-2014-2017.aspx,"CBS - Household and Commercial Waste Collected, by Type of Treatment and Local Authority"
,גולן,Golan,,20110.0,,2023,15931.369247087565,2.1002592136619236,47.07360133818098,52.92639866181902,,True,https://www.cbs.gov.il/he/publications/Pages/2019/פסולת-שנאספה-ברשויות-המקומיות-2014-2017.aspx,"CBS - Household and Commercial Waste Collected, by Type of Treatment and Local Authority"
,גוש עציון,Gush Etzion,,26401.0,,2023,14983.470290525149,1.5108519731210446,21.69554921185895,78.30445078814104,,True,https://www.cbs.gov.il/he/publications/Pages/2019/פסולת-שנאספה-ברשויות-המקומיות-2014-2017.aspx,"CBS - Household and Commercial Waste Collected, by Type of Treatment and Local Authority"
370,גזר,Gezer,,396.0,,2023,22849.75763481133,2.2059684518847673,55.30782180182927,44.69217819817073,,True,https://www.cbs.gov.il/he/publications/Pages/2019/פסולת-שנאספה-ברשויות-המקומיות-2014-2017.aspx,"CBS - Household and Commercial Waste Collected, by Type of Treatment and Local Authority"
166,גן יבנה,Gan Yavne,,23688.0,,2023,19143.086646997865,2.1386348902685586,19.20958680701873,80.79041319298128,,True,https://www.cbs.gov.il/he/publications/Pages/2019/פסולת-שנאספה-ברשויות-המקומיות-2014-2017.aspx,"CBS - Household and Commercial Waste Collected, by Type of Treatment and Local Authority"
,גן רווה,Gan Rawe,,5976.0,,2023,,,,,,False,https://www.cbs.gov.il/he/publications/Pages/2019/פסולת-שנאספה-ברשויות-המקומיות-2014-2017.aspx,"CBS - Household and Commercial Waste Collected, by Type of Treatment and Local Authority"
229,גני תקווה,Ganne Tiqwa,,23650.0,,2023,11753.394699118742,1.321395271346736,34.56273530423793,65.43726469576207,,True,https://www.cbs.gov.il/he/publications/Pages/2019/פסולת-שנאספה-ברשויות-המקומיות-2014-2017.aspx,"CBS - Household and Commercial Waste Collected, by Type of Treatment and Local Authority"
494,דאלית אל-כרמל,Daliyat Al-Karmel,,17672.0,,2023,13929.075029956426,2.100844998466331,0.612854979765965,99.38714502023403,,True,https://www.cbs.gov.il/he/publications/Pages/2019/פסולת-שנאספה-ברשויות-המקומיות-2014-2017.aspx,"CBS - Household and Commercial Waste Collected, by Type of Treatment and Local Authority"
489,דבורייה,Daburiyya,,10480.0,,2023,5476.585396411962,1.395363484777606,29.70072186727218,70.29927813272782,,True,https://www.cbs.gov.il/he/publications/Pages/2019/פסולת-שנאספה-ברשויות-המקומיות-2014-2017.aspx,"CBS - Household and Commercial Waste Collected, by Type of Treatment and Local Authority"
490,דייר אל-אסד,Deir Al-Asad,,12176.0,,2023,6751.214611472697,1.4497945122743714,0.9348630595366128,99.06513694046339,,True,https://www.cbs.gov.il/he/publications/Pages/2019/פסולת-שנאספה-ברשויות-המקומיות-2014-2017.aspx,"CBS - Household and Commercial Waste Collected, by Type of Treatment and Local Authority"
492,דייר חנא,Deir Hanna,,10283.0,,2023,6786.877419354839,1.7402138241049325,1.5091980159054572,98.49080198409453,,True,https://www.cbs.gov.il/he/publications/Pages/2019/פסולת-שנאספה-ברשויות-המקומיות-2014-2017.aspx,"CBS - Household and Commercial Waste Collected, by Type of Treatment and Local Authority"
2200,דימונה,Dimona,,37213.0,,2023,20999.598021204365,1.5139106192556797,3.635631598440371,96.36436840155963,,True,https://www.cbs.gov.il/he/publications/Pages/2019/פסולת-שנאספה-ברשויות-המקומיות-2014-2017.aspx,"CBS - Household and Commercial Waste Collected, by Type of Treatment and Local Authority"
,דרום השרון,Derom HaSharon,,34313.0,,2023,29755.75960831827,2.3753333740442497,2.959963448797494,97.0400365512025,,True,https://www.cbs.gov.il/he/publications/Pages/2019/פסולת-שנאספה-ברשויות-המקומיות-2014-2017.aspx,"CBS - Household and Commercial Waste Collected, by Type of Treatment and Local Authority"
,הגלבוע,HaGilbo'a,,32947.0,,2023,18317.833971716325,1.5089857026235174,37.94026074505986,62.05973925494014,,True,https://www.cbs.gov.il/he/publications/Pages/2019/פסולת-שנאספה-ברשויות-המקומיות-2014-2017.aspx,"CBS - Household and Commercial Waste Collected, by Type of Treatment and Local Authority"
,הגליל העליון,HaGalil HaElyon,,19674.0,,2023,20721.639135512494,2.7827176467366246,34.80366146881134,65.19633853118866,,True,https://www.cbs.gov.il/he/publications/Pages/2019/פסולת-שנאספה-ברשויות-המקומיות-2014-2017.aspx,"CBS - Household and Commercial Waste Collected, by Type of Treatment and Local Authority"
,הגליל התחתון,HaGalil HaTahton,,12801.0,,2023,11770.24463621237,2.4653857476042833,33.71063863876669,66.28936136123332,,True,https://www.cbs.gov.il/he/publications/Pages/2019/פסולת-שנאספה-ברשויות-המקומיות-2014-2017.aspx,"CBS - Household and Commercial Waste Collected, by Type of Treatment and Local Authority"
9700,הוד השרון,Hod HaSharon,,65020.0,,2023,39803.86553071475,1.6648222825577237,18.262159802307576,81.73784019769242,,True,https://www.cbs.gov.il/he/publications/Pages/2019/פסולת-שנאספה-ברשויות-המקומיות-2014-2017.aspx,"CBS - Household and Commercial Waste Collected, by Type of Treatment and Local Authority"
,הערבה התיכונה,HaArava HaTikhona,,6089.0,,2023,3274.9792595340455,1.786825832227747,5.520012348406938,94.47998765159305,,True,https://www.cbs.gov.il/he/publications/Pages/2019/פסולת-שנאספה-ברשויות-המקומיות-2014-2017.aspx,"CBS - Household and Commercial Waste Collected, by Type of Treatment and Local Authority"
3769,הר אדר,Har Adar,,4405.0,,2023,2223.632,1.4412449646920806,31.087194283946268,68.91280571605374,,True,https://www.cbs.gov.il/he/publications/Pages/2019/פסולת-שנאספה-ברשויות-המקומיות-2014-2017.aspx,"CBS - Household and Commercial Waste Collected, by Type of Treatment and Local Authority"
,הר חברון,Har Hevron,,10631.0,,2023,5375.652320695455,1.327308451446271,1.7840127109085027,98.21598728909149,,True,https://www.cbs.gov.il/he/publications/Pages/2019/פסולת-שנאספה-ברשויות-המקומיות-2014-2017.aspx,"CBS - Household and Commercial Waste Collected, by Type of Treatment and Local Authority"
6400,הרצלייה,Herzliyya,,105273.0,,2023,84563.35256275302,2.1512543976317047,18.2474694948999,81.7525305051001,,True,https://www.cbs.gov.il/he/publications/Pages/2019/פסולת-שנאספה-ברשויות-המקומיות-2014-2017.aspx,"CBS - Household and Commercial Waste Collected, by Type of Treatment and Local Authority"
,זבולון,Zevulun,,13401.0,,2023,9965.518995850038,1.9829895609145627,24.615065174945254,75.38493482505476,,True,https://www.cbs.gov.il/he/publications/Pages/2019/פסולת-שנאספה-ברשויות-המקומיות-2014-2017.aspx,"CBS - Household and Commercial Waste Collected, by Type of Treatment and Local Authority"
9300,זכרון יעקב,Zikhron Ya'aqov,,23513.0,,2023,15325.002536035176,1.7395719389254471,8.639558348665147,91.36044165133485,,True,https://www.cbs.gov.il/he/publications/Pages/2019/פסולת-שנאספה-ברשויות-המקומיות-2014-2017.aspx,"CBS - Household and Commercial Waste Collected, by Type of Treatment and Local Authority"
1290,זמר,Zemer,,7482.0,,2023,4482.8099999999995,1.6131439197316229,7.534336721832958,92.46566327816704,,True,https://www.cbs.gov.il/he/publications/Pages/2019/פסולת-שנאספה-ברשויות-המקומיות-2014-2017.aspx,"CBS - Household and Commercial Waste Collected, by Type of Treatment and Local Authority"
975,זרזיר,Zarzir,,8836.0,,2023,4573.5563280556835,1.4232498080124487,25.287899505271,74.712100494729,,True,https://www.cbs.gov.il/he/publications/Pages/2019/פסולת-שנאספה-ברשויות-המקומיות-2014-2017.aspx,"CBS - Household and Commercial Waste Collected, by Type of Treatment and Local Authority"
,חבל אילות,Hevel Elot,,4678.0,,2023,10327.635669052823,5.765642841361251,22.75879731210918,77.24120268789082,,True,https://www.cbs.gov.il/he/publications/Pages/2019/פסולת-שנאספה-ברשויות-המקומיות-2014-2017.aspx,"CBS - Household and Commercial Waste Collected, by Type of Treatment and Local Authority"
,חבל יבנה,Hevel Yavne,,6388.0,,2023,6996.747041280925,2.843668591620253,48.69730206306201,51.30269793693799,,True,https://www.cbs.gov.il/he/publications/Pages/2019/פסולת-שנאספה-ברשויות-המקומיות-2014-2017.aspx,"CBS - Household and Commercial Waste Collected, by Type of Treatment and Local Authority"
,חבל מודיעין,Hevel Modi'in,,23646.0,,2023,25286.96786157655,2.9164118713668414,38.3149198219944,61.68508017800559,,True,https://www.cbs.gov.il/he/publications/Pages/2019/פסולת-שנאספה-ברשויות-המקומיות-2014-2017.aspx,"CBS - Household and Commercial Waste Collected, by Type of Treatment and Local Authority"
6500,חדרה,Hadera,,103847.0,,2023,73094.81286263998,1.908981175813189,26.14585374006489,73.8541462599351,,True,https://www.cbs.gov.il/he/publications/Pages/2019/פסולת-שנאספה-ברשויות-המקומיות-2014-2017.aspx,"CBS - Household and Commercial Waste Collected, by Type of Treatment and Local Authority"
6600,חולון,Holon,,192655.0,,2023,127856.65765998111,1.792064771393199,37.41169723612512,62.58830276387487,,True,https://www.cbs.gov.il/he/publications/Pages/2019/פסולת-שנאספה-ברשויות-המקומיות-2014-2017.aspx,"CBS - Household and Commercial Waste Collected, by Type of Treatment and Local Authority"
,חוף אשקלון,Hof Ashqelon,,20100.0,,2023,14877.912674266843,2.03111366504883,37.26255688982282,62.73744311017718,,True,https://www.cbs.gov.il/he/publications/Pages/2019/פסולת-שנאספה-ברשויות-המקומיות-2014-2017.aspx,"CBS - Household and Commercial Waste Collected, by Type of Treatment and Local Authority"
,חוף הכרמל,Hof HaKarmel,,34463.0,,2023,36647.63405368931,2.7954194155891354,28.096427831069615,71.90357216893038,,True,https://www.cbs.gov.il/he/publications/Pages/2019/פסולת-שנאספה-ברשויות-המקומיות-2014-2017.aspx,"CBS - Household and Commercial Waste Collected, by Type of Treatment and Local Authority"
,חוף השרון,Hof HaSharon,,12534.0,,2023,19623.94930097796,3.814825604726547,24.1756500091525,75.82434999084751,,True,https://www.cbs.gov.il/he/publications/Pages/2019/פסולת-שנאספה-ברשויות-המקומיות-2014-2017.aspx,"CBS - Household and Commercial Waste Collected, by Type of Treatment and Local Authority"
1303,חורה,Hura,,20671.0,,2023,10702.854713861181,1.2542137183009445,8.759856495547494,91.2401435044525,,True,https://www.cbs.gov.il/he/publications/Pages/2019/פסולת-שנאספה-ברשויות-המקומיות-2014-2017.aspx,"CBS - Household and Commercial Waste Collected, by Type of Treatment and Local Authority"
496,חורפיש,Hurfeish,,6544.0,,2023,6450.68454460557,2.647260087085849,1.7158573456848247,98.28414265431518,,True,https://www.cbs.gov.il/he/publications/Pages/2019/פסולת-שנאספה-ברשויות-המקומיות-2014-2017.aspx,"CBS - Household and Commercial Waste Collected, by Type of Treatment and Local Authority"
4000,חיפה,Haifa,,289507.0,,2023,180837.68538529729,1.683423052288249,24.978984490458352,75.02101550954166,,True,https://www.cbs.gov.il/he/publications/Pages/2019/פסולת-שנאספה-ברשויות-המקומיות-2014-2017.aspx,"CBS - Household and Commercial Waste Collected, by Type of Treatment and Local Authority"
2034,חצור הגלילית,Hazor HaGelilit,,10638.0,,2023,7919.271422495857,2.0557735488189524,8.38159708240767,91.61840291759233,,True,https://www.cbs.gov.il/he/publications/Pages/2019/פסולת-שנאספה-ברשויות-המקומיות-2014-2017.aspx,"CBS - Household and Commercial Waste Collected, by Type of Treatment and Local Authority"
1247,חריש,Harish,,31733.0,,2023,14113.810950485102,1.0684565067299012,13.899487525852638,86.10051247414737,,True,https://www.cbs.gov.il/he/publications/Pages/2019/פסולת-שנאספה-ברשויות-המקומיות-2014-2017.aspx,"CBS - Household and Commercial Waste Collected, by Type of Treatment and Local Authority"
6700,טבריה,Tiberias,,48509.0,,2023,37437.28214549569,2.052425186877762,18.991688867433247,81.00831113256675,,True,https://www.cbs.gov.il/he/publications/Pages/2019/פסולת-שנאספה-ברשויות-המקומיות-2014-2017.aspx,"CBS - Household and Commercial Waste Collected, by Type of Treatment and Local Authority"
962,טובא-זנגרייה,Tuba-Zangariyye,,6935.0,,2023,5007.695869080892,1.9318100126458273,6.133277201941246,93.86672279805876,,True,https://www.cbs.gov.il/he/publications/Pages/2019/פסולת-שנאספה-ברשויות-המקומיות-2014-2017.aspx,"CBS - Household and Commercial Waste Collected, by Type of Treatment and Local Authority"
498,טורעאן,Tur'an,,14397.0,,2023,9503.684278111801,1.762863315701357,0.2690985660235101,99.7309014339765,,True,https://www.cbs.gov.il/he/publications/Pages/2019/פסולת-שנאספה-ברשויות-המקומיות-2014-2017.aspx,"CBS - Household and Commercial Waste Collected, by Type of Treatment and Local Authority"
2730,טייבה,Tayibe,,45071.0,,2023,27275.993910201258,1.6208031587842702,33.34703013993357,66.65296986006642,,True,https://www.cbs.gov.il/he/publications/Pages/2019/פסולת-שנאספה-ברשויות-המקומיות-2014-2017.aspx,"CBS - Household and Commercial Waste Collected, by Type of Treatment and Local Authority"
2720,טירה,Tire,,26567.0,,2023,20056.094323578975,1.9970634983824445,4.747281839713001,95.252718160287,,True,https://www.cbs.gov.il/he/publications/Pages/2019/פסולת-שנאספה-ברשויות-המקומיות-2014-2017.aspx,"CBS - Household and Commercial Waste Collected, by Type of Treatment and Local Authority"
2100,טירת כרמל,Tirat Karmel,,29069.0,,2023,16575.673853902983,1.4975615452583309,13.18539971989349,86.8146002801065,,True,https://www.cbs.gov.il/he/publications/Pages/2019/פסולת-שנאספה-ברשויות-המקומיות-2014-2017.aspx,"CBS - Household and Commercial Waste Collected, by Type of Treatment and Local Authority"
8900,טמרה,Tamra,,35349.0,,2023,27838.18297408164,2.116055668216817,5.249563074724519,94.75043692527548,,True,https://www.cbs.gov.il/he/publications/Pages/2019/פסולת-שנאספה-ברשויות-המקומיות-2014-2017.aspx,"CBS - Household and Commercial Waste Collected, by Type of Treatment and Local Authority"
1295,יאנוח-ג'ת,Yanuh-Jat,,6759.0,,2023,3957.008989234972,1.5706078259256757,0.5059121495410701,99.49408785045893,,True,https://www.cbs.gov.il/he/publications/Pages/2019/פסולת-שנאספה-ברשויות-המקומיות-2014-2017.aspx,"CBS - Household and Commercial Waste Collected, by Type of Treatment and Local Authority"
46,יבנאל,Yavne'el,,4557.0,,2023,3927.663253568463,2.324129858024476,21.781227114906255,78.21877288509374,,True,https://www.cbs.gov.il/he/publications/Pages/2019/פסולת-שנאספה-ברשויות-המקומיות-2014-2017.aspx,"CBS - Household and Commercial Waste Collected, by Type of Treatment and Local Authority"
2660,יבנה,Yavne,,54981.0,,2023,28056.656289038805,1.3490623915480162,15.328534679020162,84.67146532097983,,True,https://www.cbs.gov.il/he/publications/Pages/2019/פסולת-שנאספה-ברשויות-המקומיות-2014-2017.aspx,"CBS - Household and Commercial Waste Collected, by Type of Treatment and Local Authority"
9400,יהוד-מונוסון,Yehud,,30977.0,,2023,19177.8859499023,1.6554705889504406,33.35761807434719,66.64238192565281,,True,https://www.cbs.gov.il/he/publications/Pages/2019/פסולת-שנאספה-ברשויות-המקומיות-2014-2017.aspx,"CBS - Household and Commercial Waste Collected, by Type of Treatment and Local Authority"
,יואב,Yo'av,,9133.0,,2023,6017.657780123313,1.7841819862749266,46.968253818936766,53.031746181063234,,True,https://www.cbs.gov.il/he/publications/Pages/2019/פסולת-שנאספה-ברשויות-המקומיות-2014-2017.aspx,"CBS - Household and Commercial Waste Collected, by Type of Treatment and Local Authority"
29,יסוד המעלה,Yesud HaMa'ala,,1969.0,,2023,1839.0482072795623,2.6779103051406263,42.23479320471613,57.76520679528387,,True,https://www.cbs.gov.il/he/publications/Pages/2019/פסולת-שנאספה-ברשויות-המקומיות-2014-2017.aspx,"CBS - Household and Commercial Waste Collected, by Type of Treatment and Local Authority"
499,יפיע,Yafi,,18113.0,,2023,10040.09695285272,1.4361778801922687,25.588367970119606,74.4116320298804,,True,https://www.cbs.gov.il/he/publications/Pages/2019/פסולת-שנאספה-ברשויות-המקומיות-2014-2017.aspx,"CBS - Household and Commercial Waste Collected, by Type of Treatment and Local Authority"
240,יקנעם עילית,Yoqne'am Illit,,23729.0,,2023,15935.516550509199,1.7630718997476016,48.986537698771734,51.013462301228266,,True,https://www.cbs.gov.il/he/publications/Pages/2019/פסולת-שנאספה-ברשויות-המקומיות-2014-2017.aspx,"CBS - Household and Commercial Waste Collected, by Type of Treatment and Local Authority"
831,ירוחם,Yeroham,,11403.0,,2023,5724.1610387376395,1.358980327802673,5.047570059303523,94.95242994069648,,True,https://www.cbs.gov.il/he/publications/Pages/2019/פסולת-שנאספה-ברשויות-המקומיות-2014-2017.aspx,"CBS - Household and Commercial Waste Collected, by Type of Treatment and Local Authority"
3000,ירושלים,Jerusalem,,1005919.0,,2023,556120.0145239313,1.5159782218768303,37.32246801108423,62.67753198891577,,True,https://www.cbs.gov.il/he/publications/Pages/2019/פסולת-שנאספה-ברשויות-המקומיות-2014-2017.aspx,"CBS - Household and Commercial Waste Collected, by Type of Treatment and Local Authority"
502,ירכא,Yirka,,16194.0,,2023,20849.59976668186,3.330545807334507,1.4273644099270855,98.5726355900729,,True,https://www.cbs.gov.il/he/publications/Pages/2019/פסולת-שנאספה-ברשויות-המקומיות-2014-2017.aspx,"CBS - Household and Commercial Waste Collected, by Type of Treatment and Local Authority"
504,כאבול,Kabul,,11993.0,,2023,8402.713154202382,1.7074191151317655,14.62578969017584,85.37421030982416,,True,https://www.cbs.gov.il/he/publications/Pages/2019/פסולת-שנאספה-ברשויות-המקומיות-2014-2017.aspx,"CBS - Household and Commercial Waste Collected, by Type of Treatment and Local Authority"
505,כאוכב אבו אל-היג'א,Kaokab Abu Al-Hija,,3984.0,,2023,1325.0299999999997,0.929395590906859,29.39387938386301,70.60612061613699,,True,https://www.cbs.gov.il/he/publications/Pages/2019/פסולת-שנאספה-ברשויות-המקומיות-2014-2017.aspx,"CBS - Household and Commercial Waste Collected, by Type of Treatment and Local Authority"
1224,כוכב יאיר,Kokhav Ya'ir,,9176.0,,2023,7088.53066454779,2.1277055007028407,15.801309432851909,84.19869056714809,,True,https://www.cbs.gov.il/he/publications/Pages/2019/פסולת-שנאספה-ברשויות-המקומיות-2014-2017.aspx,"CBS - Household and Commercial Waste Collected, by Type of Treatment and Local Authority"
1059,כסיפה,Kuseife,,18867.0,,2023,4730.302,0.5879695804209929,1.7863552897891086,98.21364471021089,,True,https://www.cbs.gov.il/he/publications/Pages/2019/פסולת-שנאספה-ברשויות-המקומיות-2014-2017.aspx,"CBS - Household and Commercial Waste Collected, by Type of Treatment and Local Authority"
1296,כסרא-סמיע,Kisra-Sumei,,8930.0,,2023,7335.639992294663,2.1797878323759137,0.9357055739753114,99.06429442602469,,True,https://www.cbs.gov.il/he/publications/Pages/2019/פסולת-שנאספה-ברשויות-המקומיות-2014-2017.aspx,"CBS - Household and Commercial Waste Collected, by Type of Treatment and Local Authority"
978,כעביה-טבאש-חג'אג'רה,Ka'abiyye-Tabbash-Hajajre,,6170.0,,2023,2464.0,1.0976723465864795,25.243506493506494,74.7564935064935,,True,https://www.cbs.gov.il/he/publications/Pages/2019/פסולת-שנאספה-ברשויות-המקומיות-2014-2017.aspx,"CBS - Household and Commercial Waste Collected, by Type of Treatment and Local Authority"
633,כפר ברא,Kafar Bara,,3710.0,,2023,2097.73112,1.4661246295778587,6.646758427266885,93.35324157273311,,True,https://www.cbs.gov.il/he/publications/Pages/2019/פסולת-שנאספה-ברשויות-המקומיות-2014-2017.aspx,"CBS - Household and Commercial Waste Collected, by Type of Treatment and Local Authority"
1263,כפר ורדים,Kefar Weradim,,5656.0,,2023,4027.2380837992464,1.9562994675018197,47.4056423800549,52.5943576199451,,True,https://www.cbs.gov.il/he/publications/Pages/2019/פסולת-שנאספה-ברשויות-המקומיות-2014-2017.aspx,"CBS - Household and Commercial Waste Collected, by Type of Treatment and Local Authority"
507,כפר יאסיף,Kafar Yasif,,10574.0,,2023,8378.848999999998,2.1823130226192133,20.09047660364807,79.90952339635193,,True,https://www.cbs.gov.il/he/publications/Pages/2019/פסולת-שנאספה-ברשויות-המקומיות-2014-2017.aspx,"CBS - Household and Commercial Waste Collected, by Type of Treatment and Local Authority"
168,כפר יונה,Kefar Yona,,28135.0,,2023,15258.98539348428,1.4171815801960579,16.82685530704204,83.17314469295796,,True,https://www.cbs.gov.il/he/publications/Pages/2019/פסולת-שנאספה-ברשויות-המקומיות-2014-2017.aspx,"CBS - Household and Commercial Waste Collected, by Type of Treatment and Local Authority"
508,כפר כמא,Kafar Kama,,3412.0,,2023,2083.622571966668,1.6415686532536309,9.288753854494335,90.71124614550567,,True,https://www.cbs.gov.il/he/publications/Pages/2019/פסולת-שנאספה-ברשויות-המקומיות-2014-2017.aspx,"CBS - Household and Commercial Waste Collected, by Type of Treatment and Local Authority"
509,כפר כנא,Kafar Kanna,,24262.0,,2023,13345.7,1.4910817708474446,5.837086102639801,94.1629138973602,,True,https://www.cbs.gov.il/he/publications/Pages/2019/פסולת-שנאספה-ברשויות-המקומיות-2014-2017.aspx,"CBS - Household and Commercial Waste Collected, by Type of Treatment and Local Authority"
510,כפר מנדא,Kafar Manda,,21041.0,,2023,12939.768688426611,1.6406998062794167,20.149268129951686,79.8507318700483,,True,https://www.cbs.gov.il/he/publications/Pages/2019/פסולת-שנאספה-ברשויות-המקומיות-2014-2017.aspx,"CBS - Household and Commercial Waste Collected, by Type of Treatment and Local Authority"
6900,כפר סבא,Kefar Sava,,100262.0,,2023,62437.18923327914,1.6972926632561838,15.217916357155211,84.7820836428448,,True,https://www.cbs.gov.il/he/publications/Pages/2019/פסולת-שנאספה-ברשויות-המקומיות-2014-2017.aspx,"CBS - Household and Commercial Waste Collected, by Type of Treatment and Local Authority"
634,כפר קאסם,Kafar Qasem,,26389.0,,2023,,,,,,False,https://www.cbs.gov.il/he/publications/Pages/2019/פסולת-שנאספה-ברשויות-המקומיות-2014-2017.aspx,"CBS - Household and Commercial Waste Collected, by Type of Treatment and Local Authority"
654,כפר קרע,Kafar Qara,,19890.0,,2023,13517.8,1.8244325472622815,36.75006288005445,63.24993711994556,,True,https://www.cbs.gov.il/he/publications/Pages/2019/פסולת-שנאספה-ברשויות-המקומיות-2014-2017.aspx,"CBS - Household and Commercial Waste Collected, by Type of Treatment and Local Authority"
267,כפר שמריהו,Kefar Shemaryahu,,2077.0,,2023,3682.406,5.072289372369952,22.138586185227812,77.86141381477219,,True,https://www.cbs.gov.il/he/publications/Pages/2019/פסולת-שנאספה-ברשויות-המקומיות-2014-2017.aspx,"CBS - Household and Commercial Waste Collected, by Type of Treatment and Local Authority"
47,כפר תבור,Kefar Tavor,,4363.0,,2023,4925.041470949898,3.071887149453005,34.79896526880095,65.20103473119906,,True,https://www.cbs.gov.il/he/publications/Pages/2019/פסולת-שנאספה-ברשויות-המקומיות-2014-2017.aspx,"CBS - Household and Commercial Waste Collected, by Type of Treatment and Local Authority"
1139,כרמיאל,Karmi'el,,47450.0,,2023,27090.572112178634,1.5463782882672314,18.846896592055874,81.15310340794413,,True,https://www.cbs.gov.il/he/publications/Pages/2019/פסולת-שנאספה-ברשויות-המקומיות-2014-2017.aspx,"CBS - Household and Commercial Waste Collected, by Type of Treatment and Local Authority"
,לב השרון,Lev HaSharon,,23813.0,,2023,17398.348602878552,2.0051197182053686,43.34197902915298,56.65802097084702,,True,https://www.cbs.gov.il/he/publications/Pages/2019/פסולת-שנאספה-ברשויות-המקומיות-2014-2017.aspx,"CBS - Household and Commercial Waste Collected, by Type of Treatment and Local Authority"
1271,להבים,Lehavim,,7686.0,,2023,4432.105809096298,1.6105518457934507,41.477480192900224,58.52251980709977,,True,https://www.cbs.gov.il/he/publications/Pages/2019/פסולת-שנאספה-ברשויות-המקומיות-2014-2017.aspx,"CBS - Household and Commercial Waste Collected, by Type of Treatment and Local Authority"
7000,לוד,Lod,,87430.0,,2023,60070.69979150477,1.8684444662986723,20.775311149729063,79.22468885027094,,True,https://www.cbs.gov.il/he/publications/Pages/2019/פסולת-שנאספה-ברשויות-המקומיות-2014-2017.aspx,"CBS - Household and Commercial Waste Collected, by Type of Treatment and Local Authority"
24,לכיש,Lakhish,,1170.0,,2023,7940.140595464504,1.4744846884188623,41.23287939428453,58.76712060571546,,True,https://www.cbs.gov.il/he/publications/Pages/2019/פסולת-שנאספה-ברשויות-המקומיות-2014-2017.aspx,"CBS - Household and Commercial Waste Collected, by Type of Treatment and Local Authority"
1060,לקיה,Laqye,,17074.0,,2023,,,,,,False,https://www.cbs.gov.il/he/publications/Pages/2019/פסולת-שנאספה-ברשויות-המקומיות-2014-2017.aspx,"CBS - Household and Commercial Waste Collected, by Type of Treatment and Local Authority"
,מבואות החרמון,Mevo'ot HaHermon,,8021.0,,2023,5623.982369124484,1.8614522348914109,7.539895065327115,92.46010493467288,,True,https://www.cbs.gov.il/he/publications/Pages/2019/פסולת-שנאספה-ברשויות-המקומיות-2014-2017.aspx,"CBS - Household and Commercial Waste Collected, by Type of Treatment and Local Authority"
1015,מבשרת ציון,Mevasseret Ziyyon,,25476.0,,2023,14762.296871422051,1.5678347435814992,17.153940836431065,82.84605916356892,,True,https://www.cbs.gov.il/he/publications/Pages/2019/פסולת-שנאספה-ברשויות-המקומיות-2014-2017.aspx,"CBS - Household and Commercial Waste Collected, by Type of Treatment and Local Authority"
516,מג'ד אל-כרום,Majd Al-Kurum,,14852.0,,2023,14104.488580314039,2.4993489726805387,15.028893591169401,84.9711064088306,,True,https://www.cbs.gov.il/he/publications/Pages/2019/פסולת-שנאספה-ברשויות-המקומיות-2014-2017.aspx,"CBS - Household and Commercial Waste Collected, by Type of Treatment and Local Authority"
4201,מג'דל שמס,Majdal Shams,,11103.0,,2023,9715.234,2.345840519283902,5.290186525615336,94.70981347438466,,True,https://www.cbs.gov.il/he/publications/Pages/2019/פסולת-שנאספה-ברשויות-המקומיות-2014-2017.aspx,"CBS - Household and Commercial Waste Collected, by Type of Treatment and Local Authority"
481,מגאר,Mughar,,22564.0,,2023,17656.441841672706,2.050476369237087,3.009546580435865,96.99045341956413,,True,https://www.cbs.gov.il/he/publications/Pages/2019/פסולת-שנאספה-ברשויות-המקומיות-2014-2017.aspx,"CBS - Household and Commercial Waste Collected, by Type of Treatment and Local Authority"
65,מגדל,Migdal,,2045.0,,2023,3183.557780513411,4.152380914542084,12.618202910349819,87.38179708965018,,True,https://www.cbs.gov.il/he/publications/Pages/2019/פסולת-שנאספה-ברשויות-המקומיות-2014-2017.aspx,"CBS - Household and Commercial Waste Collected, by Type of Treatment and Local Authority"
874,מגדל העמק,Migdal HaEmeq,,27045.0,,2023,21352.65259267234,2.1030455499196896,32.219428302005284,67.78057169799472,,True,https://www.cbs.gov.il/he/publications/Pages/2019/פסולת-שנאספה-ברשויות-המקומיות-2014-2017.aspx,"CBS - Household and Commercial Waste Collected, by Type of Treatment and Local Authority"
586,מגידו,Megiddo,,953.0,,2023,7629.878245537873,1.6731051716961944,53.21026253482069,46.78973746517931,,True,https://www.cbs.gov.il/he/publications/Pages/2019/פסולת-שנאספה-ברשויות-המקומיות-2014-2017.aspx,"CBS - Household and Commercial Waste Collected, by Type of Treatment and Local Authority"
,מגילות ים המלח,Megilot,,2243.0,,2023,2357.7844179309836,2.8780054964567676,3.892824858496889,96.1071751415031,,True,https://www.cbs.gov.il/he/publications/Pages/2019/פסולת-שנאספה-ברשויות-המקומיות-2014-2017.aspx,"CBS - Household and Commercial Waste Collected, by Type of Treatment and Local Authority"
3797,מודיעין עילית,Modi'in Illit,,83133.0,,2023,30719.037887358558,0.9852582811790869,28.062745711531846,71.93725428846815,,True,https://www.cbs.gov.il/he/publications/Pages/2019/פסולת-שנאספה-ברשויות-המקומיות-2014-2017.aspx,"CBS - Household and Commercial Waste Collected, by Type of Treatment and Local Authority"
1200,מודיעין-מכבים-רעות,Modi'in-Makkabbim-Re'ut,,92307.0,,2023,54194.05669214201,1.509402119080434,19.011414389349312,80.98858561065069,,True,https://www.cbs.gov.il/he/publications/Pages/2019/פסולת-שנאספה-ברשויות-המקומיות-2014-2017.aspx,"CBS - Household and Commercial Waste Collected, by Type of Treatment and Local Authority"
28,מזכרת בתיה,Mazkeret Batya,,15858.0,,2023,9120.598269874617,1.5564931148255832,20.648683498045433,79.35131650195457,,True,https://www.cbs.gov.il/he/publications/Pages/2019/פסולת-שנאספה-ברשויות-המקומיות-2014-2017.aspx,"CBS - Household and Commercial Waste Collected, by Type of Treatment and Local Authority"
517,מזרעה,Mazra'a,,3772.0,,2023,2426.89,1.6645421701414786,0.43924528923849043,99.56075471076151,,True,https://www.cbs.gov.il/he/publications/Pages/2019/פסולת-שנאספה-ברשויות-המקומיות-2014-2017.aspx,"CBS - Household and Commercial Waste Collected, by Type of Treatment and Local Authority"
,מטה אשר,Matte Asher,,30980.0,,2023,23856.540399650785,2.057201726597029,33.31522620843686,66.68477379156315,,True,https://www.cbs.gov.il/he/publications/Pages/2019/פסולת-שנאספה-ברשויות-המקומיות-2014-2017.aspx,"CBS - Household and Commercial Waste Collected, by Type of Treatment and Local Authority"
,מטה בנימין,Mate Binyamin,,76014.0,,2023,42584.29911744588,1.5101650700338698,4.219844296344645,95.78015570365535,,True,https://www.cbs.gov.il/he/publications/Pages/2019/פסולת-שנאספה-ברשויות-המקומיות-2014-2017.aspx,"CBS - Household and Commercial Waste Collected, by Type of Treatment and Local Authority"
,מטה יהודה,Matte Yehuda,,59780.0,,2023,43955.23917585386,2.1372089518618296,26.23786231651149,73.76213768348852,,True,https://www.cbs.gov.il/he/publications/Pages/2019/פסולת-שנאספה-ברשויות-המקומיות-2014-2017.aspx,"CBS - Household and Commercial Waste Collected, by Type of Treatment and Local Authority"
43,מטולה,Metula,,1873.0,,2023,1163.51036166725,1.638077914186107,11.802246562761768,88.19775343723823,,True,https://www.cbs.gov.il/he/publications/Pages/2019/פסולת-שנאספה-ברשויות-המקומיות-2014-2017.aspx,"CBS - Household and Commercial Waste Collected, by Type of Treatment and Local Authority"
1268,מיתר,Metar,,11207.0,,2023,,,,,,False,https://www.cbs.gov.il/he/publications/Pages/2019/פסולת-שנאספה-ברשויות-המקומיות-2014-2017.aspx,"CBS - Household and Commercial Waste Collected, by Type of Treatment and Local Authority"
,מנשה,Menashe,,21263.0,,2023,14262.240928953821,1.75873220128571,52.86855667713728,47.13144332286272,,True,https://www.cbs.gov.il/he/publications/Pages/2019/פסולת-שנאספה-ברשויות-המקומיות-2014-2017.aspx,"CBS - Household and Commercial Waste Collected, by Type of Treatment and Local Authority"
4203,מסעדה,Mas'ade,,4091.0,,2023,3066.53,2.092516078404613,2.4063028895852967,97.5936971104147,,True,https://www.cbs.gov.il/he/publications/Pages/2019/פסולת-שנאספה-ברשויות-המקומיות-2014-2017.aspx,"CBS - Household and Commercial Waste Collected, by Type of Treatment and Local Authority"
518,מעיליא,Mi'elya,,3269.0,,2023,2284.435,1.9101864878367956,2.4021256897219665,97.59787431027803,,True,https://www.cbs.gov.il/he/publications/Pages/2019/פסולת-שנאספה-ברשויות-המקומיות-2014-2017.aspx,"CBS - Household and Commercial Waste Collected, by Type of Treatment and Local Authority"
3616,מעלה אדומים,Ma'ale Adummim,,36664.0,,2023,26869.152722142248,1.9702410686231049,25.248554698755537,74.75144530124447,,True,https://www.cbs.gov.il/he/publications/Pages/2019/פסולת-שנאספה-ברשויות-המקומיות-2014-2017.aspx,"CBS - Household and Commercial Waste Collected, by Type of Treatment and Local Authority"
3608,מעלה אפרים,Ma'ale Efrayim,,1635.0,,2023,624.8628573954795,1.1145527564845168,0.29812259977239847,99.7018774002276,,True,https://www.cbs.gov.il/he/publications/Pages/2019/פסולת-שנאספה-ברשויות-המקומיות-2014-2017.aspx,"CBS - Household and Commercial Waste Collected, by Type of Treatment and Local Authority"
,מעלה יוסף,Ma'ale Yosef,,11929.0,,2023,10051.762574462711,2.339271653979459,6.233061812009623,93.76693818799039,,True,https://www.cbs.gov.il/he/publications/Pages/2019/פסולת-שנאספה-ברשויות-המקומיות-2014-2017.aspx,"CBS - Household and Commercial Waste Collected, by Type of Treatment and Local Authority"
1327,מעלה עירון,Ma'ale Iron,,14865.0,,2023,7891.34,1.388663985422384,27.42372651539536,72.57627348460464,,True,https://www.cbs.gov.il/he/publications/Pages/2019/פסולת-שנאספה-ברשויות-המקומיות-2014-2017.aspx,"CBS - Household and Commercial Waste Collected, by Type of Treatment and Local Authority"
1063,מעלות-תרשיחא,Ma'alot-Tarshiha,,22720.0,,2023,15131.662157077664,1.816121638828048,2.9548780063697584,97.04512199363025,,True,https://www.cbs.gov.il/he/publications/Pages/2019/פסולת-שנאספה-ברשויות-המקומיות-2014-2017.aspx,"CBS - Household and Commercial Waste Collected, by Type of Treatment and Local Authority"
99,מצפה רמון,Mizpe Ramon,,5385.0,,2023,4047.6866542188495,2.037209971031858,5.040821378951965,94.95917862104804,,True,https://www.cbs.gov.il/he/publications/Pages/2019/פסולת-שנאספה-ברשויות-המקומיות-2014-2017.aspx,"CBS - Household and Commercial Waste Collected, by Type of Treatment and Local Authority"
,מרום הגליל,Merom HaGalil,,15541.0,,2023,15232.072369333584,2.6052192852927476,14.55929512124955,85.44070487875045,,True,https://www.cbs.gov.il/he/publications/Pages/2019/פסולת-שנאספה-ברשויות-המקומיות-2014-2017.aspx,"CBS - Household and Commercial Waste Collected, by Type of Treatment and Local Authority"
,מרחבים,Merhavim,,14544.0,,2023,11247.686331304929,2.0649029376404004,41.94094494060835,58.05905505939165,,True,https://www.cbs.gov.il/he/publications/Pages/2019/פסולת-שנאספה-ברשויות-המקומיות-2014-2017.aspx,"CBS - Household and Commercial Waste Collected, by Type of Treatment and Local Authority"
,משגב,Misgav,,29181.0,,2023,17805.813453587023,1.598239051134314,48.1870905586655,51.8129094413345,,True,https://www.cbs.gov.il/he/publications/Pages/2019/פסולת-שנאספה-ברשויות-המקומיות-2014-2017.aspx,"CBS - Household and Commercial Waste Collected, by Type of Treatment and Local Authority"
520,משהד,Meshhed,,8499.0,,2023,4451.0,1.396372443369427,25.297685913277917,74.70231408672208,,True,https://www.cbs.gov.il/he/publications/Pages/2019/פסולת-שנאספה-ברשויות-המקומיות-2014-2017.aspx,"CBS - Household and Commercial Waste Collected, by Type of Treatment and Local Authority"
9100,נהרייה,Nahariyya,,63318.0,,2023,40958.36821241653,1.6968548401094519,9.369875754115382,90.63012424588462,,True,https://www.cbs.gov.il/he/publications/Pages/2019/פסולת-שנאספה-ברשויות-המקומיות-2014-2017.aspx,"CBS - Household and Commercial Waste Collected, by Type of Treatment and Local Authority"
,נווה מדבר,Neve Midbar,,13096.0,,2023,1810.0,0.3576175754219912,0.0,100.0,,True,https://www.cbs.gov.il/he/publications/Pages/2019/פסולת-שנאספה-ברשויות-המקומיות-2014-2017.aspx,"CBS - Household and Commercial Waste Collected, by Type of Treatment and Local Authority"
1061,נוף הגליל,Nazerat Illit,,43479.0,,2023,25190.148232413296,1.5375590056106714,28.353815811305488,71.64618418869452,,True,https://www.cbs.gov.il/he/publications/Pages/2019/פסולת-שנאספה-ברשויות-המקומיות-2014-2017.aspx,"CBS - Household and Commercial Waste Collected, by Type of Treatment and Local Authority"
,נחל שורק,Nahal Soreq,,10204.0,,2023,6592.90829309828,1.7594742301621473,41.54468970796361,58.45531029203639,,True,https://www.cbs.gov.il/he/publications/Pages/2019/פסולת-שנאספה-ברשויות-המקומיות-2014-2017.aspx,"CBS - Household and Commercial Waste Collected, by Type of Treatment and Local Authority"
522,נחף,Nahef,,13446.0,,2023,11697.818539448475,2.3278603897800756,0.028112416322641463,99.97188758367737,,True,https://www.cbs.gov.il/he/publications/Pages/2019/פסולת-שנאספה-ברשויות-המקומיות-2014-2017.aspx,"CBS - Household and Commercial Waste Collected, by Type of Treatment and Local Authority"
7200,נס ציונה,Nes Ziyyona,,47620.0,,2023,25743.396852243743,1.4412230782060564,17.278129524915688,82.7218704750843,,True,https://www.cbs.gov.il/he/publications/Pages/2019/פסולת-שנאספה-ברשויות-המקומיות-2014-2017.aspx,"CBS - Household and Commercial Waste Collected, by Type of Treatment and Local Authority"
7300,נצרת,Nazareth,,77295.0,,2023,,,,,,False,https://www.cbs.gov.il/he/publications/Pages/2019/פסולת-שנאספה-ברשויות-המקומיות-2014-2017.aspx,"CBS - Household and Commercial Waste Collected, by Type of Treatment and Local Authority"
2500,נשר,Nesher,,22911.0,,2023,13122.003273830294,1.5455351833930149,13.208511213275814,86.79148878672419,,True,https://www.cbs.gov.il/he/publications/Pages/2019/פסולת-שנאספה-ברשויות-המקומיות-2014-2017.aspx,"CBS - Household and Commercial Waste Collected, by Type of Treatment and Local Authority"
246,נתיבות,Netivot,,45024.0,,2023,30464.256326236522,1.6818715370584043,33.635756660213204,66.3642433397868,,True,https://www.cbs.gov.il/he/publications/Pages/2019/פסולת-שנאספה-ברשויות-המקומיות-2014-2017.aspx,"CBS - Household and Commercial Waste Collected, by Type of Treatment and Local Authority"
7400,נתניה,Netanya,,223920.0,,2023,145090.21645438432,1.7038868997802306,15.732162705512733,84.26783729448726,,True,https://www.cbs.gov.il/he/publications/Pages/2019/פסולת-שנאספה-ברשויות-המקומיות-2014-2017.aspx,"CBS - Household and Commercial Waste Collected, by Type of Treatment and Local Authority"
525,סאג'ור,Sajur,,4155.0,,2023,2550.0,1.5972339665896236,0.0,100.0,,True,https://www.cbs.gov.il/he/publications/Pages/2019/פסולת-שנאספה-ברשויות-המקומיות-2014-2017.aspx,"CBS - Household and Commercial Waste Collected, by Type of Treatment and Local Authority"
587,סביון,Savyon,,4494.0,,2023,6900.797085306131,4.448016323820811,29.67044328351382,70.32955671648618,,True,https://www.cbs.gov.il/he/publications/Pages/2019/פסולת-שנאספה-ברשויות-המקומיות-2014-2017.aspx,"CBS - Household and Commercial Waste Collected, by Type of Treatment and Local Authority"
7500,סח'נין,Sakhnin,,32355.0,,2023,26256.830672852037,2.1671217337623836,11.899398959381955,88.10060104061806,,True,https://www.cbs.gov.il/he/publications/Pages/2019/פסולת-שנאספה-ברשויות-המקומיות-2014-2017.aspx,"CBS - Household and Commercial Waste Collected, by Type of Treatment and Local Authority"
4501,ע'ג'ר,Ghajar,,2629.0,,2023,1773.8000000000002,1.7655680390180784,5.721614612695905,94.2783853873041,,True,https://www.cbs.gov.il/he/publications/Pages/2019/פסולת-שנאספה-ברשויות-המקומיות-2014-2017.aspx,"CBS - Household and Commercial Waste Collected, by Type of Treatment and Local Authority"
666,עומר,Omer,,8250.0,,2023,6019.116933363914,2.0698796691709167,43.142310776020146,56.857689223979854,,True,https://www.cbs.gov.il/he/publications/Pages/2019/פסולת-שנאספה-ברשויות-המקומיות-2014-2017.aspx,"CBS - Household and Commercial Waste Collected, by Type of Treatment and Local Authority"
530,עיילבון,Eilabun,,5777.0,,2023,2514.230791892767,1.184269498741896,0.8810166498713128,99.11898335012867,,True,https://www.cbs.gov.il/he/publications/Pages/2019/פסולת-שנאספה-ברשויות-המקומיות-2014-2017.aspx,"CBS - Household and Commercial Waste Collected, by Type of Treatment and Local Authority"
511,עילוט,Ilut,,8561.0,,2023,5054.575276314662,1.5597399833257846,21.697674213179283,78.30232578682073,,True,https://www.cbs.gov.il/he/publications/Pages/2019/פסולת-שנאספה-ברשויות-המקומיות-2014-2017.aspx,"CBS - Household and Commercial Waste Collected, by Type of Treatment and Local Authority"
532,עין מאהל,Ein Mahel,,13485.0,,2023,6338.897,1.250988013390269,24.885749050662913,75.11425094933708,,True,https://www.cbs.gov.il/he/publications/Pages/2019/פסולת-שנאספה-ברשויות-המקומיות-2014-2017.aspx,"CBS - Household and Commercial Waste Collected, by Type of Treatment and Local Authority"
4502,עין קנייא,Ein Qiniyye,,2361.0,,2023,1351.563327397576,1.600221791593251,8.59769757302639,91.40230242697362,,True,https://www.cbs.gov.il/he/publications/Pages/2019/פסולת-שנאספה-ברשויות-המקומיות-2014-2017.aspx,"CBS - Household and Commercial Waste Collected, by Type of Treatment and Local Authority"
7600,עכו,Akko,,50555.0,,2023,33800.77560768382,1.7665772871030574,10.804687294967295,89.1953127050327,,True,https://www.cbs.gov.il/he/publications/Pages/2019/פסולת-שנאספה-ברשויות-המקומיות-2014-2017.aspx,"CBS - Household and Commercial Waste Collected, by Type of Treatment and Local Authority"
3660,עמנואל,Immanu'el,,4860.0,,2023,2040.2902845687086,1.1062411233086589,38.13468928678354,61.865310713216445,,True,https://www.cbs.gov.il/he/publications/Pages/2019/פסולת-שנאספה-ברשויות-המקומיות-2014-2017.aspx,"CBS - Household and Commercial Waste Collected, by Type of Treatment and Local Authority"
,עמק הירדן,Emeq HaYarden,,15138.0,,2023,15222.635222388479,2.768577398058417,27.78142654412844,72.21857345587156,,True,https://www.cbs.gov.il/he/publications/Pages/2019/פסולת-שנאספה-ברשויות-המקומיות-2014-2017.aspx,"CBS - Household and Commercial Waste Collected, by Type of Treatment and Local Authority"
,עמק המעיינות,Emeq HaMa'ayanot,,15012.0,,2023,11041.002712666279,1.9643692772553774,17.39998406541781,82.60001593458219,,True,https://www.cbs.gov.il/he/publications/Pages/2019/פסולת-שנאספה-ברשויות-המקומיות-2014-2017.aspx,"CBS - Household and Commercial Waste Collected, by Type of Treatment and Local Authority"
,עמק חפר,Emeq Hefer,,41826.0,,2023,32739.180773917367,2.0978420984403634,41.923510147364844,58.07648985263516,,True,https://www.cbs.gov.il/he/publications/Pages/2019/פסולת-שנאספה-ברשויות-המקומיות-2014-2017.aspx,"CBS - Household and Commercial Waste Collected, by Type of Treatment and Local Authority"
,עמק יזרעאל,Emeq Yizre'el,,40514.0,,2023,26784.250479257928,1.7899238520465028,54.930775362378384,45.069224637621616,,True,https://www.cbs.gov.il/he/publications/Pages/2019/פסולת-שנאספה-ברשויות-המקומיות-2014-2017.aspx,"CBS - Household and Commercial Waste Collected, by Type of Treatment and Local Authority"
534,עספיא,Isifya,,13060.0,,2023,8670.202431110169,1.82407212619048,0.45561140497050506,99.5443885950295,,True,https://www.cbs.gov.il/he/publications/Pages/2019/פסולת-שנאספה-ברשויות-המקומיות-2014-2017.aspx,"CBS - Household and Commercial Waste Collected, by Type of Treatment and Local Authority"
7700,עפולה,Afula,,60828.0,,2023,43580.1699469132,1.893729097716918,36.826772283043766,63.173227716956234,,True,https://www.cbs.gov.il/he/publications/Pages/2019/פסולת-שנאספה-ברשויות-המקומיות-2014-2017.aspx,"CBS - Household and Commercial Waste Collected, by Type of Treatment and Local Authority"
531,עראבה,Arrabe,,26119.0,,2023,,,,,,False,https://www.cbs.gov.il/he/publications/Pages/2019/פסולת-שנאספה-ברשויות-המקומיות-2014-2017.aspx,"CBS - Household and Commercial Waste Collected, by Type of Treatment and Local Authority"
,ערבות הירדן,Arvot Hayarden,,6294.0,,2023,3688.3804557310086,1.4600710783860154,14.08342935241092,85.91657064758908,,True,https://www.cbs.gov.il/he/publications/Pages/2019/פסולת-שנאספה-ברשויות-המקומיות-2014-2017.aspx,"CBS - Household and Commercial Waste Collected, by Type of Treatment and Local Authority"
2560,ערד,Arad,,27586.0,,2023,14280.133709113748,1.3609884332900324,17.207497907008406,82.79250209299158,,True,https://www.cbs.gov.il/he/publications/Pages/2019/פסולת-שנאספה-ברשויות-המקומיות-2014-2017.aspx,"CBS - Household and Commercial Waste Collected, by Type of Treatment and Local Authority"
637,ערערה,Ar'ara,,19919.0,,2023,13437.27,1.5803579461757624,2.741256222432086,97.25874377756791,,True,https://www.cbs.gov.il/he/publications/Pages/2019/פסולת-שנאספה-ברשויות-המקומיות-2014-2017.aspx,"CBS - Household and Commercial Waste Collected, by Type of Treatment and Local Authority"
1192,ערערה-בנגב,Ar'ara-BaNegev,,19543.0,,2023,6010.509,0.801574607306714,1.0423410063939675,98.95765899360603,,True,https://www.cbs.gov.il/he/publications/Pages/2019/פסולת-שנאספה-ברשויות-המקומיות-2014-2017.aspx,"CBS - Household and Commercial Waste Collected, by Type of Treatment and Local Authority"
537,פוריידיס,Fureidis,,13108.0,,2023,,,,,,False,https://www.cbs.gov.il/he/publications/Pages/2019/פסולת-שנאספה-ברשויות-המקומיות-2014-2017.aspx,"CBS - Household and Commercial Waste Collected, by Type of Treatment and Local Authority"
535,פסוטה,Fassuta,,3358.0,,2023,1588.494,1.3104602096249274,2.4157472423565975,97.5842527576434,,True,https://www.cbs.gov.il/he/publications/Pages/2019/פסולת-שנאספה-ברשויות-המקומיות-2014-2017.aspx,"CBS - Household and Commercial Waste Collected, by Type of Treatment and Local Authority"
536,פקיעין (בוקייעה),Peqi'in (Buqei'a),,5919.0,,2023,3935.3956311992033,1.773485621992257,4.368700057402207,95.63129994259779,,True,https://www.cbs.gov.il/he/publications/Pages/2019/פסולת-שנאספה-ברשויות-המקומיות-2014-2017.aspx,"CBS - Household and Commercial Waste Collected, by Type of Treatment and Local Authority"
7800,פרדס חנה-כרכור,Pardes Hanna-Karkur,,44161.0,,2023,31425.603362112157,1.9016155017634404,45.32019703170759,54.679802968292414,,True,https://www.cbs.gov.il/he/publications/Pages/2019/פסולת-שנאספה-ברשויות-המקומיות-2014-2017.aspx,"CBS - Household and Commercial Waste Collected, by Type of Treatment and Local Authority"
171,פרדסייה,Pardesiyya,,7743.0,,2023,4353.115185930056,1.5517979279358323,22.168886985789086,77.8311130142109,,True,https://www.cbs.gov.il/he/publications/Pages/2019/פסולת-שנאספה-ברשויות-המקומיות-2014-2017.aspx,"CBS - Household and Commercial Waste Collected, by Type of Treatment and Local Authority"
7900,פתח תקווה,Petah Tiqwa,,264046.0,,2023,164380.8905705143,1.7235868916622965,10.435498013776614,89.56450198622339,,True,https://www.cbs.gov.il/he/publications/Pages/2019/פסולת-שנאספה-ברשויות-המקומיות-2014-2017.aspx,"CBS - Household and Commercial Waste Collected, by Type of Treatment and Local Authority"
8000,צפת,Zefat,,37801.0,,2023,25316.213756793484,1.7966917869816517,1.9249116849580878,98.07508831504191,,True,https://www.cbs.gov.il/he/publications/Pages/2019/פסולת-שנאספה-ברשויות-המקומיות-2014-2017.aspx,"CBS - Household and Commercial Waste Collected, by Type of Treatment and Local Authority"
3557,קדומים,Qedumim,,4470.0,,2023,1966.382750071262,1.1857268625938677,34.52604341889483,65.47395658110517,,True,https://www.cbs.gov.il/he/publications/Pages/2019/פסולת-שנאספה-ברשויות-המקומיות-2014-2017.aspx,"CBS - Household and Commercial Waste Collected, by Type of Treatment and Local Authority"
195,קדימה-צורן,Qadima- Zoran,,22153.0,,2023,13418.0961859172,1.6091531093071836,15.927931625354564,84.07206837464543,,True,https://www.cbs.gov.il/he/publications/Pages/2019/פסולת-שנאספה-ברשויות-המקומיות-2014-2017.aspx,"CBS - Household and Commercial Waste Collected, by Type of Treatment and Local Authority"
638,קלנסווה,Qalansawe,,23951.0,,2023,,,,,,False,https://www.cbs.gov.il/he/publications/Pages/2019/פסולת-שנאספה-ברשויות-המקומיות-2014-2017.aspx,"CBS - Household and Commercial Waste Collected, by Type of Treatment and Local Authority"
4100,קצרין,Qazrin,,7633.0,,2023,5415.115814548153,1.8639278520620757,16.22986182838433,83.77013817161567,,True,https://www.cbs.gov.il/he/publications/Pages/2019/פסולת-שנאספה-ברשויות-המקומיות-2014-2017.aspx,"CBS - Household and Commercial Waste Collected, by Type of Treatment and Local Authority"
2620,קריית אונו,Qiryat Ono,,41537.0,,2023,22121.74853190483,1.4005044476527548,33.14910754603626,66.85089245396374,,True,https://www.cbs.gov.il/he/publications/Pages/2019/פסולת-שנאספה-ברשויות-המקומיות-2014-2017.aspx,"CBS - Household and Commercial Waste Collected, by Type of Treatment and Local Authority"
3611,קריית ארבע,Qiryat Arba,,7442.0,,2023,3457.6766666666667,1.2577954933268096,2.1004470246398594,97.89955297536015,,True,https://www.cbs.gov.il/he/publications/Pages/2019/פסולת-שנאספה-ברשויות-המקומיות-2014-2017.aspx,"CBS - Household and Commercial Waste Collected, by Type of Treatment and Local Authority"
6800,קריית אתא,Qiryat Atta,,60465.0,,2023,41937.7118608622,1.8640596496457724,53.50544145877222,46.49455854122778,,True,https://www.cbs.gov.il/he/publications/Pages/2019/פסולת-שנאספה-ברשויות-המקומיות-2014-2017.aspx,"CBS - Household and Commercial Waste Collected, by Type of Treatment and Local Authority"
9500,קריית ביאליק,Qiryat Bialik,,44806.0,,2023,25907.260041315676,1.5593566201006541,13.364053303183079,86.63594669681693,,True,https://www.cbs.gov.il/he/publications/Pages/2019/פסולת-שנאספה-ברשויות-המקומיות-2014-2017.aspx,"CBS - Household and Commercial Waste Collected, by Type of Treatment and Local Authority"
2630,קריית גת,Qiryat Gat,,63386.0,,2023,40562.489579882444,1.6561864148738314,28.176795108628937,71.82320489137106,,True,https://www.cbs.gov.il/he/publications/Pages/2019/פסולת-שנאספה-ברשויות-המקומיות-2014-2017.aspx,"CBS - Household and Commercial Waste Collected, by Type of Treatment and Local Authority"
2300,קריית טבעון,Qiryat Tiv'on,,17944.0,,2023,10000.616377126877,1.4467327918488686,34.31277667019886,65.68722332980114,,True,https://www.cbs.gov.il/he/publications/Pages/2019/פסולת-שנאספה-ברשויות-המקומיות-2014-2017.aspx,"CBS - Household and Commercial Waste Collected, by Type of Treatment and Local Authority"
9600,קריית ים,Qiryat Yam,,38906.0,,2023,23561.93725305246,1.549116957790524,9.83763443624386,90.16236556375614,,True,https://www.cbs.gov.il/he/publications/Pages/2019/פסולת-שנאספה-ברשויות-המקומיות-2014-2017.aspx,"CBS - Household and Commercial Waste Collected, by Type of Treatment and Local Authority"
1137,קריית יערים,Qiryat Ye'arim,,7161.0,,2023,3229.71928730507,1.2707950585403747,32.97573357199544,67.02426642800457,,True,https://www.cbs.gov.il/he/publications/Pages/2019/פסולת-שנאספה-ברשויות-המקומיות-2014-2017.aspx,"CBS - Household and Commercial Waste Collected, by Type of Treatment and Local Authority"
8200,קריית מוצקין,Qiryat Motzkin,,49057.0,,2023,25601.88310445492,1.41200683418702,16.568129333099023,83.43187066690098,,True,https://www.cbs.gov.il/he/publications/Pages/2019/פסולת-שנאספה-ברשויות-המקומיות-2014-2017.aspx,"CBS - Household and Commercial Waste Collected, by Type of Treatment and Local Authority"
1034,קריית מלאכי,Qiryat Mal'akhi,,26362.0,,2023,19512.95402014008,2.013564896436301,29.695114405330237,70.30488559466977,,True,https://www.cbs.gov.il/he/publications/Pages/2019/פסולת-שנאספה-ברשויות-המקומיות-2014-2017.aspx,"CBS - Household and Commercial Waste Collected, by Type of Treatment and Local Authority"
469,קריית עקרון,Qiryat Eqron,,11425.0,,2023,7471.594984281221,1.8374510340295394,18.61097914443488,81.38902085556512,,True,https://www.cbs.gov.il/he/publications/Pages/2019/פסולת-שנאספה-ברשויות-המקומיות-2014-2017.aspx,"CBS - Household and Commercial Waste Collected, by Type of Treatment and Local Authority"
2800,קריית שמונה,Qiryat Shemona,,23083.0,,2023,14888.454967887812,1.745188361924198,11.181851787029279,88.81814821297073,,True,https://www.cbs.gov.il/he/publications/Pages/2019/פסולת-שנאספה-ברשויות-המקומיות-2014-2017.aspx,"CBS - Household and Commercial Waste Collected, by Type of Treatment and Local Authority"
3640,קרני שומרון,Qarne Shomeron,,10102.0,,2023,5297.561948244236,1.4317715646990306,37.15020546190132,62.84979453809868,,True,https://www.cbs.gov.il/he/publications/Pages/2019/פסולת-שנאספה-ברשויות-המקומיות-2014-2017.aspx,"CBS - Household and Commercial Waste Collected, by Type of Treatment and Local Authority"
543,ראמה,Rame,,8472.0,,2023,5728.510926065953,1.9362840641999226,2.243356567257312,97.75664343274269,,True,https://www.cbs.gov.il/he/publications/Pages/2019/פסולת-שנאספה-ברשויות-המקומיות-2014-2017.aspx,"CBS - Household and Commercial Waste Collected, by Type of Treatment and Local Authority"
2640,ראש העין,Rosh HaAyin,,74572.0,,2023,42021.09212047924,1.5270560117538554,18.181326888350547,81.81867311164945,,True,https://www.cbs.gov.il/he/publications/Pages/2019/פסולת-שנאספה-ברשויות-המקומיות-2014-2017.aspx,"CBS - Household and Commercial Waste Collected, by Type of Treatment and Local Authority"
26,ראש פינה,Rosh Pinna,,3352.0,,2023,4392.010152092935,3.6005100318019188,26.124260016707186,73.8757399832928,,True,https://www.cbs.gov.il/he/publications/Pages/2019/פסולת-שנאספה-ברשויות-המקומיות-2014-2017.aspx,"CBS - Household and Commercial Waste Collected, by Type of Treatment and Local Authority"
8300,ראשון לציון,Rishon LeZiyyon,,252413.0,,2023,181848.85025272932,1.9194120519544835,23.17836499606722,76.82163500393277,,True,https://www.cbs.gov.il/he/publications/Pages/2019/פסולת-שנאספה-ברשויות-המקומיות-2014-2017.aspx,"CBS - Household and Commercial Waste Collected, by Type of Treatment and Local Authority"
1161,רהט,Rahat,,71355.0,,2023,48873.26758501311,1.730558437276474,26.67395455467912,73.32604544532087,,True,https://www.cbs.gov.il/he/publications/Pages/2019/פסולת-שנאספה-ברשויות-המקומיות-2014-2017.aspx,"CBS - Household and Commercial Waste Collected, by Type of Treatment and Local Authority"
8400,רחובות,Rehovot,,150471.0,,2023,91573.63594803502,1.649680263477814,15.511212152912016,84.48878784708798,,True,https://www.cbs.gov.il/he/publications/Pages/2019/פסולת-שנאספה-ברשויות-המקומיות-2014-2017.aspx,"CBS - Household and Commercial Waste Collected, by Type of Treatment and Local Authority"
542,ריינה,Reine,,17046.0,,2023,9659.4573190126,1.4339889800830008,10.079192721275147,89.92080727872485,,True,https://www.cbs.gov.il/he/publications/Pages/2019/פסולת-שנאספה-ברשויות-המקומיות-2014-2017.aspx,"CBS - Household and Commercial Waste Collected, by Type of Treatment and Local Authority"
922,רכסים,Rekhasim,,13910.0,,2023,6222.007752117508,1.182067580690927,26.416943044761194,73.58305695523882,,True,https://www.cbs.gov.il/he/publications/Pages/2019/פסולת-שנאספה-ברשויות-המקומיות-2014-2017.aspx,"CBS - Household and Commercial Waste Collected, by Type of Treatment and Local Authority"
8500,רמלה,Ramla,,81126.0,,2023,52044.13407270969,1.7447770330187136,21.02340805098925,78.97659194901075,,True,https://www.cbs.gov.il/he/publications/Pages/2019/פסולת-שנאספה-ברשויות-המקומיות-2014-2017.aspx,"CBS - Household and Commercial Waste Collected, by Type of Treatment and Local Authority"
8600,רמת גן,Ramat Gan,,165155.0,,2023,103146.0212196532,1.660937104490149,36.67773198841028,63.32226801158972,,True,https://www.cbs.gov.il/he/publications/Pages/2019/פסולת-שנאספה-ברשויות-המקומיות-2014-2017.aspx,"CBS - Household and Commercial Waste Collected, by Type of Treatment and Local Authority"
2650,רמת השרון,Ramat HaSharon,,48986.0,,2023,38202.65745496344,2.1539737391334968,32.473545772537946,67.52645422746205,,True,https://www.cbs.gov.il/he/publications/Pages/2019/פסולת-שנאספה-ברשויות-המקומיות-2014-2017.aspx,"CBS - Household and Commercial Waste Collected, by Type of Treatment and Local Authority"
122,רמת ישי,Ramat Yishay,,7880.0,,2023,5651.959549751417,1.920121605090267,31.74324823025892,68.25675176974107,,True,https://www.cbs.gov.il/he/publications/Pages/2019/פסולת-שנאספה-ברשויות-המקומיות-2014-2017.aspx,"CBS - Household and Commercial Waste Collected, by Type of Treatment and Local Authority"
,רמת נגב,Ramat Negev,,8097.0,,2023,12592.489750918687,4.046680185364514,8.812075871157505,91.1879241288425,,True,https://www.cbs.gov.il/he/publications/Pages/2019/פסולת-שנאספה-ברשויות-המקומיות-2014-2017.aspx,"CBS - Household and Commercial Waste Collected, by Type of Treatment and Local Authority"
8700,רעננה,Ra'annana,,80155.0,,2023,52666.290339000785,1.766034581238519,11.349157688014582,88.65084231198543,,True,https://www.cbs.gov.il/he/publications/Pages/2019/פסולת-שנאספה-ברשויות-המקומיות-2014-2017.aspx,"CBS - Household and Commercial Waste Collected, by Type of Treatment and Local Authority"
913,שבלי-אום אל-גנם,Shibli-Umm Al-Ghanam,,6278.0,,2023,3240.938136268215,1.390429465254995,4.682845826948398,95.3171541730516,,True,https://www.cbs.gov.il/he/publications/Pages/2019/פסולת-שנאספה-ברשויות-המקומיות-2014-2017.aspx,"CBS - Household and Commercial Waste Collected, by Type of Treatment and Local Authority"
1286,שגב-שלום,Segev-Shalom,,14654.0,,2023,7483.102816019514,1.4672858508311606,7.4350550794044095,92.5649449205956,,True,https://www.cbs.gov.il/he/publications/Pages/2019/פסולת-שנאספה-ברשויות-המקומיות-2014-2017.aspx,"CBS - Household and Commercial Waste Collected, by Type of Treatment and Local Authority"
,שדות דן,Sedot Dan,,,,2023,,,,,,False,https://www.cbs.gov.il/he/publications/Pages/2019/פסולת-שנאספה-ברשויות-המקומיות-2014-2017.aspx,"CBS - Household and Commercial Waste Collected, by Type of Treatment and Local Authority"
,שדות נגב,Sedot Negev,,11590.0,,2023,9803.165641262814,2.310861523618351,40.77942276560214,59.220577234397865,,True,https://www.cbs.gov.il/he/publications/Pages/2019/פסולת-שנאספה-ברשויות-המקומיות-2014-2017.aspx,"CBS - Household and Commercial Waste Collected, by Type of Treatment and Local Authority"
1031,שדרות,Sederot,,31108.0,,2023,23093.59847406025,1.8478696477940544,25.747855972897337,74.25214402710264,,True,https://www.cbs.gov.il/he/publications/Pages/2019/פסולת-שנאספה-ברשויות-המקומיות-2014-2017.aspx,"CBS - Household and Commercial Waste Collected, by Type of Treatment and Local Authority"
1304,שוהם,Shoham,,21171.0,,2023,12899.147416515001,1.5306046129438382,40.55033443387207,59.44966556612794,,True,https://www.cbs.gov.il/he/publications/Pages/2019/פסולת-שנאספה-ברשויות-המקומיות-2014-2017.aspx,"CBS - Household and Commercial Waste Collected, by Type of Treatment and Local Authority"
,שומרון,Shomron,,51691.0,,2023,18881.7807664877,1.1458834025817994,34.732183619710554,65.26781638028946,,True,https://www.cbs.gov.il/he/publications/Pages/2019/פסולת-שנאספה-ברשויות-המקומיות-2014-2017.aspx,"CBS - Household and Commercial Waste Collected, by Type of Treatment and Local Authority"
812,שלומי,Shelomi,,7497.0,,2023,5121.391319348246,1.8016447218932694,12.351161625914273,87.64883837408571,,True,https://www.cbs.gov.il/he/publications/Pages/2019/פסולת-שנאספה-ברשויות-המקומיות-2014-2017.aspx,"CBS - Household and Commercial Waste Collected, by Type of Treatment and Local Authority"
538,שעב,Sha'ab,,7445.0,,2023,3950.999160252237,1.432495895397045,7.7491035010164495,92.25089649898355,,True,https://www.cbs.gov.il/he/publications/Pages/2019/פסולת-שנאספה-ברשויות-המקומיות-2014-2017.aspx,"CBS - Household and Commercial Waste Collected, by Type of Treatment and Local Authority"
,שער הנגב,Sha'ar HaNegev,,8917.0,,2023,4349.669717853853,1.2349762512654439,43.677415553087904,56.322584446912096,,True,https://www.cbs.gov.il/he/publications/Pages/2019/פסולת-שנאספה-ברשויות-המקומיות-2014-2017.aspx,"CBS - Household and Commercial Waste Collected, by Type of Treatment and Local Authority"
,שער שומרון,Sha'ar Shomron,,,,2023,4214.9400000000005,1.3078635055119556,37.57164752048664,62.42835247951335,,True,https://www.cbs.gov.il/he/publications/Pages/2019/פסולת-שנאספה-ברשויות-המקומיות-2014-2017.aspx,"CBS - Household and Commercial Waste Collected, by Type of Treatment and Local Authority"
692,שפיר,Shafir,,1030.0,,2023,13884.729386174804,2.766068313591761,32.46972915917112,67.53027084082888,,True,https://www.cbs.gov.il/he/publications/Pages/2019/פסולת-שנאספה-ברשויות-המקומיות-2014-2017.aspx,"CBS - Household and Commercial Waste Collected, by Type of Treatment and Local Authority"
8800,שפרעם,Shefar'am,,42713.0,,2023,45738.54350448889,2.882304676016425,28.32892214684806,71.67107785315193,,True,https://www.cbs.gov.il/he/publications/Pages/2019/פסולת-שנאספה-ברשויות-המקומיות-2014-2017.aspx,"CBS - Household and Commercial Waste Collected, by Type of Treatment and Local Authority"
5000,תל אביב-יפו,Tel Aviv - Yafo,,492872.0,,2023,426719.5708399778,2.4111011273512544,36.356610158420985,63.64338984157902,,True,https://www.cbs.gov.il/he/publications/Pages/2019/פסולת-שנאספה-ברשויות-המקומיות-2014-2017.aspx,"CBS - Household and Commercial Waste Collected, by Type of Treatment and Local Authority"
154,תל מונד,Tel Mond,,14115.0,,2023,7251.7428890200335,1.367034006745876,19.55483122777489,80.44516877222512,,True,https://www.cbs.gov.il/he/publications/Pages/2019/פסולת-שנאספה-ברשויות-המקומיות-2014-2017.aspx,"CBS - Household and Commercial Waste Collected, by Type of Treatment and Local Authority"
1054,תל שבע,Tel Sheva,,22760.0,,2023,10864.535588196439,1.2654472802723233,27.297442804812643,72.70255719518735,,True,https://www.cbs.gov.il/he/publications/Pages/2019/פסולת-שנאספה-ברשויות-המקומיות-2014-2017.aspx,"CBS - Household and Commercial Waste Collected, by Type of Treatment and Local Authority"
,תמר,Tamar,,1524.0,,2023,11117.45524363857,17.030350287626913,1.8251051089652157,98.1748948910348,,True,https://www.cbs.gov.il/he/publications/Pages/2019/פסולת-שנאספה-ברשויות-המקומיות-2014-2017.aspx,"CBS - Household and Commercial Waste Collected, by Type of Treatment and Local Authority"
472,אבו גוש,Abu Ghosh,,8657.0,,2024,5642.904023836498,1.749859765049189,9.463985592890035,90.53601440710996,,True,https://www.cbs.gov.il/he/publications/Pages/2019/פסולת-שנאספה-ברשויות-המקומיות-2014-2017.aspx,"CBS - Household and Commercial Waste Collected, by Type of Treatment and Local Authority"
473,אבו סנאן,Abu Snan,,13895.0,,2024,,,,,,False,https://www.cbs.gov.il/he/publications/Pages/2019/פסולת-שנאספה-ברשויות-המקומיות-2014-2017.aspx,"CBS - Household and Commercial Waste Collected, by Type of Treatment and Local Authority"
182,אבן יהודה,Even Yehuda,,14989.0,,2024,11148.928765225413,2.0125855120040894,16.53690506101406,83.46309493898593,,True,https://www.cbs.gov.il/he/publications/Pages/2019/פסולת-שנאספה-ברשויות-המקומיות-2014-2017.aspx,"CBS - Household and Commercial Waste Collected, by Type of Treatment and Local Authority"
2710,אום אל-פחם,Umm Al-Fahm,,57560.0,,2024,29790.73051342802,1.365130791510278,3.8465002156006567,96.15349978439934,,True,https://www.cbs.gov.il/he/publications/Pages/2019/פסולת-שנאספה-ברשויות-המקומיות-2014-2017.aspx,"CBS - Household and Commercial Waste Collected, by Type of Treatment and Local Authority"
31,אופקים,Ofaqim,,35355.0,,2024,24266.47513492459,1.7131168048324812,26.27574503289888,73.7242549671011,,True,https://www.cbs.gov.il/he/publications/Pages/2019/פסולת-שנאספה-ברשויות-המקומיות-2014-2017.aspx,"CBS - Household and Commercial Waste Collected, by Type of Treatment and Local Authority"
2400,אור יהודה,Or Yehuda,,36850.0,,2024,31646.098016529635,2.1283004210236527,35.15472274249637,64.84527725750362,,True,https://www.cbs.gov.il/he/publications/Pages/2019/פסולת-שנאספה-ברשויות-המקומיות-2014-2017.aspx,"CBS - Household and Commercial Waste Collected, by Type of Treatment and Local Authority"
1020,אור עקיבא,Or Aqiva,,22173.0,,2024,23542.061456407566,2.591718341699542,38.1530184730823,61.8469815269177,,True,https://www.cbs.gov.il/he/publications/Pages/2019/פסולת-שנאספה-ברשויות-המקומיות-2014-2017.aspx,"CBS - Household and Commercial Waste Collected, by Type of Treatment and Local Authority"
3760,אורנית,Oranit,,9979.0,,2024,5462.057411806058,1.4905663483503333,22.42772859102923,77.57227140897078,,True,https://www.cbs.gov.il/he/publications/Pages/2019/פסולת-שנאספה-ברשויות-המקומיות-2014-2017.aspx,"CBS - Household and Commercial Waste Collected, by Type of Treatment and Local Authority"
565,אזור,Azor,,13191.0,,2024,10592.32459600539,2.233515538083286,33.66895117007964,66.33104882992036,,True,https://www.cbs.gov.il/he/publications/Pages/2019/פסולת-שנאספה-ברשויות-המקומיות-2014-2017.aspx,"CBS - Household and Commercial Waste Collected, by Type of Treatment and Local Authority"
2600,אילת,Eilat,,55213.0,,2024,75736.98315867005,3.6053791580966306,9.565568704383665,90.43443129561635,,True,https://www.cbs.gov.il/he/publications/Pages/2019/פסולת-שנאספה-ברשויות-המקומיות-2014-2017.aspx,"CBS - Household and Commercial Waste Collected, by Type of Treatment and Local Authority"
478,אכסאל,Iksal,,14646.0,,2024,8463.414177074506,1.541922868837212,25.795194839786777,74.20480516021321,,True,https://www.cbs.gov.il/he/publications/Pages/2019/פסולת-שנאספה-ברשויות-המקומיות-2014-2017.aspx,"CBS - Household and Commercial Waste Collected, by Type of Treatment and Local Authority"
,אל קסום,El Kasum,,18954.0,,2024,6688.907341271088,0.9041504570012092,2.9831081683539966,97.016891831646,,True,https://www.cbs.gov.il/he/publications/Pages/2019/פסולת-שנאספה-ברשויות-המקומיות-2014-2017.aspx,"CBS - Household and Commercial Waste Collected, by Type of Treatment and Local Authority"
,אל-בטוף,El Batuf,,8903.0,,2024,4762.029812408673,1.4095351145524777,9.550335262992332,90.44966473700767,,True,https://www.cbs.gov.il/he/publications/Pages/2019/פסולת-שנאספה-ברשויות-המקומיות-2014-2017.aspx,"CBS - Household and Commercial Waste Collected, by Type of Treatment and Local Authority"
,אלונה,Allona,,2195.0,,2024,2736.6551209811223,3.4456274186406155,65.44504301071838,34.554956989281614,,True,https://www.cbs.gov.il/he/publications/Pages/2019/פסולת-שנאספה-ברשויות-המקומיות-2014-2017.aspx,"CBS - Household and Commercial Waste Collected, by Type of Treatment and Local Authority"
41,אליכין,Elyakhin,,3926.0,,2024,2904.86739400066,2.0847520119138863,13.251461832497426,86.74853816750259,,True,https://www.cbs.gov.il/he/publications/Pages/2019/פסולת-שנאספה-ברשויות-המקומיות-2014-2017.aspx,"CBS - Household and Commercial Waste Collected, by Type of Treatment and Local Authority"
1309,אלעד,El'ad,,48825.0,,2024,22090.354174028296,1.209704542974396,29.39904957098302,70.60095042901698,,True,https://www.cbs.gov.il/he/publications/Pages/2019/פסולת-שנאספה-ברשויות-המקומיות-2014-2017.aspx,"CBS - Household and Commercial Waste Collected, by Type of Treatment and Local Authority"
3750,אלפי מנשה,Alfei Menashe,,8068.0,,2024,4695.651921663482,1.5897188489810818,17.690019948693543,82.30998005130645,,True,https://www.cbs.gov.il/he/publications/Pages/2019/פסולת-שנאספה-ברשויות-המקומיות-2014-2017.aspx,"CBS - Household and Commercial Waste Collected, by Type of Treatment and Local Authority"
3560,אלקנה,Elqana,,4144.0,,2024,2270.3859562616694,1.404433392776544,17.787282164421807,82.2127178355782,,True,https://www.cbs.gov.il/he/publications/Pages/2019/פסולת-שנאספה-ברשויות-המקומיות-2014-2017.aspx,"CBS - Household and Commercial Waste Collected, by Type of Treatment and Local Authority"
529,אעבלין,I'billin,,13357.0,,2024,8931.8801100275,1.7997943890732353,20.125110591323914,79.87488940867608,,True,https://www.cbs.gov.il/he/publications/Pages/2019/פסולת-שנאספה-ברשויות-המקומיות-2014-2017.aspx,"CBS - Household and Commercial Waste Collected, by Type of Treatment and Local Authority"
3650,אפרת,Efrat,,12082.0,,2024,4863.164352848501,1.0787141604671167,7.706594424039537,92.29340557596046,,True,https://www.cbs.gov.il/he/publications/Pages/2019/פסולת-שנאספה-ברשויות-המקומיות-2014-2017.aspx,"CBS - Household and Commercial Waste Collected, by Type of Treatment and Local Authority"
3570,אריאל,Ariel,,21428.0,,2024,,,,,,False,https://www.cbs.gov.il/he/publications/Pages/2019/פסולת-שנאספה-ברשויות-המקומיות-2014-2017.aspx,"CBS - Household and Commercial Waste Collected, by Type of Treatment and Local Authority"
70,אשדוד,Ashdod,,227865.0,,2024,135045.12561601613,1.6115453776306459,21.787120565665695,78.2128794343343,,True,https://www.cbs.gov.il/he/publications/Pages/2019/פסולת-שנאספה-ברשויות-המקומיות-2014-2017.aspx,"CBS - Household and Commercial Waste Collected, by Type of Treatment and Local Authority"
,אשכול,Eshkol,,18228.0,,2024,18372.01010543591,2.6396556761920578,26.085496785231605,73.9145032147684,,True,https://www.cbs.gov.il/he/publications/Pages/2019/פסולת-שנאספה-ברשויות-המקומיות-2014-2017.aspx,"CBS - Household and Commercial Waste Collected, by Type of Treatment and Local Authority"
7100,אשקלון,Ashqelon,,152370.0,,2024,127736.99991417609,2.1336234339988467,7.47089717199239,92.52910282800761,,True,https://www.cbs.gov.il/he/publications/Pages/2019/פסולת-שנאספה-ברשויות-המקומיות-2014-2017.aspx,"CBS - Household and Commercial Waste Collected, by Type of Treatment and Local Authority"
6000,באקה אל-גרביה,Baqa Al-Gharbiyye,,29868.0,,2024,19440.677148368417,1.7206864758548848,31.56146816050267,68.43853183949733,,True,https://www.cbs.gov.il/he/publications/Pages/2019/פסולת-שנאספה-ברשויות-המקומיות-2014-2017.aspx,"CBS - Household and Commercial Waste Collected, by Type of Treatment and Local Authority"
155,באר טוביה,Be'er Toviyya,,1404.0,,2024,40435.12001173622,4.571028066971406,17.96126231263377,82.03873768736624,,True,https://www.cbs.gov.il/he/publications/Pages/2019/פסולת-שנאספה-ברשויות-המקומיות-2014-2017.aspx,"CBS - Household and Commercial Waste Collected, by Type of Treatment and Local Authority"
2530,באר יעקב,Be'er Ya'aqov,,31439.0,,2024,22033.425804142138,1.6876735157564513,26.67649532301582,73.32350467698419,,True,https://www.cbs.gov.il/he/publications/Pages/2019/פסולת-שנאספה-ברשויות-המקומיות-2014-2017.aspx,"CBS - Household and Commercial Waste Collected, by Type of Treatment and Local Authority"
9000,באר שבע,Be'er Sheva,,217577.0,,2024,160464.3233692654,2.0057956428465626,32.92374829181773,67.07625170818227,,True,https://www.cbs.gov.il/he/publications/Pages/2019/פסולת-שנאספה-ברשויות-המקומיות-2014-2017.aspx,"CBS - Household and Commercial Waste Collected, by Type of Treatment and Local Authority"
,בוסתן אל-מרג',Bustan El-Marj,,8111.0,,2024,,,,,,False,https://www.cbs.gov.il/he/publications/Pages/2019/פסולת-שנאספה-ברשויות-המקומיות-2014-2017.aspx,"CBS - Household and Commercial Waste Collected, by Type of Treatment and Local Authority"
482,בועיינה-נוג'ידאת,Bu'eine-Nujeidat,,10087.0,,2024,7822.254538050541,2.0378295393736887,14.047159072944012,85.95284092705599,,True,https://www.cbs.gov.il/he/publications/Pages/2019/פסולת-שנאספה-ברשויות-המקומיות-2014-2017.aspx,"CBS - Household and Commercial Waste Collected, by Type of Treatment and Local Authority"
4001,בוקעאתא,Buq'ata,,6720.0,,2024,4251.206253544608,1.6921604562937904,2.8431049056683997,97.1568950943316,,True,https://www.cbs.gov.il/he/publications/Pages/2019/פסולת-שנאספה-ברשויות-המקומיות-2014-2017.aspx,"CBS - Household and Commercial Waste Collected, by Type of Treatment and Local Authority"
998,ביר אל-מכסור,Bir El-Maksur,,10510.0,,2024,4407.486087294626,1.1017613456890873,3.1420652170369183,96.85793478296308,,True,https://www.cbs.gov.il/he/publications/Pages/2019/פסולת-שנאספה-ברשויות-המקומיות-2014-2017.aspx,"CBS - Household and Commercial Waste Collected, by Type of Treatment and Local Authority"
3574,בית אל,Bet El,,5629.0,,2024,2665.565882372788,1.1701522553563326,5.934795437581463,94.06520456241853,,True,https://www.cbs.gov.il/he/publications/Pages/2019/פסולת-שנאספה-ברשויות-המקומיות-2014-2017.aspx,"CBS - Household and Commercial Waste Collected, by Type of Treatment and Local Authority"
3652,בית אריה-עופרים,Bet Arye,,5373.0,,2024,3412.7356225141275,1.6768222040221925,15.524133162235131,84.47586683776487,,True,https://www.cbs.gov.il/he/publications/Pages/2019/פסולת-שנאספה-ברשויות-המקומיות-2014-2017.aspx,"CBS - Household and Commercial Waste Collected, by Type of Treatment and Local Authority"
480,בית ג'ן,Beit Jann,,12038.0,,2024,8072.1172007141195,1.7911549032961518,2.390168476456839,97.60983152354315,,True,https://www.cbs.gov.il/he/publications/Pages/2019/פסולת-שנאספה-ברשויות-המקומיות-2014-2017.aspx,"CBS - Household and Commercial Waste Collected, by Type of Treatment and Local Authority"
466,בית דגן,Bet Dagan,,7616.0,,2024,5941.475604329809,2.128958325180257,31.86877689020472,68.13122310979529,,True,https://www.cbs.gov.il/he/publications/Pages/2019/פסולת-שנאספה-ברשויות-המקומיות-2014-2017.aspx,"CBS - Household and Commercial Waste Collected, by Type of Treatment and Local Authority"
9200,בית שאן,Bet She'an,,19825.0,,2024,16408.016905302546,2.2032235142711607,2.2330054108131705,97.76699458918682,,True,https://www.cbs.gov.il/he/publications/Pages/2019/פסולת-שנאספה-ברשויות-המקומיות-2014-2017.aspx,"CBS - Household and Commercial Waste Collected, by Type of Treatment and Local Authority"
2610,בית שמש,Bet Shemesh,,145554.0,,2024,,,,,,False,https://www.cbs.gov.il/he/publications/Pages/2019/פסולת-שנאספה-ברשויות-המקומיות-2014-2017.aspx,"CBS - Household and Commercial Waste Collected, by Type of Treatment and Local Authority"
3780,ביתר עילית,Betar Illit,,65660.0,,2024,30007.363424420822,1.1666234509359203,5.767550450674869,94.23244954932514,,True,https://www.cbs.gov.il/he/publications/Pages/2019/פסולת-שנאספה-ברשויות-המקומיות-2014-2017.aspx,"CBS - Household and Commercial Waste Collected, by Type of Treatment and Local Authority"
6100,בני ברק,Bene Beraq,,216869.0,,2024,123817.19275096888,1.495233791974703,34.44371642050104,65.55628357949895,,True,https://www.cbs.gov.il/he/publications/Pages/2019/פסולת-שנאספה-ברשויות-המקומיות-2014-2017.aspx,"CBS - Household and Commercial Waste Collected, by Type of Treatment and Local Authority"
1066,"בני עי""ש",Bene Ayish,,6740.0,,2024,,,,,,False,https://www.cbs.gov.il/he/publications/Pages/2019/פסולת-שנאספה-ברשויות-המקומיות-2014-2017.aspx,"CBS - Household and Commercial Waste Collected, by Type of Treatment and Local Authority"
,בני שמעון,Bene Shim'on,,11508.0,,2024,10332.225122708536,2.383184550396736,39.72007069114948,60.27992930885051,,True,https://www.cbs.gov.il/he/publications/Pages/2019/פסולת-שנאספה-ברשויות-המקומיות-2014-2017.aspx,"CBS - Household and Commercial Waste Collected, by Type of Treatment and Local Authority"
9800,בנימינה-גבעת עדה,Binyamina-Giv'at Ada,,15268.0,,2024,11856.52567066201,2.0966650728985003,48.14467432720777,51.85532567279223,,True,https://www.cbs.gov.il/he/publications/Pages/2019/פסולת-שנאספה-ברשויות-המקומיות-2014-2017.aspx,"CBS - Household and Commercial Waste Collected, by Type of Treatment and Local Authority"
1326,"בסמ""ה",Basma,,11266.0,,2024,5833.305874096352,1.3478102406941685,13.654266573493185,86.34573342650683,,True,https://www.cbs.gov.il/he/publications/Pages/2019/פסולת-שנאספה-ברשויות-המקומיות-2014-2017.aspx,"CBS - Household and Commercial Waste Collected, by Type of Treatment and Local Authority"
944,בסמת טבעון,Basmat Tab'un,,8043.0,,2024,4459.213461575489,1.4856232969415215,22.22976114772629,77.7702388522737,,True,https://www.cbs.gov.il/he/publications/Pages/2019/פסולת-שנאספה-ברשויות-המקומיות-2014-2017.aspx,"CBS - Household and Commercial Waste Collected, by Type of Treatment and Local Authority"
483,בענה,Bi'ne,,8518.0,,2024,7813.1028679692845,2.4588778682565766,1.7646365381225282,98.23536346187748,,True,https://www.cbs.gov.il/he/publications/Pages/2019/פסולת-שנאספה-ברשויות-המקומיות-2014-2017.aspx,"CBS - Household and Commercial Waste Collected, by Type of Treatment and Local Authority"
,ברנר,Brenner,,7758.0,,2024,5905.276949419796,2.1059343907991552,59.53336955289136,40.46663044710865,,True,https://www.cbs.gov.il/he/publications/Pages/2019/פסולת-שנאספה-ברשויות-המקומיות-2014-2017.aspx,"CBS - Household and Commercial Waste Collected, by Type of Treatment and Local Authority"
6200,בת ים,Bat Yam,,128152.0,,2024,74521.62396943396,1.5643682787250963,39.842964213464235,60.157035786535765,,True,https://www.cbs.gov.il/he/publications/Pages/2019/פסולת-שנאספה-ברשויות-המקומיות-2014-2017.aspx,"CBS - Household and Commercial Waste Collected, by Type of Treatment and Local Authority"
1292,ג'דיידה-מכר,Judeide-Maker,,19842.0,,2024,15366.733083374811,2.0836742679826044,1.1187354035634396,98.88126459643655,,True,https://www.cbs.gov.il/he/publications/Pages/2019/פסולת-שנאספה-ברשויות-המקומיות-2014-2017.aspx,"CBS - Household and Commercial Waste Collected, by Type of Treatment and Local Authority"
485,ג'ולס,Julis,,6543.0,,2024,2950.367873184662,1.1998218276028971,5.231817855244137,94.76818214475587,,True,https://www.cbs.gov.il/he/publications/Pages/2019/פסולת-שנאספה-ברשויות-המקומיות-2014-2017.aspx,"CBS - Household and Commercial Waste Collected, by Type of Treatment and Local Authority"
627,ג'לג'וליה,Jaljulye,,10502.0,,2024,5724.865003785765,1.4465816605217963,4.006295408434885,95.9937045915651,,True,https://www.cbs.gov.il/he/publications/Pages/2019/פסולת-שנאספה-ברשויות-המקומיות-2014-2017.aspx,"CBS - Household and Commercial Waste Collected, by Type of Treatment and Local Authority"
541,ג'סר א-זרקא,Jisr Az-Zarqa,,15418.0,,2024,,,,,,False,https://www.cbs.gov.il/he/publications/Pages/2019/פסולת-שנאספה-ברשויות-המקומיות-2014-2017.aspx,"CBS - Household and Commercial Waste Collected, by Type of Treatment and Local Authority"
487,ג'ש (גוש חלב),Jish(Gush Halav),,3256.0,,2024,2566.141633232783,2.1592521568045364,11.928867419805998,88.07113258019402,,True,https://www.cbs.gov.il/he/publications/Pages/2019/פסולת-שנאספה-ברשויות-המקומיות-2014-2017.aspx,"CBS - Household and Commercial Waste Collected, by Type of Treatment and Local Authority"
628,ג'ת,Jatt,,12232.0,,2024,7790.013842703175,1.6829636619200279,6.195866303309288,93.80413369669071,,True,https://www.cbs.gov.il/he/publications/Pages/2019/פסולת-שנאספה-ברשויות-המקומיות-2014-2017.aspx,"CBS - Household and Commercial Waste Collected, by Type of Treatment and Local Authority"
3730,גבעת זאב,Giv'at Ze'ev,,22117.0,,2024,11749.847098977907,1.3151140581341598,36.77577301711261,63.22422698288739,,True,https://www.cbs.gov.il/he/publications/Pages/2019/פסולת-שנאספה-ברשויות-המקומיות-2014-2017.aspx,"CBS - Household and Commercial Waste Collected, by Type of Treatment and Local Authority"
681,גבעת שמואל,Giv'at Shemu'el,,27472.0,,2024,14514.078420764166,1.3668568133181807,36.916421872840225,63.08357812715977,,True,https://www.cbs.gov.il/he/publications/Pages/2019/פסולת-שנאספה-ברשויות-המקומיות-2014-2017.aspx,"CBS - Household and Commercial Waste Collected, by Type of Treatment and Local Authority"
6300,גבעתיים,Giv'atayim,,58052.0,,2024,30674.776186666302,1.4368350607487663,40.36468305854635,59.63531694145365,,True,https://www.cbs.gov.il/he/publications/Pages/2019/פסולת-שנאספה-ברשויות-המקומיות-2014-2017.aspx,"CBS - Household and Commercial Waste Collected, by Type of Treatment and Local Authority"
2550,גדרה,Gedera,,29260.0,,2024,20108.597363577057,1.7813288358724109,38.27491407987465,61.72508592012535,,True,https://www.cbs.gov.il/he/publications/Pages/2019/פסולת-שנאספה-ברשויות-המקומיות-2014-2017.aspx,"CBS - Household and Commercial Waste Collected, by Type of Treatment and Local Authority"
,גדרות,Gederot,,5008.0,,2024,3871.402397925426,2.1126544989790768,44.55177273356254,55.448227266437456,,True,https://www.cbs.gov.il/he/publications/Pages/2019/פסולת-שנאספה-ברשויות-המקומיות-2014-2017.aspx,"CBS - Household and Commercial Waste Collected, by Type of Treatment and Local Authority"
,גולן,Golan,,20110.0,,2024,18581.100262692176,2.3363144637268327,42.559483296961666,57.440516703038334,,True,https://www.cbs.gov.il/he/publications/Pages/2019/פסולת-שנאספה-ברשויות-המקומיות-2014-2017.aspx,"CBS - Household and Commercial Waste Collected, by Type of Treatment and Local Authority"
,גוש עציון,Gush Etzion,,26401.0,,2024,16064.186000396245,1.556495561403179,18.551926629352607,81.4480733706474,,True,https://www.cbs.gov.il/he/publications/Pages/2019/פסולת-שנאספה-ברשויות-המקומיות-2014-2017.aspx,"CBS - Household and Commercial Waste Collected, by Type of Treatment and Local Authority"
370,גזר,Gezer,,396.0,,2024,21035.56137439168,1.977310311644052,54.0723452630967,45.9276547369033,,True,https://www.cbs.gov.il/he/publications/Pages/2019/פסולת-שנאספה-ברשויות-המקומיות-2014-2017.aspx,"CBS - Household and Commercial Waste Collected, by Type of Treatment and Local Authority"
166,גן יבנה,Gan Yavne,,23688.0,,2024,17727.46231796736,1.9547770229509518,22.706224081986353,77.29377591801364,,True,https://www.cbs.gov.il/he/publications/Pages/2019/פסולת-שנאספה-ברשויות-המקומיות-2014-2017.aspx,"CBS - Household and Commercial Waste Collected, by Type of Treatment and Local Authority"
,גן רווה,Gan Rawe,,5976.0,,2024,5125.938424103228,2.277967058451145,29.642381519029886,70.35761848097012,,True,https://www.cbs.gov.il/he/publications/Pages/2019/פסולת-שנאספה-ברשויות-המקומיות-2014-2017.aspx,"CBS - Household and Commercial Waste Collected, by Type of Treatment and Local Authority"
229,גני תקווה,Ganne Tiqwa,,23650.0,,2024,12652.055347734042,1.369706616203329,36.375396892002165,63.624603107997835,,True,https://www.cbs.gov.il/he/publications/Pages/2019/פסולת-שנאספה-ברשויות-המקומיות-2014-2017.aspx,"CBS - Household and Commercial Waste Collected, by Type of Treatment and Local Authority"
494,דאלית אל-כרמל,Daliyat Al-Karmel,,17672.0,,2024,12995.814112709637,1.9519733654125284,1.2682092193705075,98.7317907806295,,True,https://www.cbs.gov.il/he/publications/Pages/2019/פסולת-שנאספה-ברשויות-המקומיות-2014-2017.aspx,"CBS - Household and Commercial Waste Collected, by Type of Treatment and Local Authority"
489,דבורייה,Daburiyya,,10480.0,,2024,4895.261152187315,1.2508556602829963,26.3575550328054,73.64244496719459,,True,https://www.cbs.gov.il/he/publications/Pages/2019/פסולת-שנאספה-ברשויות-המקומיות-2014-2017.aspx,"CBS - Household and Commercial Waste Collected, by Type of Treatment and Local Authority"
490,דייר אל-אסד,Deir Al-Asad,,12176.0,,2024,6902.732182193915,1.5092450436701934,2.4226955034602424,97.57730449653977,,True,https://www.cbs.gov.il/he/publications/Pages/2019/פסולת-שנאספה-ברשויות-המקומיות-2014-2017.aspx,"CBS - Household and Commercial Waste Collected, by Type of Treatment and Local Authority"
492,דייר חנא,Deir Hanna,,10283.0,,2024,5525.207118783771,1.4180378220227188,2.08323627167678,97.91676372832323,,True,https://www.cbs.gov.il/he/publications/Pages/2019/פסולת-שנאספה-ברשויות-המקומיות-2014-2017.aspx,"CBS - Household and Commercial Waste Collected, by Type of Treatment and Local Authority"
2200,דימונה,Dimona,,37213.0,,2024,23558.2242463817,1.6301227490799908,2.9409442712479095,97.05905572875209,,True,https://www.cbs.gov.il/he/publications/Pages/2019/פסולת-שנאספה-ברשויות-המקומיות-2014-2017.aspx,"CBS - Household and Commercial Waste Collected, by Type of Treatment and Local Authority"
,דרום השרון,Derom HaSharon,,34313.0,,2024,30591.46696345428,2.435977395106642,3.225268551629043,96.77473144837096,,True,https://www.cbs.gov.il/he/publications/Pages/2019/פסולת-שנאספה-ברשויות-המקומיות-2014-2017.aspx,"CBS - Household and Commercial Waste Collected, by Type of Treatment and Local Authority"
,הגלבוע,HaGilbo'a,,32947.0,,2024,34051.32494488609,2.7182780075427155,27.007245561724368,72.99275443827563,,True,https://www.cbs.gov.il/he/publications/Pages/2019/פסולת-שנאספה-ברשויות-המקומיות-2014-2017.aspx,"CBS - Household and Commercial Waste Collected, by Type of Treatment and Local Authority"
,הגליל העליון,HaGalil HaElyon,,19674.0,,2024,14543.52861409869,1.9126960385101281,38.07245656140816,61.92754343859185,,True,https://www.cbs.gov.il/he/publications/Pages/2019/פסולת-שנאספה-ברשויות-המקומיות-2014-2017.aspx,"CBS - Household and Commercial Waste Collected, by Type of Treatment and Local Authority"
,הגליל התחתון,HaGalil HaTahton,,12801.0,,2024,12381.432991248677,2.5372477820860255,35.586696583206354,64.41330341679364,,True,https://www.cbs.gov.il/he/publications/Pages/2019/פסולת-שנאספה-ברשויות-המקומיות-2014-2017.aspx,"CBS - Household and Commercial Waste Collected, by Type of Treatment and Local Authority"
9700,הוד השרון,Hod HaSharon,,65020.0,,2024,41302.46806367976,1.7173429868996912,19.52261557650213,80.47738442349787,,True,https://www.cbs.gov.il/he/publications/Pages/2019/פסולת-שנאספה-ברשויות-המקומיות-2014-2017.aspx,"CBS - Household and Commercial Waste Collected, by Type of Treatment and Local Authority"
,הערבה התיכונה,HaArava HaTikhona,,6089.0,,2024,3486.726383329988,1.4909747187173223,6.6602984518733805,93.33970154812661,,True,https://www.cbs.gov.il/he/publications/Pages/2019/פסולת-שנאספה-ברשויות-המקומיות-2014-2017.aspx,"CBS - Household and Commercial Waste Collected, by Type of Treatment and Local Authority"
3769,הר אדר,Har Adar,,4405.0,,2024,2319.294833798001,1.4619193423132144,35.153302715846536,64.84669728415346,,True,https://www.cbs.gov.il/he/publications/Pages/2019/פסולת-שנאספה-ברשויות-המקומיות-2014-2017.aspx,"CBS - Household and Commercial Waste Collected, by Type of Treatment and Local Authority"
,הר חברון,Har Hevron,,10631.0,,2024,5888.413276661351,1.3817514551103327,2.7412015610573754,97.25879843894262,,True,https://www.cbs.gov.il/he/publications/Pages/2019/פסולת-שנאספה-ברשויות-המקומיות-2014-2017.aspx,"CBS - Household and Commercial Waste Collected, by Type of Treatment and Local Authority"
6400,הרצלייה,Herzliyya,,105273.0,,2024,84626.67891740435,2.122941896763712,14.691499981393438,85.30850001860657,,True,https://www.cbs.gov.il/he/publications/Pages/2019/פסולת-שנאספה-ברשויות-המקומיות-2014-2017.aspx,"CBS - Household and Commercial Waste Collected, by Type of Treatment and Local Authority"
,זבולון,Zevulun,,13401.0,,2024,9847.186484788199,1.9903056517158806,25.63830784243039,74.36169215756962,,True,https://www.cbs.gov.il/he/publications/Pages/2019/פסולת-שנאספה-ברשויות-המקומיות-2014-2017.aspx,"CBS - Household and Commercial Waste Collected, by Type of Treatment and Local Authority"
9300,זכרון יעקב,Zikhron Ya'aqov,,23513.0,,2024,16013.959837348797,1.8062892430094855,14.381493776308108,85.6185062236919,,True,https://www.cbs.gov.il/he/publications/Pages/2019/פסולת-שנאספה-ברשויות-המקומיות-2014-2017.aspx,"CBS - Household and Commercial Waste Collected, by Type of Treatment and Local Authority"
1290,זמר,Zemer,,7482.0,,2024,4482.164955019042,1.5603435814934612,7.805936607202712,92.19406339279729,,True,https://www.cbs.gov.il/he/publications/Pages/2019/פסולת-שנאספה-ברשויות-המקומיות-2014-2017.aspx,"CBS - Household and Commercial Waste Collected, by Type of Treatment and Local Authority"
975,זרזיר,Zarzir,,8836.0,,2024,5277.504882219759,1.5925671864229085,22.48704470588003,77.51295529411996,,True,https://www.cbs.gov.il/he/publications/Pages/2019/פסולת-שנאספה-ברשויות-המקומיות-2014-2017.aspx,"CBS - Household and Commercial Waste Collected, by Type of Treatment and Local Authority"
,חבל אילות,Hevel Elot,,4678.0,,2024,9804.125687358832,5.299520237058507,16.858981005210953,83.14101899478904,,True,https://www.cbs.gov.il/he/publications/Pages/2019/פסולת-שנאספה-ברשויות-המקומיות-2014-2017.aspx,"CBS - Household and Commercial Waste Collected, by Type of Treatment and Local Authority"
,חבל יבנה,Hevel Yavne,,6388.0,,2024,4627.748006750856,1.9050051329473536,27.54420484631805,72.45579515368195,,True,https://www.cbs.gov.il/he/publications/Pages/2019/פסולת-שנאספה-ברשויות-המקומיות-2014-2017.aspx,"CBS - Household and Commercial Waste Collected, by Type of Treatment and Local Authority"
,חבל מודיעין,Hevel Modi'in,,23646.0,,2024,25869.803212013532,2.9894206075160787,42.54856413790555,57.45143586209445,,True,https://www.cbs.gov.il/he/publications/Pages/2019/פסולת-שנאספה-ברשויות-המקומיות-2014-2017.aspx,"CBS - Household and Commercial Waste Collected, by Type of Treatment and Local Authority"
6500,חדרה,Hadera,,103847.0,,2024,74603.93709994541,1.9098437997881597,22.50511132871258,77.49488867128743,,True,https://www.cbs.gov.il/he/publications/Pages/2019/פסולת-שנאספה-ברשויות-המקומיות-2014-2017.aspx,"CBS - Household and Commercial Waste Collected, by Type of Treatment and Local Authority"
6600,חולון,Holon,,192655.0,,2024,125283.0067875146,1.7833949782367777,38.723150115478674,61.276849884521326,,True,https://www.cbs.gov.il/he/publications/Pages/2019/פסולת-שנאספה-ברשויות-המקומיות-2014-2017.aspx,"CBS - Household and Commercial Waste Collected, by Type of Treatment and Local Authority"
,חוף אשקלון,Hof Ashqelon,,20100.0,,2024,15138.272972157618,1.9971454938924598,31.441056591538256,68.55894340846174,,True,https://www.cbs.gov.il/he/publications/Pages/2019/פסולת-שנאספה-ברשויות-המקומיות-2014-2017.aspx,"CBS - Household and Commercial Waste Collected, by Type of Treatment and Local Authority"
,חוף הכרמל,Hof HaKarmel,,34463.0,,2024,36857.74664827492,2.8334164203118193,27.413120896113764,72.58687910388623,,True,https://www.cbs.gov.il/he/publications/Pages/2019/פסולת-שנאספה-ברשויות-המקומיות-2014-2017.aspx,"CBS - Household and Commercial Waste Collected, by Type of Treatment and Local Authority"
,חוף השרון,Hof HaSharon,,12534.0,,2024,19882.55740673463,4.250205595790664,15.992131905816208,84.00786809418379,,True,https://www.cbs.gov.il/he/publications/Pages/2019/פסולת-שנאספה-ברשויות-המקומיות-2014-2017.aspx,"CBS - Household and Commercial Waste Collected, by Type of Treatment and Local Authority"
1303,חורה,Hura,,20671.0,,2024,,,,,,False,https://www.cbs.gov.il/he/publications/Pages/2019/פסולת-שנאספה-ברשויות-המקומיות-2014-2017.aspx,"CBS - Household and Commercial Waste Collected, by Type of Treatment and Local Authority"
496,חורפיש,Hurfeish,,6544.0,,2024,6847.765353707258,2.7775558470739483,2.6105648262389405,97.38943517376106,,True,https://www.cbs.gov.il/he/publications/Pages/2019/פסולת-שנאספה-ברשויות-המקומיות-2014-2017.aspx,"CBS - Household and Commercial Waste Collected, by Type of Treatment and Local Authority"
4000,חיפה,Haifa,,289507.0,,2024,181329.94084140225,1.6719173538093768,24.381842643444813,75.61815735655519,,True,https://www.cbs.gov.il/he/publications/Pages/2019/פסולת-שנאספה-ברשויות-המקומיות-2014-2017.aspx,"CBS - Household and Commercial Waste Collected, by Type of Treatment and Local Authority"
2034,חצור הגלילית,Hazor HaGelilit,,10638.0,,2024,8706.075066908006,2.1525368159265597,8.722817814821752,91.27718218517825,,True,https://www.cbs.gov.il/he/publications/Pages/2019/פסולת-שנאספה-ברשויות-המקומיות-2014-2017.aspx,"CBS - Household and Commercial Waste Collected, by Type of Treatment and Local Authority"
1247,חריש,Harish,,31733.0,,2024,16045.15855624971,1.104769694029308,19.34218066695813,80.65781933304187,,True,https://www.cbs.gov.il/he/publications/Pages/2019/פסולת-שנאספה-ברשויות-המקומיות-2014-2017.aspx,"CBS - Household and Commercial Waste Collected, by Type of Treatment and Local Authority"
6700,טבריה,Tiberias,,48509.0,,2024,38072.34621700384,2.016116084326595,25.013053208553398,74.9869467914466,,True,https://www.cbs.gov.il/he/publications/Pages/2019/פסולת-שנאספה-ברשויות-המקומיות-2014-2017.aspx,"CBS - Household and Commercial Waste Collected, by Type of Treatment and Local Authority"
962,טובא-זנגרייה,Tuba-Zangariyye,,6935.0,,2024,5109.977413144652,1.9614624333736639,4.482356664737154,95.51764333526285,,True,https://www.cbs.gov.il/he/publications/Pages/2019/פסולת-שנאספה-ברשויות-המקומיות-2014-2017.aspx,"CBS - Household and Commercial Waste Collected, by Type of Treatment and Local Authority"
498,טורעאן,Tur'an,,14397.0,,2024,10382.591338444998,1.919914668045837,1.4959785412132034,98.50402145878681,,True,https://www.cbs.gov.il/he/publications/Pages/2019/פסולת-שנאספה-ברשויות-המקומיות-2014-2017.aspx,"CBS - Household and Commercial Waste Collected, by Type of Treatment and Local Authority"
2730,טייבה,Tayibe,,45071.0,,2024,28984.087021270127,1.7069011992717615,19.13080449006719,80.86919550993281,,True,https://www.cbs.gov.il/he/publications/Pages/2019/פסולת-שנאספה-ברשויות-המקומיות-2014-2017.aspx,"CBS - Household and Commercial Waste Collected, by Type of Treatment and Local Authority"
2720,טירה,Tire,,26567.0,,2024,21164.84115516231,2.1138808712233197,7.24089703261727,92.75910296738273,,True,https://www.cbs.gov.il/he/publications/Pages/2019/פסולת-שנאספה-ברשויות-המקומיות-2014-2017.aspx,"CBS - Household and Commercial Waste Collected, by Type of Treatment and Local Authority"
2100,טירת כרמל,Tirat Karmel,,29069.0,,2024,17447.390931533282,1.4814917185630676,16.51958131071686,83.48041868928314,,True,https://www.cbs.gov.il/he/publications/Pages/2019/פסולת-שנאספה-ברשויות-המקומיות-2014-2017.aspx,"CBS - Household and Commercial Waste Collected, by Type of Treatment and Local Authority"
8900,טמרה,Tamra,,35349.0,,2024,23184.46612339021,1.7380109248245335,17.112620158147745,82.88737984185225,,True,https://www.cbs.gov.il/he/publications/Pages/2019/פסולת-שנאספה-ברשויות-המקומיות-2014-2017.aspx,"CBS - Household and Commercial Waste Collected, by Type of Treatment and Local Authority"
1295,יאנוח-ג'ת,Yanuh-Jat,,6759.0,,2024,4245.4840457536475,1.6881659127795485,1.5424400385898172,98.45755996141017,,True,https://www.cbs.gov.il/he/publications/Pages/2019/פסולת-שנאספה-ברשויות-המקומיות-2014-2017.aspx,"CBS - Household and Commercial Waste Collected, by Type of Treatment and Local Authority"
46,יבנאל,Yavne'el,,4557.0,,2024,4346.091373757992,2.508342037946384,17.380015945335543,82.61998405466446,,True,https://www.cbs.gov.il/he/publications/Pages/2019/פסולת-שנאספה-ברשויות-המקומיות-2014-2017.aspx,"CBS - Household and Commercial Waste Collected, by Type of Treatment and Local Authority"
2660,יבנה,Yavne,,54981.0,,2024,32214.696522376224,1.5231720444055632,15.132089693876944,84.86791030612306,,True,https://www.cbs.gov.il/he/publications/Pages/2019/פסולת-שנאספה-ברשויות-המקומיות-2014-2017.aspx,"CBS - Household and Commercial Waste Collected, by Type of Treatment and Local Authority"
9400,יהוד-מונוסון,Yehud,,30977.0,,2024,19394.341857308515,1.650622322099601,34.443972919819245,65.55602708018075,,True,https://www.cbs.gov.il/he/publications/Pages/2019/פסולת-שנאספה-ברשויות-המקומיות-2014-2017.aspx,"CBS - Household and Commercial Waste Collected, by Type of Treatment and Local Authority"
,יואב,Yo'av,,9133.0,,2024,5650.945469185102,1.6679640574584194,33.03078182869581,66.96921817130419,,True,https://www.cbs.gov.il/he/publications/Pages/2019/פסולת-שנאספה-ברשויות-המקומיות-2014-2017.aspx,"CBS - Household and Commercial Waste Collected, by Type of Treatment and Local Authority"
29,יסוד המעלה,Yesud HaMa'ala,,1969.0,,2024,1925.101289769293,2.7264151506626866,43.25545332054121,56.74454667945879,,True,https://www.cbs.gov.il/he/publications/Pages/2019/פסולת-שנאספה-ברשויות-המקומיות-2014-2017.aspx,"CBS - Household and Commercial Waste Collected, by Type of Treatment and Local Authority"
499,יפיע,Yafi,,18113.0,,2024,11174.705615581235,1.633835783200909,25.59982977620875,74.40017022379126,,True,https://www.cbs.gov.il/he/publications/Pages/2019/פסולת-שנאספה-ברשויות-המקומיות-2014-2017.aspx,"CBS - Household and Commercial Waste Collected, by Type of Treatment and Local Authority"
240,יקנעם עילית,Yoqne'am Illit,,23729.0,,2024,17094.795195551676,1.870932582202635,51.658385459040815,48.341614540959185,,True,https://www.cbs.gov.il/he/publications/Pages/2019/פסולת-שנאספה-ברשויות-המקומיות-2014-2017.aspx,"CBS - Household and Commercial Waste Collected, by Type of Treatment and Local Authority"
831,ירוחם,Yeroham,,11403.0,,2024,5944.067280442166,1.3492225216924483,6.36613387077975,93.63386612922025,,True,https://www.cbs.gov.il/he/publications/Pages/2019/פסולת-שנאספה-ברשויות-המקומיות-2014-2017.aspx,"CBS - Household and Commercial Waste Collected, by Type of Treatment and Local Authority"
3000,ירושלים,Jerusalem,,1005919.0,,2024,554367.3767134509,1.464156311458718,37.44352669957796,62.55647330042204,,True,https://www.cbs.gov.il/he/publications/Pages/2019/פסולת-שנאספה-ברשויות-המקומיות-2014-2017.aspx,"CBS - Household and Commercial Waste Collected, by Type of Treatment and Local Authority"
502,ירכא,Yirka,,16194.0,,2024,24956.153296093245,4.11575757586291,1.3229334351978412,98.67706656480216,,True,https://www.cbs.gov.il/he/publications/Pages/2019/פסולת-שנאספה-ברשויות-המקומיות-2014-2017.aspx,"CBS - Household and Commercial Waste Collected, by Type of Treatment and Local Authority"
504,כאבול,Kabul,,11993.0,,2024,6169.8199075958655,1.3584293956840239,1.8937328697717624,98.10626713022823,,True,https://www.cbs.gov.il/he/publications/Pages/2019/פסולת-שנאספה-ברשויות-המקומיות-2014-2017.aspx,"CBS - Household and Commercial Waste Collected, by Type of Treatment and Local Authority"
505,כאוכב אבו אל-היג'א,Kaokab Abu Al-Hija,,3984.0,,2024,,,,,,False,https://www.cbs.gov.il/he/publications/Pages/2019/פסולת-שנאספה-ברשויות-המקומיות-2014-2017.aspx,"CBS - Household and Commercial Waste Collected, by Type of Treatment and Local Authority"
1224,כוכב יאיר,Kokhav Ya'ir,,9176.0,,2024,6735.704307766626,1.9983739677123904,15.244049632384806,84.7559503676152,,True,https://www.cbs.gov.il/he/publications/Pages/2019/פסולת-שנאספה-ברשויות-המקומיות-2014-2017.aspx,"CBS - Household and Commercial Waste Collected, by Type of Treatment and Local Authority"
1059,כסיפה,Kuseife,,18867.0,,2024,4823.016443348137,0.6454544587927831,5.7096310282734715,94.29036897172654,,True,https://www.cbs.gov.il/he/publications/Pages/2019/פסולת-שנאספה-ברשויות-המקומיות-2014-2017.aspx,"CBS - Household and Commercial Waste Collected, by Type of Treatment and Local Authority"
1296,כסרא-סמיע,Kisra-Sumei,,8930.0,,2024,8188.634853229895,2.41661184211195,1.6565014274191578,98.34349857258084,,True,https://www.cbs.gov.il/he/publications/Pages/2019/פסולת-שנאספה-ברשויות-המקומיות-2014-2017.aspx,"CBS - Household and Commercial Waste Collected, by Type of Treatment and Local Authority"
978,כעביה-טבאש-חג'אג'רה,Ka'abiyye-Tabbash-Hajajre,,6170.0,,2024,2356.519713584618,0.9959457606452008,25.6106371657114,74.3893628342886,,True,https://www.cbs.gov.il/he/publications/Pages/2019/פסולת-שנאספה-ברשויות-המקומיות-2014-2017.aspx,"CBS - Household and Commercial Waste Collected, by Type of Treatment and Local Authority"
633,כפר ברא,Kafar Bara,,3710.0,,2024,2293.1470136886974,1.5941625369325618,4.137224221664158,95.86277577833584,,True,https://www.cbs.gov.il/he/publications/Pages/2019/פסולת-שנאספה-ברשויות-המקומיות-2014-2017.aspx,"CBS - Household and Commercial Waste Collected, by Type of Treatment and Local Authority"
1263,כפר ורדים,Kefar Weradim,,5656.0,,2024,4338.86099358998,2.0932013371011107,50.92145143285427,49.07854856714573,,True,https://www.cbs.gov.il/he/publications/Pages/2019/פסולת-שנאספה-ברשויות-המקומיות-2014-2017.aspx,"CBS - Household and Commercial Waste Collected, by Type of Treatment and Local Authority"
507,כפר יאסיף,Kafar Yasif,,10574.0,,2024,7410.4703729472185,1.9129088948998707,2.4930991374268343,97.50690086257316,,True,https://www.cbs.gov.il/he/publications/Pages/2019/פסולת-שנאספה-ברשויות-המקומיות-2014-2017.aspx,"CBS - Household and Commercial Waste Collected, by Type of Treatment and Local Authority"
168,כפר יונה,Kefar Yona,,28135.0,,2024,15410.568660188226,1.4259667343941844,18.083042369405895,81.9169576305941,,True,https://www.cbs.gov.il/he/publications/Pages/2019/פסולת-שנאספה-ברשויות-המקומיות-2014-2017.aspx,"CBS - Household and Commercial Waste Collected, by Type of Treatment and Local Authority"
508,כפר כמא,Kafar Kama,,3412.0,,2024,2481.670056280368,1.9470492682141318,16.60220927587405,83.39779072412594,,True,https://www.cbs.gov.il/he/publications/Pages/2019/פסולת-שנאספה-ברשויות-המקומיות-2014-2017.aspx,"CBS - Household and Commercial Waste Collected, by Type of Treatment and Local Authority"
509,כפר כנא,Kafar Kanna,,24262.0,,2024,13957.79510094029,1.524772604044103,5.7925130372907025,94.2074869627093,,True,https://www.cbs.gov.il/he/publications/Pages/2019/פסולת-שנאספה-ברשויות-המקומיות-2014-2017.aspx,"CBS - Household and Commercial Waste Collected, by Type of Treatment and Local Authority"
510,כפר מנדא,Kafar Manda,,21041.0,,2024,15711.269391664307,1.9604925157493451,20.566571109643586,79.43342889035641,,True,https://www.cbs.gov.il/he/publications/Pages/2019/פסולת-שנאספה-ברשויות-המקומיות-2014-2017.aspx,"CBS - Household and Commercial Waste Collected, by Type of Treatment and Local Authority"
6900,כפר סבא,Kefar Sava,,100262.0,,2024,62984.64980445974,1.7243394544587738,14.134188936665948,85.86581106333405,,True,https://www.cbs.gov.il/he/publications/Pages/2019/פסולת-שנאספה-ברשויות-המקומיות-2014-2017.aspx,"CBS - Household and Commercial Waste Collected, by Type of Treatment and Local Authority"
634,כפר קאסם,Kafar Qasem,,26389.0,,2024,16854.895524371743,1.6809346397969847,21.417774551920886,78.58222544807911,,True,https://www.cbs.gov.il/he/publications/Pages/2019/פסולת-שנאספה-ברשויות-המקומיות-2014-2017.aspx,"CBS - Household and Commercial Waste Collected, by Type of Treatment and Local Authority"
654,כפר קרע,Kafar Qara,,19890.0,,2024,13611.003788486109,1.794706965940808,40.07594791135396,59.92405208864604,,True,https://www.cbs.gov.il/he/publications/Pages/2019/פסולת-שנאספה-ברשויות-המקומיות-2014-2017.aspx,"CBS - Household and Commercial Waste Collected, by Type of Treatment and Local Authority"
267,כפר שמריהו,Kefar Shemaryahu,,2077.0,,2024,3683.723748038855,5.019842740732871,16.59412512581296,83.40587487418705,,True,https://www.cbs.gov.il/he/publications/Pages/2019/פסולת-שנאספה-ברשויות-המקומיות-2014-2017.aspx,"CBS - Household and Commercial Waste Collected, by Type of Treatment and Local Authority"
47,כפר תבור,Kefar Tavor,,4363.0,,2024,5355.777789898075,3.339029197392179,34.73123536616097,65.26876463383903,,True,https://www.cbs.gov.il/he/publications/Pages/2019/פסולת-שנאספה-ברשויות-המקומיות-2014-2017.aspx,"CBS - Household and Commercial Waste Collected, by Type of Treatment and Local Authority"
1139,כרמיאל,Karmi'el,,47450.0,,2024,28418.519227500943,1.6042808206476926,15.599930425688113,84.40006957431189,,True,https://www.cbs.gov.il/he/publications/Pages/2019/פסולת-שנאספה-ברשויות-המקומיות-2014-2017.aspx,"CBS - Household and Commercial Waste Collected, by Type of Treatment and Local Authority"
,לב השרון,Lev HaSharon,,23813.0,,2024,,,,,,False,https://www.cbs.gov.il/he/publications/Pages/2019/פסולת-שנאספה-ברשויות-המקומיות-2014-2017.aspx,"CBS - Household and Commercial Waste Collected, by Type of Treatment and Local Authority"
1271,להבים,Lehavim,,7686.0,,2024,4828.766307526707,1.677380085323936,26.640952690576906,73.35904730942309,,True,https://www.cbs.gov.il/he/publications/Pages/2019/פסולת-שנאספה-ברשויות-המקומיות-2014-2017.aspx,"CBS - Household and Commercial Waste Collected, by Type of Treatment and Local Authority"
7000,לוד,Lod,,87430.0,,2024,63276.85411102182,1.8818556176806516,30.41471543015532,69.58528456984469,,True,https://www.cbs.gov.il/he/publications/Pages/2019/פסולת-שנאספה-ברשויות-המקומיות-2014-2017.aspx,"CBS - Household and Commercial Waste Collected, by Type of Treatment and Local Authority"
24,לכיש,Lakhish,,1170.0,,2024,9105.75037385891,1.5855638298108294,35.51891366519271,64.48108633480729,,True,https://www.cbs.gov.il/he/publications/Pages/2019/פסולת-שנאספה-ברשויות-המקומיות-2014-2017.aspx,"CBS - Household and Commercial Waste Collected, by Type of Treatment and Local Authority"
1060,לקיה,Laqye,,17074.0,,2024,6413.894788102238,0.943631966918233,29.672840777379783,70.32715922262021,,True,https://www.cbs.gov.il/he/publications/Pages/2019/פסולת-שנאספה-ברשויות-המקומיות-2014-2017.aspx,"CBS - Household and Commercial Waste Collected, by Type of Treatment and Local Authority"
,מבואות החרמון,Mevo'ot HaHermon,,8021.0,,2024,5151.691999110904,1.5858679387750976,18.82220441901905,81.17779558098096,,True,https://www.cbs.gov.il/he/publications/Pages/2019/פסולת-שנאספה-ברשויות-המקומיות-2014-2017.aspx,"CBS - Household and Commercial Waste Collected, by Type of Treatment and Local Authority"
1015,מבשרת ציון,Mevasseret Ziyyon,,25476.0,,2024,15173.907529731072,1.5800068181792557,16.981352526910644,83.01864747308936,,True,https://www.cbs.gov.il/he/publications/Pages/2019/פסולת-שנאספה-ברשויות-המקומיות-2014-2017.aspx,"CBS - Household and Commercial Waste Collected, by Type of Treatment and Local Authority"
516,מג'ד אל-כרום,Majd Al-Kurum,,14852.0,,2024,13692.161358927584,2.4624373668358235,2.101730701120836,97.89826929887917,,True,https://www.cbs.gov.il/he/publications/Pages/2019/פסולת-שנאספה-ברשויות-המקומיות-2014-2017.aspx,"CBS - Household and Commercial Waste Collected, by Type of Treatment and Local Authority"
4201,מג'דל שמס,Majdal Shams,,11103.0,,2024,10205.195512208626,2.483407182082488,7.019811735616469,92.98018826438353,,True,https://www.cbs.gov.il/he/publications/Pages/2019/פסולת-שנאספה-ברשויות-המקומיות-2014-2017.aspx,"CBS - Household and Commercial Waste Collected, by Type of Treatment and Local Authority"
481,מגאר,Mughar,,22564.0,,2024,19319.36186153262,2.2706402061194275,2.2214080599998316,97.77859194000017,,True,https://www.cbs.gov.il/he/publications/Pages/2019/פסולת-שנאספה-ברשויות-המקומיות-2014-2017.aspx,"CBS - Household and Commercial Waste Collected, by Type of Treatment and Local Authority"
65,מגדל,Migdal,,2045.0,,2024,2918.6794326675645,3.692626186704408,11.841979931029032,88.15802006897097,,True,https://www.cbs.gov.il/he/publications/Pages/2019/פסולת-שנאספה-ברשויות-המקומיות-2014-2017.aspx,"CBS - Household and Commercial Waste Collected, by Type of Treatment and Local Authority"
874,מגדל העמק,Migdal HaEmeq,,27045.0,,2024,22248.619615490217,2.1277641062647623,38.8291937423187,61.1708062576813,,True,https://www.cbs.gov.il/he/publications/Pages/2019/פסולת-שנאספה-ברשויות-המקומיות-2014-2017.aspx,"CBS - Household and Commercial Waste Collected, by Type of Treatment and Local Authority"
586,מגידו,Megiddo,,953.0,,2024,9012.719842703174,1.9471184899809668,57.45945655789902,42.54054344210098,,True,https://www.cbs.gov.il/he/publications/Pages/2019/פסולת-שנאספה-ברשויות-המקומיות-2014-2017.aspx,"CBS - Household and Commercial Waste Collected, by Type of Treatment and Local Authority"
,מגילות ים המלח,Megilot,,2243.0,,2024,2447.73240117842,2.736631776213879,8.084723684792824,91.91527631520718,,True,https://www.cbs.gov.il/he/publications/Pages/2019/פסולת-שנאספה-ברשויות-המקומיות-2014-2017.aspx,"CBS - Household and Commercial Waste Collected, by Type of Treatment and Local Authority"
3797,מודיעין עילית,Modi'in Illit,,83133.0,,2024,32919.37253591818,1.0150994304039076,29.208705376832267,70.79129462316773,,True,https://www.cbs.gov.il/he/publications/Pages/2019/פסולת-שנאספה-ברשויות-המקומיות-2014-2017.aspx,"CBS - Household and Commercial Waste Collected, by Type of Treatment and Local Authority"
1200,מודיעין-מכבים-רעות,Modi'in-Makkabbim-Re'ut,,92307.0,,2024,55973.793620644276,1.5447123094669595,18.538664166612968,81.46133583338703,,True,https://www.cbs.gov.il/he/publications/Pages/2019/פסולת-שנאספה-ברשויות-המקומיות-2014-2017.aspx,"CBS - Household and Commercial Waste Collected, by Type of Treatment and Local Authority"
28,מזכרת בתיה,Mazkeret Batya,,15858.0,,2024,9562.377242255097,1.595802754120578,21.096963559862033,78.90303644013797,,True,https://www.cbs.gov.il/he/publications/Pages/2019/פסולת-שנאספה-ברשויות-המקומיות-2014-2017.aspx,"CBS - Household and Commercial Waste Collected, by Type of Treatment and Local Authority"
517,מזרעה,Mazra'a,,3772.0,,2024,2330.873108300084,1.6397364800025915,1.8818316683087712,98.11816833169122,,True,https://www.cbs.gov.il/he/publications/Pages/2019/פסולת-שנאספה-ברשויות-המקומיות-2014-2017.aspx,"CBS - Household and Commercial Waste Collected, by Type of Treatment and Local Authority"
,מטה אשר,Matte Asher,,30980.0,,2024,24405.053412007892,2.0885926260139733,39.03969088352844,60.96030911647156,,True,https://www.cbs.gov.il/he/publications/Pages/2019/פסולת-שנאספה-ברשויות-המקומיות-2014-2017.aspx,"CBS - Household and Commercial Waste Collected, by Type of Treatment and Local Authority"
,מטה בנימין,Mate Binyamin,,76014.0,,2024,45383.0481341943,1.556919124176692,4.527954861291016,95.47204513870898,,True,https://www.cbs.gov.il/he/publications/Pages/2019/פסולת-שנאספה-ברשויות-המקומיות-2014-2017.aspx,"CBS - Household and Commercial Waste Collected, by Type of Treatment and Local Authority"
,מטה יהודה,Matte Yehuda,,59780.0,,2024,42518.1429520962,2.338788983123965,23.54297731999768,76.45702268000232,,True,https://www.cbs.gov.il/he/publications/Pages/2019/פסולת-שנאספה-ברשויות-המקומיות-2014-2017.aspx,"CBS - Household and Commercial Waste Collected, by Type of Treatment and Local Authority"
43,מטולה,Metula,,1873.0,,2024,405.4204178322083,0.5038516084251183,7.542890413788833,92.45710958621116,,True,https://www.cbs.gov.il/he/publications/Pages/2019/פסולת-שנאספה-ברשויות-המקומיות-2014-2017.aspx,"CBS - Household and Commercial Waste Collected, by Type of Treatment and Local Authority"
1268,מיתר,Metar,,11207.0,,2024,,,,,,False,https://www.cbs.gov.il/he/publications/Pages/2019/פסולת-שנאספה-ברשויות-המקומיות-2014-2017.aspx,"CBS - Household and Commercial Waste Collected, by Type of Treatment and Local Authority"
,מנשה,Menashe,,21263.0,,2024,14772.33482157141,1.7978832657849964,49.718104214958046,50.281895785041954,,True,https://www.cbs.gov.il/he/publications/Pages/2019/פסולת-שנאספה-ברשויות-המקומיות-2014-2017.aspx,"CBS - Household and Commercial Waste Collected, by Type of Treatment and Local Authority"
4203,מסעדה,Mas'ade,,4091.0,,2024,3214.7535165123127,2.112374117005792,4.546336624615447,95.45366337538455,,True,https://www.cbs.gov.il/he/publications/Pages/2019/פסולת-שנאספה-ברשויות-המקומיות-2014-2017.aspx,"CBS - Household and Commercial Waste Collected, by Type of Treatment and Local Authority"
518,מעיליא,Mi'elya,,3269.0,,2024,2130.7730896359285,1.7855129200652178,3.284868293877694,96.7151317061223,,True,https://www.cbs.gov.il/he/publications/Pages/2019/פסולת-שנאספה-ברשויות-המקומיות-2014-2017.aspx,"CBS - Household and Commercial Waste Collected, by Type of Treatment and Local Authority"
3616,מעלה אדומים,Ma'ale Adummim,,36664.0,,2024,26959.051830271954,2.01564850446458,22.203643762984566,77.79635623701544,,True,https://www.cbs.gov.il/he/publications/Pages/2019/פסולת-שנאספה-ברשויות-המקומיות-2014-2017.aspx,"CBS - Household and Commercial Waste Collected, by Type of Treatment and Local Authority"
3608,מעלה אפרים,Ma'ale Efrayim,,1635.0,,2024,614.6558908411588,0.9891270144085592,21.829432181564,78.17056781843601,,True,https://www.cbs.gov.il/he/publications/Pages/2019/פסולת-שנאספה-ברשויות-המקומיות-2014-2017.aspx,"CBS - Household and Commercial Waste Collected, by Type of Treatment and Local Authority"
,מעלה יוסף,Ma'ale Yosef,,11929.0,,2024,8021.757846340039,1.7915156924471978,3.2635969740657895,96.73640302593421,,True,https://www.cbs.gov.il/he/publications/Pages/2019/פסולת-שנאספה-ברשויות-המקומיות-2014-2017.aspx,"CBS - Household and Commercial Waste Collected, by Type of Treatment and Local Authority"
1327,מעלה עירון,Ma'ale Iron,,14865.0,,2024,,,,,,False,https://www.cbs.gov.il/he/publications/Pages/2019/פסולת-שנאספה-ברשויות-המקומיות-2014-2017.aspx,"CBS - Household and Commercial Waste Collected, by Type of Treatment and Local Authority"
1063,מעלות-תרשיחא,Ma'alot-Tarshiha,,22720.0,,2024,14213.746492066875,1.6803353273416233,2.4065892286582784,97.59341077134172,,True,https://www.cbs.gov.il/he/publications/Pages/2019/פסולת-שנאספה-ברשויות-המקומיות-2014-2017.aspx,"CBS - Household and Commercial Waste Collected, by Type of Treatment and Local Authority"
99,מצפה רמון,Mizpe Ramon,,5385.0,,2024,3531.9042904410653,1.695392047445894,5.98612739912787,94.01387260087213,,True,https://www.cbs.gov.il/he/publications/Pages/2019/פסולת-שנאספה-ברשויות-המקומיות-2014-2017.aspx,"CBS - Household and Commercial Waste Collected, by Type of Treatment and Local Authority"
,מרום הגליל,Merom HaGalil,,15541.0,,2024,15074.08579877291,2.5759466834316274,15.751574128403828,84.24842587159617,,True,https://www.cbs.gov.il/he/publications/Pages/2019/פסולת-שנאספה-ברשויות-המקומיות-2014-2017.aspx,"CBS - Household and Commercial Waste Collected, by Type of Treatment and Local Authority"
,מרחבים,Merhavim,,14544.0,,2024,12317.568258716952,2.2359214438911534,33.61400701625367,66.38599298374632,,True,https://www.cbs.gov.il/he/publications/Pages/2019/פסולת-שנאספה-ברשויות-המקומיות-2014-2017.aspx,"CBS - Household and Commercial Waste Collected, by Type of Treatment and Local Authority"
,משגב,Misgav,,29181.0,,2024,19358.568400617463,1.7354812159592223,53.81345781894278,46.18654218105721,,True,https://www.cbs.gov.il/he/publications/Pages/2019/פסולת-שנאספה-ברשויות-המקומיות-2014-2017.aspx,"CBS - Household and Commercial Waste Collected, by Type of Treatment and Local Authority"
520,משהד,Meshhed,,8499.0,,2024,4650.596133283241,1.4562385586912572,22.664538116731936,77.33546188326807,,True,https://www.cbs.gov.il/he/publications/Pages/2019/פסולת-שנאספה-ברשויות-המקומיות-2014-2017.aspx,"CBS - Household and Commercial Waste Collected, by Type of Treatment and Local Authority"
9100,נהרייה,Nahariyya,,63318.0,,2024,42464.024190260134,1.7044999568099182,14.233222841010035,85.76677715898995,,True,https://www.cbs.gov.il/he/publications/Pages/2019/פסולת-שנאספה-ברשויות-המקומיות-2014-2017.aspx,"CBS - Household and Commercial Waste Collected, by Type of Treatment and Local Authority"
,נווה מדבר,Neve Midbar,,13096.0,,2024,2829.5849468385745,0.5527280685597759,4.092294418230814,95.90770558176918,,True,https://www.cbs.gov.il/he/publications/Pages/2019/פסולת-שנאספה-ברשויות-המקומיות-2014-2017.aspx,"CBS - Household and Commercial Waste Collected, by Type of Treatment and Local Authority"
1061,נוף הגליל,Nof Hagalil,,43479.0,,2024,22982.854095398925,1.3671329001582402,26.984699418339485,73.01530058166053,,True,https://www.cbs.gov.il/he/publications/Pages/2019/פסולת-שנאספה-ברשויות-המקומיות-2014-2017.aspx,"CBS - Household and Commercial Waste Collected, by Type of Treatment and Local Authority"
,נחל שורק,Nahal Soreq,,10204.0,,2024,,,,,,False,https://www.cbs.gov.il/he/publications/Pages/2019/פסולת-שנאספה-ברשויות-המקומיות-2014-2017.aspx,"CBS - Household and Commercial Waste Collected, by Type of Treatment and Local Authority"
522,נחף,Nahef,,13446.0,,2024,10505.300095240125,2.069877317263451,1.6068088841803514,98.39319111581965,,True,https://www.cbs.gov.il/he/publications/Pages/2019/פסולת-שנאספה-ברשויות-המקומיות-2014-2017.aspx,"CBS - Household and Commercial Waste Collected, by Type of Treatment and Local Authority"
7200,נס ציונה,Nes Ziyyona,,47620.0,,2024,24059.818216236097,1.389927468243938,16.84701014698773,83.15298985301227,,True,https://www.cbs.gov.il/he/publications/Pages/2019/פסולת-שנאספה-ברשויות-המקומיות-2014-2017.aspx,"CBS - Household and Commercial Waste Collected, by Type of Treatment and Local Authority"
7300,נצרת,Nazareth,,77295.0,,2024,,,,,,False,https://www.cbs.gov.il/he/publications/Pages/2019/פסולת-שנאספה-ברשויות-המקומיות-2014-2017.aspx,"CBS - Household and Commercial Waste Collected, by Type of Treatment and Local Authority"
2500,נשר,Nesher,,22911.0,,2024,13628.267221105687,1.64671952077217,13.14266290825175,86.85733709174825,,True,https://www.cbs.gov.il/he/publications/Pages/2019/פסולת-שנאספה-ברשויות-המקומיות-2014-2017.aspx,"CBS - Household and Commercial Waste Collected, by Type of Treatment and Local Authority"
246,נתיבות,Netivot,,45024.0,,2024,37339.569467962276,1.8765512303619976,26.463359403328234,73.53664059667176,,True,https://www.cbs.gov.il/he/publications/Pages/2019/פסולת-שנאספה-ברשויות-המקומיות-2014-2017.aspx,"CBS - Household and Commercial Waste Collected, by Type of Treatment and Local Authority"
7400,נתניה,Netanya,,223920.0,,2024,147944.93925149916,1.7243659613376139,14.236228260363266,85.76377173963672,,True,https://www.cbs.gov.il/he/publications/Pages/2019/פסולת-שנאספה-ברשויות-המקומיות-2014-2017.aspx,"CBS - Household and Commercial Waste Collected, by Type of Treatment and Local Authority"
525,סאג'ור,Sajur,,4155.0,,2024,2692.3399358270663,1.7232271456106723,1.94403147725058,98.05596852274941,,True,https://www.cbs.gov.il/he/publications/Pages/2019/פסולת-שנאספה-ברשויות-המקומיות-2014-2017.aspx,"CBS - Household and Commercial Waste Collected, by Type of Treatment and Local Authority"
587,סביון,Savyon,,4494.0,,2024,7280.584277232205,4.470874423174345,30.18032885222689,69.81967114777311,,True,https://www.cbs.gov.il/he/publications/Pages/2019/פסולת-שנאספה-ברשויות-המקומיות-2014-2017.aspx,"CBS - Household and Commercial Waste Collected, by Type of Treatment and Local Authority"
7500,סח'נין,Sakhnin,,32355.0,,2024,23124.850469770805,1.896197614979673,14.022618801404713,85.9773811985953,,True,https://www.cbs.gov.il/he/publications/Pages/2019/פסולת-שנאספה-ברשויות-המקומיות-2014-2017.aspx,"CBS - Household and Commercial Waste Collected, by Type of Treatment and Local Authority"
4501,ע'ג'ר,Ghajar,,2629.0,,2024,2222.2918093906483,2.233891289913524,9.485334396676155,90.51466560332383,,True,https://www.cbs.gov.il/he/publications/Pages/2019/פסולת-שנאספה-ברשויות-המקומיות-2014-2017.aspx,"CBS - Household and Commercial Waste Collected, by Type of Treatment and Local Authority"
666,עומר,Omer,,8250.0,,2024,5953.2195339338405,1.9804736207793492,24.871886640394397,75.12811335960559,,True,https://www.cbs.gov.il/he/publications/Pages/2019/פסולת-שנאספה-ברשויות-המקומיות-2014-2017.aspx,"CBS - Household and Commercial Waste Collected, by Type of Treatment and Local Authority"
530,עיילבון,Eilabun,,5777.0,,2024,3228.553270054446,1.5176034013565587,2.154316941261835,97.84568305873816,,True,https://www.cbs.gov.il/he/publications/Pages/2019/פסולת-שנאספה-ברשויות-המקומיות-2014-2017.aspx,"CBS - Household and Commercial Waste Collected, by Type of Treatment and Local Authority"
511,עילוט,Ilut,,8561.0,,2024,4836.565483972476,1.4766662216137092,21.297871131611814,78.70212886838819,,True,https://www.cbs.gov.il/he/publications/Pages/2019/פסולת-שנאספה-ברשויות-המקומיות-2014-2017.aspx,"CBS - Household and Commercial Waste Collected, by Type of Treatment and Local Authority"
532,עין מאהל,Ein Mahel,,13485.0,,2024,5841.998239956829,1.1490756429046385,26.8743360656752,73.12566393432479,,True,https://www.cbs.gov.il/he/publications/Pages/2019/פסולת-שנאספה-ברשויות-המקומיות-2014-2017.aspx,"CBS - Household and Commercial Waste Collected, by Type of Treatment and Local Authority"
4502,עין קנייא,Ein Qiniyye,,2361.0,,2024,1302.0035050739004,1.4577576177414897,6.949559253971804,93.0504407460282,,True,https://www.cbs.gov.il/he/publications/Pages/2019/פסולת-שנאספה-ברשויות-המקומיות-2014-2017.aspx,"CBS - Household and Commercial Waste Collected, by Type of Treatment and Local Authority"
7600,עכו,Akko,,50555.0,,2024,32563.96029706777,1.6723933075460917,4.038425563324943,95.96157443667505,,True,https://www.cbs.gov.il/he/publications/Pages/2019/פסולת-שנאספה-ברשויות-המקומיות-2014-2017.aspx,"CBS - Household and Commercial Waste Collected, by Type of Treatment and Local Authority"
3660,עמנואל,Immanu'el,,4860.0,,2024,3853.52619764811,1.903300166027353,9.506077780700775,90.49392221929922,,True,https://www.cbs.gov.il/he/publications/Pages/2019/פסולת-שנאספה-ברשויות-המקומיות-2014-2017.aspx,"CBS - Household and Commercial Waste Collected, by Type of Treatment and Local Authority"
,עמק הירדן,Emeq HaYarden,,15138.0,,2024,15722.011830262054,2.7352916345081177,28.80046064808604,71.19953935191397,,True,https://www.cbs.gov.il/he/publications/Pages/2019/פסולת-שנאספה-ברשויות-המקומיות-2014-2017.aspx,"CBS - Household and Commercial Waste Collected, by Type of Treatment and Local Authority"
,עמק המעיינות,Emeq HaMa'ayanot,,15012.0,,2024,10957.676375821291,1.837778529376736,13.348417361994436,86.65158263800558,,True,https://www.cbs.gov.il/he/publications/Pages/2019/פסולת-שנאספה-ברשויות-המקומיות-2014-2017.aspx,"CBS - Household and Commercial Waste Collected, by Type of Treatment and Local Authority"
,עמק חפר,Emeq Hefer,,41826.0,,2024,26672.170857313464,1.7137934919901592,31.894913626728062,68.10508637327194,,True,https://www.cbs.gov.il/he/publications/Pages/2019/פסולת-שנאספה-ברשויות-המקומיות-2014-2017.aspx,"CBS - Household and Commercial Waste Collected, by Type of Treatment and Local Authority"
,עמק יזרעאל,Emeq Yizre'el,,40514.0,,2024,27991.207877508146,1.8505849604318603,56.644294761743744,43.355705238256256,,True,https://www.cbs.gov.il/he/publications/Pages/2019/פסולת-שנאספה-ברשויות-המקומיות-2014-2017.aspx,"CBS - Household and Commercial Waste Collected, by Type of Treatment and Local Authority"
534,עספיא,Isifya,,13060.0,,2024,,,,,,False,https://www.cbs.gov.il/he/publications/Pages/2019/פסולת-שנאספה-ברשויות-המקומיות-2014-2017.aspx,"CBS - Household and Commercial Waste Collected, by Type of Treatment and Local Authority"
7700,עפולה,Afula,,60828.0,,2024,45330.32716192801,1.8980854059798895,36.722274477447215,63.277725522552785,,True,https://www.cbs.gov.il/he/publications/Pages/2019/פסולת-שנאספה-ברשויות-המקומיות-2014-2017.aspx,"CBS - Household and Commercial Waste Collected, by Type of Treatment and Local Authority"
531,עראבה,Arrabe,,26119.0,,2024,14448.694837828634,1.4669704945105355,2.293804676121467,97.70619532387853,,True,https://www.cbs.gov.il/he/publications/Pages/2019/פסולת-שנאספה-ברשויות-המקומיות-2014-2017.aspx,"CBS - Household and Commercial Waste Collected, by Type of Treatment and Local Authority"
,ערבות הירדן,Arvot Hayarden,,6294.0,,2024,3859.264611747488,1.3863931952294992,29.81149849754758,70.18850150245243,,True,https://www.cbs.gov.il/he/publications/Pages/2019/פסולת-שנאספה-ברשויות-המקומיות-2014-2017.aspx,"CBS - Household and Commercial Waste Collected, by Type of Treatment and Local Authority"
2560,ערד,Arad,,27586.0,,2024,16672.192389323005,1.5407295776163377,23.13824300512195,76.86175699487805,,True,https://www.cbs.gov.il/he/publications/Pages/2019/פסולת-שנאספה-ברשויות-המקומיות-2014-2017.aspx,"CBS - Household and Commercial Waste Collected, by Type of Treatment and Local Authority"
637,ערערה,Ar'ara,,19919.0,,2024,12910.15154355877,1.7159209334658165,15.993782385838582,84.00621761416141,,True,https://www.cbs.gov.il/he/publications/Pages/2019/פסולת-שנאספה-ברשויות-המקומיות-2014-2017.aspx,"CBS - Household and Commercial Waste Collected, by Type of Treatment and Local Authority"
1192,ערערה-בנגב,Ar'ara-BaNegev,,19543.0,,2024,6187.128148459435,0.8054661925957013,3.7732877493019816,96.22671225069801,,True,https://www.cbs.gov.il/he/publications/Pages/2019/פסולת-שנאספה-ברשויות-המקומיות-2014-2017.aspx,"CBS - Household and Commercial Waste Collected, by Type of Treatment and Local Authority"
537,פוריידיס,Fureidis,,13108.0,,2024,,,,,,False,https://www.cbs.gov.il/he/publications/Pages/2019/פסולת-שנאספה-ברשויות-המקומיות-2014-2017.aspx,"CBS - Household and Commercial Waste Collected, by Type of Treatment and Local Authority"
535,פסוטה,Fassuta,,3358.0,,2024,1687.0080135927296,1.358594874564301,4.111895914768085,95.8881040852319,,True,https://www.cbs.gov.il/he/publications/Pages/2019/פסולת-שנאספה-ברשויות-המקומיות-2014-2017.aspx,"CBS - Household and Commercial Waste Collected, by Type of Treatment and Local Authority"
536,פקיעין (בוקייעה),Peqi'in (Buqei'a),,5919.0,,2024,3655.78742965449,1.6465322984803776,3.999724613865454,96.00027538613455,,True,https://www.cbs.gov.il/he/publications/Pages/2019/פסולת-שנאספה-ברשויות-המקומיות-2014-2017.aspx,"CBS - Household and Commercial Waste Collected, by Type of Treatment and Local Authority"
7800,פרדס חנה-כרכור,Pardes Hanna-Karkur,,44161.0,,2024,31000.93294513096,1.8417682311451136,45.001364861576185,54.998635138423815,,True,https://www.cbs.gov.il/he/publications/Pages/2019/פסולת-שנאספה-ברשויות-המקומיות-2014-2017.aspx,"CBS - Household and Commercial Waste Collected, by Type of Treatment and Local Authority"
171,פרדסייה,Pardesiyya,,7743.0,,2024,4349.188637781338,1.4964628331541558,7.355202646361287,92.64479735363871,,True,https://www.cbs.gov.il/he/publications/Pages/2019/פסולת-שנאספה-ברשויות-המקומיות-2014-2017.aspx,"CBS - Household and Commercial Waste Collected, by Type of Treatment and Local Authority"
7900,פתח תקווה,Petah Tiqwa,,264046.0,,2024,164473.91397964087,1.6814280254181344,11.603356129777053,88.39664387022296,,True,https://www.cbs.gov.il/he/publications/Pages/2019/פסולת-שנאספה-ברשויות-המקומיות-2014-2017.aspx,"CBS - Household and Commercial Waste Collected, by Type of Treatment and Local Authority"
1113,צור הדסה,Zur Hadassa,,10409.0,,2024,2167.1133042737138,0.5677820334739956,13.192817547190103,86.8071824528099,,True,https://www.cbs.gov.il/he/publications/Pages/2019/פסולת-שנאספה-ברשויות-המקומיות-2014-2017.aspx,"CBS - Household and Commercial Waste Collected, by Type of Treatment and Local Authority"
8000,צפת,Zefat,,37801.0,,2024,26029.785396601685,1.8161659566967965,16.292932623084035,83.70706737691597,,True,https://www.cbs.gov.il/he/publications/Pages/2019/פסולת-שנאספה-ברשויות-המקומיות-2014-2017.aspx,"CBS - Household and Commercial Waste Collected, by Type of Treatment and Local Authority"
3557,קדומים,Qedumim,,4470.0,,2024,2011.060520293127,1.2072206069496398,18.766243804443942,81.23375619555605,,True,https://www.cbs.gov.il/he/publications/Pages/2019/פסולת-שנאספה-ברשויות-המקומיות-2014-2017.aspx,"CBS - Household and Commercial Waste Collected, by Type of Treatment and Local Authority"
195,קדימה-צורן,Qadima- Zoran,,22153.0,,2024,11690.261529059298,1.4210401658604013,9.166959408011923,90.83304059198808,,True,https://www.cbs.gov.il/he/publications/Pages/2019/פסולת-שנאספה-ברשויות-המקומיות-2014-2017.aspx,"CBS - Household and Commercial Waste Collected, by Type of Treatment and Local Authority"
638,קלנסווה,Qalansawe,,23951.0,,2024,11230.859095341042,1.2361191135118552,12.885560072081889,87.11443992791811,,True,https://www.cbs.gov.il/he/publications/Pages/2019/פסולת-שנאספה-ברשויות-המקומיות-2014-2017.aspx,"CBS - Household and Commercial Waste Collected, by Type of Treatment and Local Authority"
4100,קצרין,Qazrin,,7633.0,,2024,5290.921921663482,1.791248254273484,10.092039337741776,89.90796066225822,,True,https://www.cbs.gov.il/he/publications/Pages/2019/פסולת-שנאספה-ברשויות-המקומיות-2014-2017.aspx,"CBS - Household and Commercial Waste Collected, by Type of Treatment and Local Authority"
2620,קריית אונו,Qiryat Ono,,41537.0,,2024,23519.002044957728,1.461108650491039,33.05430234708624,66.94569765291376,,True,https://www.cbs.gov.il/he/publications/Pages/2019/פסולת-שנאספה-ברשויות-המקומיות-2014-2017.aspx,"CBS - Household and Commercial Waste Collected, by Type of Treatment and Local Authority"
3611,קריית ארבע,Qiryat Arba,,7442.0,,2024,3474.3671720461143,1.2464891206690702,3.5493419647264997,96.45065803527349,,True,https://www.cbs.gov.il/he/publications/Pages/2019/פסולת-שנאספה-ברשויות-המקומיות-2014-2017.aspx,"CBS - Household and Commercial Waste Collected, by Type of Treatment and Local Authority"
6800,קריית אתא,Qiryat Atta,,60465.0,,2024,42520.808140965586,1.8693844388778231,48.88565911554086,51.11434088445913,,True,https://www.cbs.gov.il/he/publications/Pages/2019/פסולת-שנאספה-ברשויות-המקומיות-2014-2017.aspx,"CBS - Household and Commercial Waste Collected, by Type of Treatment and Local Authority"
9500,קריית ביאליק,Qiryat Bialik,,44806.0,,2024,28701.086705898837,1.684622282124741,10.553909463213039,89.44609053678695,,True,https://www.cbs.gov.il/he/publications/Pages/2019/פסולת-שנאספה-ברשויות-המקומיות-2014-2017.aspx,"CBS - Household and Commercial Waste Collected, by Type of Treatment and Local Authority"
2630,קריית גת,Qiryat Gat,,63386.0,,2024,42414.07663170161,1.635026236803968,25.823956104976254,74.17604389502374,,True,https://www.cbs.gov.il/he/publications/Pages/2019/פסולת-שנאספה-ברשויות-המקומיות-2014-2017.aspx,"CBS - Household and Commercial Waste Collected, by Type of Treatment and Local Authority"
2300,קריית טבעון,Qiryat Tiv'on,,17944.0,,2024,10086.954836389123,1.4622340645221277,33.336424232398564,66.66357576760143,,True,https://www.cbs.gov.il/he/publications/Pages/2019/פסולת-שנאספה-ברשויות-המקומיות-2014-2017.aspx,"CBS - Household and Commercial Waste Collected, by Type of Treatment and Local Authority"
9600,קריית ים,Qiryat Yam,,38906.0,,2024,25303.731979681164,1.6434609872581492,9.23868456067412,90.76131543932587,,True,https://www.cbs.gov.il/he/publications/Pages/2019/פסולת-שנאספה-ברשויות-המקומיות-2014-2017.aspx,"CBS - Household and Commercial Waste Collected, by Type of Treatment and Local Authority"
1137,קריית יערים,Qiryat Ye'arim,,7161.0,,2024,3435.2673130299863,1.2489803289198202,34.044832220012395,65.9551677799876,,True,https://www.cbs.gov.il/he/publications/Pages/2019/פסולת-שנאספה-ברשויות-המקומיות-2014-2017.aspx,"CBS - Household and Commercial Waste Collected, by Type of Treatment and Local Authority"
8200,קריית מוצקין,Qiryat Motzkin,,49057.0,,2024,26436.47681373673,1.4077767031288988,17.604754394951787,82.39524560504822,,True,https://www.cbs.gov.il/he/publications/Pages/2019/פסולת-שנאספה-ברשויות-המקומיות-2014-2017.aspx,"CBS - Household and Commercial Waste Collected, by Type of Treatment and Local Authority"
1034,קריית מלאכי,Qiryat Mal'akhi,,26362.0,,2024,21266.886986374135,2.1055359580191637,24.271002510528554,75.72899748947144,,True,https://www.cbs.gov.il/he/publications/Pages/2019/פסולת-שנאספה-ברשויות-המקומיות-2014-2017.aspx,"CBS - Household and Commercial Waste Collected, by Type of Treatment and Local Authority"
469,קריית עקרון,Qiryat Eqron,,11425.0,,2024,7587.193079924931,1.8478825100861156,17.409137556019598,82.59086244398041,,True,https://www.cbs.gov.il/he/publications/Pages/2019/פסולת-שנאספה-ברשויות-המקומיות-2014-2017.aspx,"CBS - Household and Commercial Waste Collected, by Type of Treatment and Local Authority"
2800,קריית שמונה,Qiryat Shemona,,23083.0,,2024,5228.227648174006,0.5810445953618486,19.40538393595673,80.59461606404327,,True,https://www.cbs.gov.il/he/publications/Pages/2019/פסולת-שנאספה-ברשויות-המקומיות-2014-2017.aspx,"CBS - Household and Commercial Waste Collected, by Type of Treatment and Local Authority"
3640,קרני שומרון,Qarne Shomeron,,10102.0,,2024,5431.68765183626,1.4190269888841525,22.082356879095773,77.91764312090422,,True,https://www.cbs.gov.il/he/publications/Pages/2019/פסולת-שנאספה-ברשויות-המקומיות-2014-2017.aspx,"CBS - Household and Commercial Waste Collected, by Type of Treatment and Local Authority"
543,ראמה,Rame,,8472.0,,2024,5666.670138786521,1.8486691674098927,2.705894908845995,97.294105091154,,True,https://www.cbs.gov.il/he/publications/Pages/2019/פסולת-שנאספה-ברשויות-המקומיות-2014-2017.aspx,"CBS - Household and Commercial Waste Collected, by Type of Treatment and Local Authority"
2640,ראש העין,Rosh HaAyin,,74572.0,,2024,41922.931173419354,1.4749789160285471,27.66054483511809,72.33945516488191,,True,https://www.cbs.gov.il/he/publications/Pages/2019/פסולת-שנאספה-ברשויות-המקומיות-2014-2017.aspx,"CBS - Household and Commercial Waste Collected, by Type of Treatment and Local Authority"
26,ראש פינה,Rosh Pinna,,3352.0,,2024,3954.2559560697346,3.2329388128424017,16.136941137820504,83.86305886217949,,True,https://www.cbs.gov.il/he/publications/Pages/2019/פסולת-שנאספה-ברשויות-המקומיות-2014-2017.aspx,"CBS - Household and Commercial Waste Collected, by Type of Treatment and Local Authority"
8300,ראשון לציון,Rishon LeZiyyon,,252413.0,,2024,,,,,,False,https://www.cbs.gov.il/he/publications/Pages/2019/פסולת-שנאספה-ברשויות-המקומיות-2014-2017.aspx,"CBS - Household and Commercial Waste Collected, by Type of Treatment and Local Authority"
1161,רהט,Rahat,,71355.0,,2024,53167.317898677364,1.8923531621164091,23.00518119418176,76.99481880581824,,True,https://www.cbs.gov.il/he/publications/Pages/2019/פסולת-שנאספה-ברשויות-המקומיות-2014-2017.aspx,"CBS - Household and Commercial Waste Collected, by Type of Treatment and Local Authority"
8400,רחובות,Rehovot,,150471.0,,2024,97176.83574169813,1.7292498848195081,15.536883791761028,84.46311620823896,,True,https://www.cbs.gov.il/he/publications/Pages/2019/פסולת-שנאספה-ברשויות-המקומיות-2014-2017.aspx,"CBS - Household and Commercial Waste Collected, by Type of Treatment and Local Authority"
542,ריינה,Reine,,17046.0,,2024,,,,,,False,https://www.cbs.gov.il/he/publications/Pages/2019/פסולת-שנאספה-ברשויות-המקומיות-2014-2017.aspx,"CBS - Household and Commercial Waste Collected, by Type of Treatment and Local Authority"
922,רכסים,Rekhasim,,13910.0,,2024,7423.753611176633,1.3705098203918347,12.680864162293037,87.31913583770697,,True,https://www.cbs.gov.il/he/publications/Pages/2019/פסולת-שנאספה-ברשויות-המקומיות-2014-2017.aspx,"CBS - Household and Commercial Waste Collected, by Type of Treatment and Local Authority"
8500,רמלה,Ramla,,81126.0,,2024,52273.99241681864,1.6832454891997277,20.466060505790885,79.53393949420912,,True,https://www.cbs.gov.il/he/publications/Pages/2019/פסולת-שנאספה-ברשויות-המקומיות-2014-2017.aspx,"CBS - Household and Commercial Waste Collected, by Type of Treatment and Local Authority"
8600,רמת גן,Ramat Gan,,165155.0,,2024,104943.62316920326,1.7031672667746938,37.84948715288845,62.15051284711155,,True,https://www.cbs.gov.il/he/publications/Pages/2019/פסולת-שנאספה-ברשויות-המקומיות-2014-2017.aspx,"CBS - Household and Commercial Waste Collected, by Type of Treatment and Local Authority"
2650,רמת השרון,Ramat HaSharon,,48986.0,,2024,39311.326453985675,2.199935949047021,33.58692683504454,66.41307316495548,,True,https://www.cbs.gov.il/he/publications/Pages/2019/פסולת-שנאספה-ברשויות-המקומיות-2014-2017.aspx,"CBS - Household and Commercial Waste Collected, by Type of Treatment and Local Authority"
122,רמת ישי,Ramat Yishay,,7880.0,,2024,5960.280006990775,2.040426623232307,28.60938588440068,71.39061411559932,,True,https://www.cbs.gov.il/he/publications/Pages/2019/פסולת-שנאספה-ברשויות-המקומיות-2014-2017.aspx,"CBS - Household and Commercial Waste Collected, by Type of Treatment and Local Authority"
,רמת נגב,Ramat Negev,,8097.0,,2024,11810.263316954752,3.7027963380301006,14.577518474826642,85.42248152517335,,True,https://www.cbs.gov.il/he/publications/Pages/2019/פסולת-שנאספה-ברשויות-המקומיות-2014-2017.aspx,"CBS - Household and Commercial Waste Collected, by Type of Treatment and Local Authority"
8700,רעננה,Ra'annana,,80155.0,,2024,51040.45548611345,1.6743019815194813,13.984730344061006,86.015269655939,,True,https://www.cbs.gov.il/he/publications/Pages/2019/פסולת-שנאספה-ברשויות-המקומיות-2014-2017.aspx,"CBS - Household and Commercial Waste Collected, by Type of Treatment and Local Authority"
913,שבלי-אום אל-גנם,Shibli-Umm Al-Ghanam,,6278.0,,2024,3428.7180159869663,1.461152277026814,2.958482310706061,97.04151768929394,,True,https://www.cbs.gov.il/he/publications/Pages/2019/פסולת-שנאספה-ברשויות-המקומיות-2014-2017.aspx,"CBS - Household and Commercial Waste Collected, by Type of Treatment and Local Authority"
1286,שגב-שלום,Segev-Shalom,,14654.0,,2024,8626.901490723332,1.5122750367859068,9.457526454900107,90.5424735450999,,True,https://www.cbs.gov.il/he/publications/Pages/2019/פסולת-שנאספה-ברשויות-המקומיות-2014-2017.aspx,"CBS - Household and Commercial Waste Collected, by Type of Treatment and Local Authority"
,שדות דן,Sedot Dan,,,,2024,14807.701904534806,2.521147581878258,14.08448331807721,85.9155166819228,,True,https://www.cbs.gov.il/he/publications/Pages/2019/פסולת-שנאספה-ברשויות-המקומיות-2014-2017.aspx,"CBS - Household and Commercial Waste Collected, by Type of Treatment and Local Authority"
,שדות נגב,Sedot Negev,,11590.0,,2024,15296.329120938088,3.392104173885526,23.612653025319986,76.38734697468001,,True,https://www.cbs.gov.il/he/publications/Pages/2019/פסולת-שנאספה-ברשויות-המקומיות-2014-2017.aspx,"CBS - Household and Commercial Waste Collected, by Type of Treatment and Local Authority"
1031,שדרות,Sederot,,31108.0,,2024,31682.713485133983,2.3887706846588714,19.28162020592205,80.71837979407796,,True,https://www.cbs.gov.il/he/publications/Pages/2019/פסולת-שנאספה-ברשויות-המקומיות-2014-2017.aspx,"CBS - Household and Commercial Waste Collected, by Type of Treatment and Local Authority"
1304,שוהם,Shoham,,21171.0,,2024,12945.428352997402,1.5023266263348622,41.342535813101925,58.65746418689808,,True,https://www.cbs.gov.il/he/publications/Pages/2019/פסולת-שנאספה-ברשויות-המקומיות-2014-2017.aspx,"CBS - Household and Commercial Waste Collected, by Type of Treatment and Local Authority"
,שומרון,Shomron,,51691.0,,2024,20184.12077840114,1.1642499297166262,20.2796486571826,79.72035134281741,,True,https://www.cbs.gov.il/he/publications/Pages/2019/פסולת-שנאספה-ברשויות-המקומיות-2014-2017.aspx,"CBS - Household and Commercial Waste Collected, by Type of Treatment and Local Authority"
812,שלומי,Shelomi,,7497.0,,2024,4731.072246366849,1.5711323358627975,7.062082947970725,92.93791705202928,,True,https://www.cbs.gov.il/he/publications/Pages/2019/פסולת-שנאספה-ברשויות-המקומיות-2014-2017.aspx,"CBS - Household and Commercial Waste Collected, by Type of Treatment and Local Authority"
538,שעב,Sha'ab,,7445.0,,2024,4799.5646303156755,1.7049584619580118,1.3266751303542166,98.67332486964578,,True,https://www.cbs.gov.il/he/publications/Pages/2019/פסולת-שנאספה-ברשויות-המקומיות-2014-2017.aspx,"CBS - Household and Commercial Waste Collected, by Type of Treatment and Local Authority"
,שער הנגב,Sha'ar HaNegev,,8917.0,,2024,3988.7808923286543,1.0866229321167031,30.665770453351588,69.33422954664842,,True,https://www.cbs.gov.il/he/publications/Pages/2019/פסולת-שנאספה-ברשויות-המקומיות-2014-2017.aspx,"CBS - Household and Commercial Waste Collected, by Type of Treatment and Local Authority"
,שער שומרון,Sha'ar Shomron,,,,2024,4653.1705674333525,1.4451524699332352,22.486400450402982,77.51359954959702,,True,https://www.cbs.gov.il/he/publications/Pages/2019/פסולת-שנאספה-ברשויות-המקומיות-2014-2017.aspx,"CBS - Household and Commercial Waste Collected, by Type of Treatment and Local Authority"
692,שפיר,Shafir,,1030.0,,2024,15319.449110171448,2.9136475843474154,20.985878010697405,79.0141219893026,,True,https://www.cbs.gov.il/he/publications/Pages/2019/פסולת-שנאספה-ברשויות-המקומיות-2014-2017.aspx,"CBS - Household and Commercial Waste Collected, by Type of Treatment and Local Authority"
8800,שפרעם,Shefar'am,,42713.0,,2024,,,,,,False,https://www.cbs.gov.il/he/publications/Pages/2019/פסולת-שנאספה-ברשויות-המקומיות-2014-2017.aspx,"CBS - Household and Commercial Waste Collected, by Type of Treatment and Local Authority"
5000,תל אביב-יפו,Tel Aviv - Yafo,,492872.0,,2024,413394.47013844334,2.282430352304205,36.48082667577486,63.51917332422515,,True,https://www.cbs.gov.il/he/publications/Pages/2019/פסולת-שנאספה-ברשויות-המקומיות-2014-2017.aspx,"CBS - Household and Commercial Waste Collected, by Type of Treatment and Local Authority"
154,תל מונד,Tel Mond,,14115.0,,2024,8660.330752160506,1.609751590458498,14.752017546694587,85.24798245330541,,True,https://www.cbs.gov.il/he/publications/Pages/2019/פסולת-שנאספה-ברשויות-המקומיות-2014-2017.aspx,"CBS - Household and Commercial Waste Collected, by Type of Treatment and Local Authority"
1054,תל שבע,Tel Sheva,,22760.0,,2024,9077.801117546094,1.0124852627127898,22.997872397874698,77.0021276021253,,True,https://www.cbs.gov.il/he/publications/Pages/2019/פסולת-שנאספה-ברשויות-המקומיות-2014-2017.aspx,"CBS - Household and Commercial Waste Collected, by Type of Treatment and Local Authority"
,תמר,Tamar,,1524.0,,2024,10863.072523546121,14.92569836021231,1.3345443771261523,98.66545562287385,,True,https://www.cbs.gov.il/he/publications/Pages/2019/פסולת-שנאספה-ברשויות-המקומיות-2014-2017.aspx,"CBS - Household and Commercial Waste Collected, by Type of Treatment and Local Authority"
